Community,Category,Event Count,Year,Month
01B,Disorder,1,2018,2
01B,Disorder,2,2018,6
01B,Disorder,1,2018,8
01B,Disorder,1,2018,10
01B,Disorder,2,2018,11
01B,Disorder,2,2018,12
01B,Disorder,2,2019,3
01B,Disorder,2,2019,5
01B,Disorder,1,2019,6
01B,Disorder,1,2019,8
01B,Disorder,1,2019,9
01B,Disorder,2,2020,4
01B,Disorder,2,2020,7
01B,Disorder,1,2020,8
01B,Disorder,1,2020,9
01B,Disorder,1,2020,10
01B,Disorder,1,2020,12
01B,Disorder,1,2021,5
01B,Disorder,1,2021,6
01B,Disorder,1,2021,7
01B,Disorder,1,2021,8
01B,Disorder,2,2021,9
01B,Disorder,1,2021,12
01B,Disorder,1,2022,1
01B,Disorder,2,2022,4
01B,Disorder,1,2022,6
01B,Disorder,1,2022,7
01B,Disorder,1,2022,8
01B,Disorder,2,2022,9
01B,Disorder,1,2022,12
01B,Disorder,1,2023,2
01B,Disorder,4,2023,9
01B,Disorder,1,2023,10
01B,Disorder,1,2024,4
01B,Disorder,1,2024,5
01F,Disorder,1,2018,9
01F,Disorder,1,2019,9
01F,Disorder,3,2020,6
01F,Disorder,1,2020,7
01F,Disorder,2,2020,9
01F,Disorder,1,2021,10
01F,Disorder,1,2022,12
01F,Disorder,1,2023,4
01F,Disorder,1,2023,6
01F,Disorder,1,2024,3
01F,Disorder,1,2024,4
01F,Disorder,1,2024,5
01I,Disorder,1,2022,9
01K,Disorder,2,2018,4
01K,Disorder,1,2018,5
01K,Disorder,1,2018,6
01K,Disorder,1,2018,7
01K,Disorder,1,2018,8
01K,Disorder,4,2018,9
01K,Disorder,1,2018,10
01K,Disorder,1,2018,12
01K,Disorder,4,2019,2
01K,Disorder,4,2019,3
01K,Disorder,1,2019,4
01K,Disorder,5,2019,5
01K,Disorder,1,2019,6
01K,Disorder,2,2019,7
01K,Disorder,4,2019,8
01K,Disorder,2,2019,10
01K,Disorder,2,2019,11
01K,Disorder,1,2019,12
01K,Disorder,1,2020,2
01K,Disorder,1,2020,3
01K,Disorder,1,2020,4
01K,Disorder,1,2020,6
01K,Disorder,1,2020,7
01K,Disorder,1,2020,8
01K,Disorder,2,2020,9
01K,Disorder,1,2020,10
01K,Disorder,1,2020,11
01K,Disorder,1,2021,1
01K,Disorder,1,2021,4
01K,Disorder,2,2021,5
01K,Disorder,1,2021,6
01K,Disorder,1,2021,7
01K,Disorder,2,2021,8
01K,Disorder,3,2021,9
01K,Disorder,4,2021,10
01K,Disorder,5,2021,11
01K,Disorder,1,2021,12
01K,Disorder,2,2022,1
01K,Disorder,2,2022,2
01K,Disorder,2,2022,3
01K,Disorder,2,2022,6
01K,Disorder,3,2022,7
01K,Disorder,4,2022,8
01K,Disorder,5,2022,9
01K,Disorder,2,2022,10
01K,Disorder,4,2022,11
01K,Disorder,1,2022,12
01K,Disorder,2,2023,1
01K,Disorder,1,2023,2
01K,Disorder,3,2023,3
01K,Disorder,3,2023,4
01K,Disorder,4,2023,5
01K,Disorder,1,2023,6
01K,Disorder,3,2023,7
01K,Disorder,3,2023,8
01K,Disorder,3,2023,10
01K,Disorder,2,2024,2
01K,Disorder,1,2024,3
01K,Disorder,2,2024,4
02B,Disorder,1,2018,8
02B,Disorder,1,2018,12
02B,Disorder,1,2019,11
02B,Disorder,1,2020,2
02B,Disorder,1,2020,8
02B,Disorder,1,2020,10
02B,Disorder,1,2020,11
02B,Disorder,1,2021,4
02B,Disorder,1,2021,7
02B,Disorder,2,2021,10
02B,Disorder,1,2022,3
02B,Disorder,1,2023,1
02C,Disorder,1,2018,3
02C,Disorder,4,2018,7
02C,Disorder,1,2018,9
02C,Disorder,1,2018,11
02C,Disorder,3,2018,12
02C,Disorder,1,2019,3
02C,Disorder,2,2019,6
02C,Disorder,6,2019,7
02C,Disorder,2,2019,8
02C,Disorder,2,2019,12
02C,Disorder,1,2020,1
02C,Disorder,1,2020,3
02C,Disorder,8,2020,4
02C,Disorder,5,2020,5
02C,Disorder,10,2020,6
02C,Disorder,7,2020,7
02C,Disorder,3,2020,8
02C,Disorder,2,2020,9
02C,Disorder,1,2020,11
02C,Disorder,3,2020,12
02C,Disorder,2,2021,3
02C,Disorder,3,2021,4
02C,Disorder,3,2021,5
02C,Disorder,1,2021,6
02C,Disorder,3,2021,7
02C,Disorder,1,2021,8
02C,Disorder,1,2021,12
02C,Disorder,1,2022,4
02C,Disorder,1,2023,2
02C,Disorder,1,2023,3
02C,Disorder,1,2023,4
02C,Disorder,1,2023,6
02C,Disorder,1,2023,9
02C,Disorder,1,2024,2
02E,Disorder,1,2018,1
02E,Disorder,1,2018,2
02E,Disorder,6,2018,3
02E,Disorder,2,2018,4
02E,Disorder,1,2018,5
02E,Disorder,2,2018,6
02E,Disorder,1,2018,8
02E,Disorder,3,2018,9
02E,Disorder,1,2018,10
02E,Disorder,3,2018,11
02E,Disorder,2,2019,2
02E,Disorder,4,2019,3
02E,Disorder,3,2019,4
02E,Disorder,2,2019,5
02E,Disorder,1,2019,8
02E,Disorder,2,2019,9
02E,Disorder,1,2019,10
02E,Disorder,2,2020,1
02E,Disorder,3,2020,2
02E,Disorder,1,2020,3
02E,Disorder,1,2020,4
02E,Disorder,3,2020,6
02E,Disorder,5,2020,8
02E,Disorder,1,2020,9
02E,Disorder,4,2020,10
02E,Disorder,4,2020,11
02E,Disorder,2,2020,12
02E,Disorder,1,2021,1
02E,Disorder,2,2021,2
02E,Disorder,1,2021,3
02E,Disorder,2,2021,4
02E,Disorder,3,2021,5
02E,Disorder,2,2021,6
02E,Disorder,1,2021,7
02E,Disorder,4,2021,8
02E,Disorder,2,2021,9
02E,Disorder,4,2021,10
02E,Disorder,5,2021,11
02E,Disorder,3,2021,12
02E,Disorder,3,2022,1
02E,Disorder,5,2022,2
02E,Disorder,4,2022,3
02E,Disorder,4,2022,4
02E,Disorder,4,2022,5
02E,Disorder,2,2022,6
02E,Disorder,7,2022,7
02E,Disorder,3,2022,8
02E,Disorder,4,2022,9
02E,Disorder,4,2022,10
02E,Disorder,2,2022,12
02E,Disorder,3,2023,1
02E,Disorder,1,2023,2
02E,Disorder,6,2023,3
02E,Disorder,1,2023,4
02E,Disorder,3,2023,5
02E,Disorder,6,2023,7
02E,Disorder,2,2023,8
02E,Disorder,4,2023,9
02E,Disorder,3,2023,10
02E,Disorder,1,2023,11
02E,Disorder,5,2024,1
02E,Disorder,1,2024,3
02E,Disorder,1,2024,4
02F,Disorder,1,2018,3
02F,Disorder,3,2018,9
02F,Disorder,1,2018,10
02F,Disorder,1,2018,12
02F,Disorder,1,2019,1
02F,Disorder,1,2019,4
02F,Disorder,1,2020,4
02F,Disorder,1,2020,5
02F,Disorder,1,2020,6
02F,Disorder,2,2020,8
02F,Disorder,1,2020,11
02F,Disorder,1,2021,1
02F,Disorder,1,2021,3
02F,Disorder,2,2021,6
02F,Disorder,1,2021,11
02F,Disorder,2,2021,12
02F,Disorder,4,2022,1
02F,Disorder,1,2022,2
02F,Disorder,3,2022,4
02F,Disorder,1,2022,6
02F,Disorder,1,2022,8
02F,Disorder,2,2022,11
02F,Disorder,1,2023,1
02F,Disorder,1,2023,5
02F,Disorder,2,2023,6
02F,Disorder,1,2023,7
02F,Disorder,1,2024,1
02F,Disorder,1,2024,2
02F,Disorder,2,2024,3
02K,Disorder,1,2018,2
02K,Disorder,1,2020,5
02K,Disorder,1,2021,1
02K,Disorder,1,2024,1
02L,Disorder,1,2018,2
02L,Disorder,1,2019,4
02L,Disorder,1,2019,8
02L,Disorder,1,2019,12
02L,Disorder,1,2020,5
02L,Disorder,1,2020,12
02L,Disorder,1,2021,5
02L,Disorder,1,2021,11
02L,Disorder,1,2021,12
02L,Disorder,1,2022,3
02L,Disorder,1,2023,2
02L,Disorder,1,2023,4
02L,Disorder,1,2023,10
02L,Disorder,1,2023,11
02L,Disorder,1,2024,1
03W,Disorder,1,2018,4
03W,Disorder,1,2019,2
03W,Disorder,1,2020,12
03W,Disorder,1,2021,7
03W,Disorder,1,2021,9
03W,Disorder,3,2021,11
03W,Disorder,2,2021,12
03W,Disorder,1,2022,1
03W,Disorder,1,2022,3
03W,Disorder,1,2022,9
03W,Disorder,1,2023,1
03W,Disorder,1,2023,2
03W,Disorder,2,2023,7
03W,Disorder,1,2023,9
03W,Disorder,1,2024,1
05D,Disorder,3,2018,4
05D,Disorder,1,2018,6
05D,Disorder,1,2018,7
05D,Disorder,1,2018,9
05D,Disorder,1,2018,10
05D,Disorder,1,2019,2
05D,Disorder,1,2019,8
05D,Disorder,2,2019,11
05D,Disorder,1,2020,7
05D,Disorder,1,2021,3
05D,Disorder,1,2021,4
05D,Disorder,1,2021,9
05D,Disorder,1,2022,1
05D,Disorder,1,2022,5
05D,Disorder,1,2023,1
05D,Disorder,1,2023,4
05D,Disorder,1,2023,6
05D,Disorder,1,2023,8
05D,Disorder,2,2023,11
05D,Disorder,1,2024,2
05F,Disorder,1,2020,12
05F,Disorder,1,2021,2
05F,Disorder,1,2021,8
05F,Disorder,1,2021,11
05F,Disorder,1,2022,2
05F,Disorder,1,2022,6
05F,Disorder,1,2022,9
05F,Disorder,1,2022,10
05F,Disorder,1,2022,12
05F,Disorder,1,2023,7
05F,Disorder,1,2024,3
05G,Disorder,1,2022,3
05G,Disorder,1,2022,8
05G,Disorder,1,2022,10
05G,Disorder,1,2024,1
06A,Disorder,1,2018,1
06A,Disorder,1,2018,6
06A,Disorder,1,2018,7
06A,Disorder,1,2018,9
06A,Disorder,1,2018,10
06A,Disorder,1,2019,2
06A,Disorder,2,2019,7
06A,Disorder,1,2019,8
06A,Disorder,2,2019,9
06A,Disorder,1,2019,12
06A,Disorder,1,2020,1
06A,Disorder,1,2020,2
06A,Disorder,1,2020,3
06A,Disorder,1,2020,5
06A,Disorder,1,2020,8
06A,Disorder,1,2020,9
06A,Disorder,1,2020,10
06A,Disorder,2,2021,4
06A,Disorder,1,2021,5
06A,Disorder,1,2021,6
06A,Disorder,1,2021,7
06A,Disorder,1,2021,8
06A,Disorder,3,2021,10
06A,Disorder,1,2022,8
06A,Disorder,1,2023,4
06A,Disorder,2,2023,6
06A,Disorder,1,2023,7
06A,Disorder,3,2023,8
06A,Disorder,6,2024,1
06A,Disorder,1,2024,2
06A,Disorder,1,2024,3
06A,Disorder,3,2024,4
06A,Disorder,1,2024,5
06B,Disorder,1,2021,4
06B,Disorder,1,2023,5
06B,Disorder,1,2024,4
06C,Disorder,1,2019,1
09D,Disorder,1,2021,4
09D,Disorder,1,2021,12
09D,Disorder,2,2022,2
09D,Disorder,1,2022,4
09D,Disorder,1,2022,6
09D,Disorder,1,2022,10
09D,Disorder,1,2022,11
09D,Disorder,1,2023,1
09D,Disorder,1,2023,9
09D,Disorder,1,2024,1
09D,Disorder,1,2024,5
09H,Disorder,1,2018,3
09H,Disorder,1,2018,4
09H,Disorder,1,2018,5
09H,Disorder,3,2018,6
09H,Disorder,2,2018,8
09H,Disorder,1,2018,10
09H,Disorder,2,2018,11
09H,Disorder,1,2019,1
09H,Disorder,3,2019,2
09H,Disorder,1,2019,4
09H,Disorder,1,2019,5
09H,Disorder,1,2019,6
09H,Disorder,1,2019,7
09H,Disorder,3,2019,9
09H,Disorder,2,2019,10
09H,Disorder,1,2019,12
09H,Disorder,1,2020,3
09H,Disorder,3,2020,4
09H,Disorder,3,2020,6
09H,Disorder,2,2020,7
09H,Disorder,1,2020,8
09H,Disorder,2,2020,9
09H,Disorder,2,2020,10
09H,Disorder,1,2020,11
09H,Disorder,4,2020,12
09H,Disorder,2,2021,1
09H,Disorder,1,2021,4
09H,Disorder,4,2021,5
09H,Disorder,1,2021,6
09H,Disorder,2,2021,7
09H,Disorder,2,2021,8
09H,Disorder,1,2021,9
09H,Disorder,2,2021,10
09H,Disorder,2,2021,11
09H,Disorder,4,2021,12
09H,Disorder,2,2022,1
09H,Disorder,2,2022,2
09H,Disorder,2,2022,6
09H,Disorder,1,2022,7
09H,Disorder,3,2022,8
09H,Disorder,1,2022,10
09H,Disorder,1,2022,11
09H,Disorder,2,2022,12
09H,Disorder,1,2023,1
09H,Disorder,1,2023,2
09H,Disorder,1,2023,3
09H,Disorder,2,2023,5
09H,Disorder,1,2023,6
09H,Disorder,2,2023,7
09H,Disorder,2,2023,8
09H,Disorder,2,2023,9
09H,Disorder,1,2023,11
09H,Disorder,1,2023,12
09H,Disorder,5,2024,1
09H,Disorder,1,2024,3
09H,Disorder,4,2024,4
09H,Disorder,1,2024,5
09K,Disorder,1,2018,4
09K,Disorder,1,2018,5
09K,Disorder,1,2018,12
09K,Disorder,2,2019,5
09K,Disorder,2,2019,6
09K,Disorder,1,2019,9
09K,Disorder,1,2019,10
09K,Disorder,1,2020,1
09K,Disorder,2,2020,4
09K,Disorder,1,2020,8
09K,Disorder,1,2020,9
09K,Disorder,1,2020,11
09K,Disorder,1,2021,6
09K,Disorder,1,2021,7
09K,Disorder,1,2021,10
09K,Disorder,2,2021,11
09K,Disorder,1,2022,1
09K,Disorder,1,2022,3
09K,Disorder,1,2022,5
09K,Disorder,1,2022,9
09K,Disorder,1,2022,10
09K,Disorder,2,2022,11
09K,Disorder,1,2023,1
09K,Disorder,2,2023,4
09K,Disorder,1,2023,6
09K,Disorder,1,2023,10
09K,Disorder,1,2023,12
09K,Disorder,1,2024,1
09K,Disorder,1,2024,2
09O,Disorder,1,2018,1
09O,Disorder,4,2018,2
09O,Disorder,6,2018,3
09O,Disorder,2,2018,4
09O,Disorder,9,2018,5
09O,Disorder,2,2018,6
09O,Disorder,3,2018,7
09O,Disorder,6,2018,8
09O,Disorder,4,2018,9
09O,Disorder,6,2018,10
09O,Disorder,5,2018,11
09O,Disorder,2,2018,12
09O,Disorder,7,2019,1
09O,Disorder,5,2019,2
09O,Disorder,4,2019,3
09O,Disorder,4,2019,4
09O,Disorder,8,2019,5
09O,Disorder,5,2019,6
09O,Disorder,8,2019,7
09O,Disorder,2,2019,8
09O,Disorder,7,2019,9
09O,Disorder,3,2019,10
09O,Disorder,4,2019,11
09O,Disorder,4,2019,12
09O,Disorder,6,2020,1
09O,Disorder,4,2020,2
09O,Disorder,4,2020,3
09O,Disorder,9,2020,4
09O,Disorder,4,2020,5
09O,Disorder,5,2020,6
09O,Disorder,3,2020,7
09O,Disorder,8,2020,8
09O,Disorder,7,2020,9
09O,Disorder,6,2020,10
09O,Disorder,4,2020,11
09O,Disorder,2,2020,12
09O,Disorder,2,2021,2
09O,Disorder,6,2021,3
09O,Disorder,3,2021,4
09O,Disorder,8,2021,5
09O,Disorder,5,2021,6
09O,Disorder,2,2021,7
09O,Disorder,3,2021,8
09O,Disorder,2,2021,9
09O,Disorder,4,2021,10
09O,Disorder,1,2021,11
09O,Disorder,2,2021,12
09O,Disorder,1,2022,1
09O,Disorder,2,2022,2
09O,Disorder,4,2022,3
09O,Disorder,2,2022,4
09O,Disorder,5,2022,5
09O,Disorder,13,2022,6
09O,Disorder,3,2022,7
09O,Disorder,2,2022,8
09O,Disorder,1,2022,9
09O,Disorder,5,2022,10
09O,Disorder,4,2022,12
09O,Disorder,3,2023,1
09O,Disorder,2,2023,2
09O,Disorder,3,2023,3
09O,Disorder,2,2023,4
09O,Disorder,1,2023,6
09O,Disorder,2,2023,7
09O,Disorder,1,2023,8
09O,Disorder,4,2023,9
09O,Disorder,2,2023,10
09O,Disorder,1,2023,11
09O,Disorder,2,2023,12
09O,Disorder,1,2024,1
09O,Disorder,4,2024,3
09O,Disorder,3,2024,4
09P,Disorder,1,2021,9
09P,Disorder,1,2022,4
09P,Disorder,1,2022,7
09P,Disorder,1,2022,11
09P,Disorder,2,2023,3
09P,Disorder,2,2023,4
09P,Disorder,2,2023,6
09P,Disorder,1,2023,7
09P,Disorder,1,2023,8
09P,Disorder,1,2023,12
09P,Disorder,1,2024,2
09P,Disorder,2,2024,4
09P,Disorder,2,2024,5
09Q,Disorder,3,2018,1
09Q,Disorder,1,2018,2
09Q,Disorder,1,2018,3
09Q,Disorder,2,2018,4
09Q,Disorder,3,2018,5
09Q,Disorder,7,2018,6
09Q,Disorder,2,2018,7
09Q,Disorder,5,2018,8
09Q,Disorder,7,2018,9
09Q,Disorder,2,2018,10
09Q,Disorder,1,2018,11
09Q,Disorder,2,2018,12
09Q,Disorder,3,2019,3
09Q,Disorder,1,2019,4
09Q,Disorder,6,2019,5
09Q,Disorder,7,2019,6
09Q,Disorder,8,2019,8
09Q,Disorder,3,2019,9
09Q,Disorder,3,2019,10
09Q,Disorder,3,2019,11
09Q,Disorder,2,2019,12
09Q,Disorder,1,2020,1
09Q,Disorder,2,2020,3
09Q,Disorder,7,2020,4
09Q,Disorder,2,2020,5
09Q,Disorder,6,2020,6
09Q,Disorder,6,2020,7
09Q,Disorder,4,2020,8
09Q,Disorder,3,2020,9
09Q,Disorder,2,2020,10
09Q,Disorder,4,2020,11
09Q,Disorder,1,2020,12
09Q,Disorder,2,2021,1
09Q,Disorder,2,2021,2
09Q,Disorder,4,2021,3
09Q,Disorder,4,2021,4
09Q,Disorder,1,2021,5
09Q,Disorder,1,2021,6
09Q,Disorder,3,2021,7
09Q,Disorder,3,2021,8
09Q,Disorder,9,2021,9
09Q,Disorder,3,2021,10
09Q,Disorder,4,2021,11
09Q,Disorder,2,2021,12
09Q,Disorder,2,2022,1
09Q,Disorder,2,2022,2
09Q,Disorder,1,2022,3
09Q,Disorder,3,2022,4
09Q,Disorder,5,2022,5
09Q,Disorder,5,2022,7
09Q,Disorder,4,2022,8
09Q,Disorder,3,2022,9
09Q,Disorder,1,2022,10
09Q,Disorder,4,2022,11
09Q,Disorder,4,2023,1
09Q,Disorder,1,2023,2
09Q,Disorder,4,2023,3
09Q,Disorder,4,2023,4
09Q,Disorder,7,2023,5
09Q,Disorder,5,2023,6
09Q,Disorder,8,2023,7
09Q,Disorder,2,2023,8
09Q,Disorder,7,2023,9
09Q,Disorder,1,2023,10
09Q,Disorder,5,2023,11
09Q,Disorder,2,2023,12
09Q,Disorder,4,2024,1
09Q,Disorder,3,2024,2
09Q,Disorder,2,2024,3
09Q,Disorder,1,2024,4
09Q,Disorder,2,2024,5
10D,Disorder,2,2018,2
10D,Disorder,2,2018,4
10D,Disorder,1,2018,5
10D,Disorder,1,2018,7
10D,Disorder,1,2018,9
10D,Disorder,1,2018,11
10D,Disorder,1,2019,1
10D,Disorder,1,2019,2
10D,Disorder,1,2019,4
10D,Disorder,1,2019,5
10D,Disorder,1,2019,6
10D,Disorder,4,2019,7
10D,Disorder,2,2019,8
10D,Disorder,1,2019,9
10D,Disorder,4,2019,10
10D,Disorder,1,2019,11
10D,Disorder,4,2020,1
10D,Disorder,1,2020,2
10D,Disorder,1,2020,3
10D,Disorder,2,2020,4
10D,Disorder,1,2020,5
10D,Disorder,2,2020,7
10D,Disorder,1,2020,8
10D,Disorder,2,2020,9
10D,Disorder,2,2020,10
10D,Disorder,1,2021,1
10D,Disorder,1,2021,3
10D,Disorder,1,2021,4
10D,Disorder,1,2021,5
10D,Disorder,1,2021,6
10D,Disorder,1,2021,7
10D,Disorder,1,2021,8
10D,Disorder,1,2021,9
10D,Disorder,4,2021,10
10D,Disorder,1,2021,11
10D,Disorder,2,2022,2
10D,Disorder,2,2022,3
10D,Disorder,1,2022,4
10D,Disorder,1,2022,5
10D,Disorder,2,2022,7
10D,Disorder,1,2022,9
10D,Disorder,1,2023,1
10D,Disorder,1,2023,5
10D,Disorder,3,2023,7
10D,Disorder,3,2023,8
10D,Disorder,1,2023,9
10D,Disorder,1,2023,10
10D,Disorder,1,2024,2
10D,Disorder,3,2024,4
10E,Disorder,1,2018,2
10E,Disorder,2,2018,5
10E,Disorder,5,2018,6
10E,Disorder,3,2018,8
10E,Disorder,4,2018,9
10E,Disorder,1,2018,10
10E,Disorder,1,2019,1
10E,Disorder,1,2019,2
10E,Disorder,3,2019,4
10E,Disorder,1,2019,5
10E,Disorder,2,2019,6
10E,Disorder,3,2019,7
10E,Disorder,2,2019,8
10E,Disorder,2,2019,10
10E,Disorder,1,2019,11
10E,Disorder,2,2019,12
10E,Disorder,1,2020,1
10E,Disorder,1,2020,2
10E,Disorder,2,2020,3
10E,Disorder,1,2020,4
10E,Disorder,5,2020,5
10E,Disorder,1,2020,6
10E,Disorder,3,2020,7
10E,Disorder,2,2020,8
10E,Disorder,5,2020,9
10E,Disorder,1,2020,10
10E,Disorder,3,2020,12
10E,Disorder,1,2021,1
10E,Disorder,2,2021,2
10E,Disorder,1,2021,3
10E,Disorder,4,2021,4
10E,Disorder,1,2021,5
10E,Disorder,2,2021,6
10E,Disorder,3,2021,7
10E,Disorder,4,2021,8
10E,Disorder,2,2021,10
10E,Disorder,1,2022,1
10E,Disorder,3,2022,2
10E,Disorder,1,2022,3
10E,Disorder,6,2022,4
10E,Disorder,6,2022,5
10E,Disorder,4,2022,6
10E,Disorder,1,2022,7
10E,Disorder,1,2022,9
10E,Disorder,2,2022,10
10E,Disorder,1,2022,11
10E,Disorder,3,2022,12
10E,Disorder,1,2023,2
10E,Disorder,2,2023,4
10E,Disorder,1,2023,5
10E,Disorder,3,2023,6
10E,Disorder,3,2023,7
10E,Disorder,1,2023,9
10E,Disorder,2,2023,10
10E,Disorder,2,2023,12
10E,Disorder,2,2024,1
10E,Disorder,4,2024,2
10E,Disorder,4,2024,3
10E,Disorder,3,2024,4
10E,Disorder,4,2024,5
12A,Disorder,4,2018,1
12A,Disorder,5,2018,2
12A,Disorder,2,2018,3
12A,Disorder,7,2018,4
12A,Disorder,1,2018,5
12A,Disorder,2,2018,6
12A,Disorder,3,2018,7
12A,Disorder,2,2018,8
12A,Disorder,5,2018,9
12A,Disorder,2,2018,10
12A,Disorder,2,2018,11
12A,Disorder,2,2018,12
12A,Disorder,2,2019,1
12A,Disorder,2,2019,2
12A,Disorder,4,2019,4
12A,Disorder,4,2019,5
12A,Disorder,1,2019,6
12A,Disorder,4,2019,7
12A,Disorder,4,2019,8
12A,Disorder,2,2019,9
12A,Disorder,4,2019,10
12A,Disorder,2,2019,11
12A,Disorder,2,2020,1
12A,Disorder,2,2020,2
12A,Disorder,1,2020,3
12A,Disorder,2,2020,5
12A,Disorder,2,2020,6
12A,Disorder,6,2020,9
12A,Disorder,3,2020,10
12A,Disorder,1,2020,11
12A,Disorder,1,2020,12
12A,Disorder,1,2021,1
12A,Disorder,8,2021,2
12A,Disorder,1,2021,3
12A,Disorder,2,2021,5
12A,Disorder,1,2021,6
12A,Disorder,6,2021,7
12A,Disorder,4,2021,8
12A,Disorder,4,2021,9
12A,Disorder,1,2021,10
12A,Disorder,4,2021,11
12A,Disorder,4,2021,12
12A,Disorder,1,2022,1
12A,Disorder,3,2022,2
12A,Disorder,2,2022,3
12A,Disorder,3,2022,5
12A,Disorder,3,2022,6
12A,Disorder,3,2022,7
12A,Disorder,3,2022,8
12A,Disorder,1,2022,9
12A,Disorder,3,2022,10
12A,Disorder,1,2022,11
12A,Disorder,1,2022,12
12A,Disorder,2,2023,1
12A,Disorder,1,2023,2
12A,Disorder,3,2023,4
12A,Disorder,2,2023,5
12A,Disorder,3,2023,6
12A,Disorder,2,2023,7
12A,Disorder,3,2023,8
12A,Disorder,3,2023,9
12A,Disorder,4,2023,10
12A,Disorder,1,2023,11
12A,Disorder,2,2023,12
12A,Disorder,6,2024,1
12A,Disorder,1,2024,3
12A,Disorder,1,2024,4
12A,Disorder,3,2024,5
12B,Disorder,2,2018,1
12B,Disorder,1,2018,2
12B,Disorder,2,2018,5
12B,Disorder,2,2018,6
12B,Disorder,1,2018,7
12B,Disorder,1,2018,8
12B,Disorder,2,2018,9
12B,Disorder,2,2018,10
12B,Disorder,3,2018,11
12B,Disorder,2,2018,12
12B,Disorder,1,2019,2
12B,Disorder,1,2019,3
12B,Disorder,4,2019,4
12B,Disorder,1,2019,5
12B,Disorder,2,2019,6
12B,Disorder,2,2019,8
12B,Disorder,3,2019,11
12B,Disorder,2,2020,6
12B,Disorder,1,2020,8
12B,Disorder,1,2020,11
12B,Disorder,2,2021,2
12B,Disorder,1,2021,3
12B,Disorder,1,2021,4
12B,Disorder,2,2022,4
12B,Disorder,1,2022,7
12B,Disorder,1,2022,9
12B,Disorder,1,2022,10
12B,Disorder,1,2022,12
12B,Disorder,1,2023,2
12B,Disorder,1,2023,4
12B,Disorder,1,2023,6
12B,Disorder,1,2023,7
12B,Disorder,1,2023,9
12B,Disorder,2,2023,11
12B,Disorder,1,2024,5
12C,Disorder,1,2018,1
12C,Disorder,1,2019,4
12C,Disorder,1,2019,10
12C,Disorder,1,2019,11
12C,Disorder,1,2020,6
12C,Disorder,1,2020,9
12C,Disorder,3,2021,7
12C,Disorder,1,2021,10
12C,Disorder,1,2021,12
12C,Disorder,1,2022,5
12C,Disorder,1,2022,6
12C,Disorder,1,2022,8
12C,Disorder,1,2023,2
12C,Disorder,1,2024,3
12C,Disorder,1,2024,4
12C,Disorder,1,2024,5
12I,Disorder,1,2018,5
12I,Disorder,1,2019,12
12I,Disorder,1,2020,1
12I,Disorder,1,2020,2
12I,Disorder,1,2020,5
12I,Disorder,1,2020,6
12I,Disorder,1,2020,7
12I,Disorder,1,2021,6
12I,Disorder,1,2022,3
12I,Disorder,1,2023,7
12I,Disorder,1,2024,1
12I,Disorder,1,2024,4
12J,Disorder,1,2018,2
12J,Disorder,1,2018,4
12J,Disorder,1,2018,6
12J,Disorder,2,2018,9
12J,Disorder,1,2018,10
12J,Disorder,1,2018,11
12J,Disorder,1,2018,12
12J,Disorder,1,2019,4
12J,Disorder,2,2019,5
12J,Disorder,1,2019,6
12J,Disorder,2,2019,7
12J,Disorder,3,2019,8
12J,Disorder,1,2019,9
12J,Disorder,1,2020,2
12J,Disorder,1,2020,3
12J,Disorder,2,2020,4
12J,Disorder,1,2020,5
12J,Disorder,1,2020,7
12J,Disorder,1,2021,2
12J,Disorder,4,2021,3
12J,Disorder,3,2021,5
12J,Disorder,1,2021,7
12J,Disorder,2,2021,8
12J,Disorder,2,2021,9
12J,Disorder,1,2021,10
12J,Disorder,1,2022,1
12J,Disorder,2,2022,4
12J,Disorder,1,2022,5
12J,Disorder,3,2022,6
12J,Disorder,2,2022,7
12J,Disorder,4,2022,8
12J,Disorder,1,2022,9
12J,Disorder,4,2022,11
12J,Disorder,1,2022,12
12J,Disorder,2,2023,2
12J,Disorder,2,2023,3
12J,Disorder,1,2023,4
12J,Disorder,2,2023,5
12J,Disorder,1,2023,6
12J,Disorder,2,2023,7
12J,Disorder,3,2023,8
12J,Disorder,1,2023,9
12J,Disorder,2,2023,10
12J,Disorder,1,2023,11
12J,Disorder,3,2023,12
12J,Disorder,1,2024,2
12K,Disorder,1,2018,10
12K,Disorder,1,2019,6
12K,Disorder,1,2019,11
12K,Disorder,2,2020,12
12K,Disorder,1,2021,10
12K,Disorder,1,2022,6
12K,Disorder,1,2023,7
12L,Disorder,1,2018,7
12L,Disorder,1,2019,5
12L,Disorder,2,2019,6
12L,Disorder,1,2019,7
12L,Disorder,1,2019,9
12L,Disorder,1,2020,3
12L,Disorder,3,2020,7
12L,Disorder,1,2020,8
12L,Disorder,1,2020,11
12L,Disorder,1,2021,4
12L,Disorder,1,2021,6
12L,Disorder,1,2021,12
12L,Disorder,2,2022,7
12L,Disorder,2,2022,8
12L,Disorder,1,2022,9
12L,Disorder,1,2023,3
12L,Disorder,1,2023,4
12L,Disorder,1,2023,5
12L,Disorder,2,2023,9
13A,Disorder,1,2019,5
13A,Disorder,1,2021,11
13A,Disorder,1,2023,8
13A,Disorder,1,2023,9
13C,Disorder,1,2018,4
13E,Disorder,1,2019,10
13E,Disorder,1,2023,4
13F,Disorder,1,2019,5
13F,Disorder,1,2021,6
13F,Disorder,2,2021,7
13F,Disorder,1,2021,9
13F,Disorder,2,2021,10
13F,Disorder,1,2021,11
13F,Disorder,1,2022,5
13F,Disorder,1,2022,9
13F,Disorder,1,2023,1
13F,Disorder,1,2023,8
13F,Disorder,2,2023,9
13G,Disorder,1,2018,4
13G,Disorder,1,2018,10
13G,Disorder,2,2018,12
13G,Disorder,1,2019,6
13G,Disorder,1,2019,7
13G,Disorder,1,2019,8
13G,Disorder,2,2019,10
13G,Disorder,1,2020,3
13G,Disorder,2,2020,4
13G,Disorder,2,2020,5
13G,Disorder,1,2020,7
13G,Disorder,1,2020,8
13G,Disorder,1,2020,12
13G,Disorder,1,2021,2
13G,Disorder,1,2021,11
13G,Disorder,2,2021,12
13G,Disorder,1,2022,6
13G,Disorder,1,2022,8
13G,Disorder,2,2022,9
13G,Disorder,1,2022,10
13G,Disorder,1,2022,12
13G,Disorder,1,2023,2
13G,Disorder,1,2023,4
13G,Disorder,1,2023,5
13G,Disorder,1,2023,6
13G,Disorder,1,2023,8
13G,Disorder,4,2023,9
13G,Disorder,1,2024,2
13G,Disorder,1,2024,4
13G,Disorder,1,2024,5
13H,Disorder,1,2018,4
13H,Disorder,1,2018,5
13H,Disorder,1,2018,6
13H,Disorder,1,2018,9
13H,Disorder,1,2018,12
13H,Disorder,1,2019,9
13M,Disorder,1,2020,11
13M,Disorder,1,2021,1
13M,Disorder,1,2021,3
13M,Disorder,1,2021,12
13M,Disorder,1,2022,8
13M,Disorder,1,2022,10
13M,Disorder,1,2023,7
13M,Disorder,1,2024,4
ABBEYDALE,Disorder,22,2018,1
ABBEYDALE,Disorder,16,2018,2
ABBEYDALE,Disorder,22,2018,3
ABBEYDALE,Disorder,35,2018,4
ABBEYDALE,Disorder,39,2018,5
ABBEYDALE,Disorder,39,2018,6
ABBEYDALE,Disorder,27,2018,7
ABBEYDALE,Disorder,32,2018,8
ABBEYDALE,Disorder,30,2018,9
ABBEYDALE,Disorder,42,2018,10
ABBEYDALE,Disorder,27,2018,11
ABBEYDALE,Disorder,30,2018,12
ABBEYDALE,Disorder,32,2019,1
ABBEYDALE,Disorder,23,2019,2
ABBEYDALE,Disorder,46,2019,3
ABBEYDALE,Disorder,35,2019,4
ABBEYDALE,Disorder,30,2019,5
ABBEYDALE,Disorder,55,2019,6
ABBEYDALE,Disorder,65,2019,7
ABBEYDALE,Disorder,30,2019,8
ABBEYDALE,Disorder,35,2019,9
ABBEYDALE,Disorder,30,2019,10
ABBEYDALE,Disorder,30,2019,11
ABBEYDALE,Disorder,22,2019,12
ABBEYDALE,Disorder,18,2020,1
ABBEYDALE,Disorder,20,2020,2
ABBEYDALE,Disorder,24,2020,3
ABBEYDALE,Disorder,34,2020,4
ABBEYDALE,Disorder,51,2020,5
ABBEYDALE,Disorder,33,2020,6
ABBEYDALE,Disorder,37,2020,7
ABBEYDALE,Disorder,47,2020,8
ABBEYDALE,Disorder,39,2020,9
ABBEYDALE,Disorder,26,2020,10
ABBEYDALE,Disorder,17,2020,11
ABBEYDALE,Disorder,34,2020,12
ABBEYDALE,Disorder,23,2021,1
ABBEYDALE,Disorder,19,2021,2
ABBEYDALE,Disorder,28,2021,3
ABBEYDALE,Disorder,44,2021,4
ABBEYDALE,Disorder,34,2021,5
ABBEYDALE,Disorder,43,2021,6
ABBEYDALE,Disorder,33,2021,7
ABBEYDALE,Disorder,25,2021,8
ABBEYDALE,Disorder,36,2021,9
ABBEYDALE,Disorder,33,2021,10
ABBEYDALE,Disorder,25,2021,11
ABBEYDALE,Disorder,22,2021,12
ABBEYDALE,Disorder,20,2022,1
ABBEYDALE,Disorder,17,2022,2
ABBEYDALE,Disorder,23,2022,3
ABBEYDALE,Disorder,26,2022,4
ABBEYDALE,Disorder,29,2022,5
ABBEYDALE,Disorder,44,2022,6
ABBEYDALE,Disorder,22,2022,7
ABBEYDALE,Disorder,40,2022,8
ABBEYDALE,Disorder,15,2022,9
ABBEYDALE,Disorder,19,2022,10
ABBEYDALE,Disorder,14,2022,11
ABBEYDALE,Disorder,20,2022,12
ABBEYDALE,Disorder,24,2023,1
ABBEYDALE,Disorder,14,2023,2
ABBEYDALE,Disorder,19,2023,3
ABBEYDALE,Disorder,20,2023,4
ABBEYDALE,Disorder,35,2023,5
ABBEYDALE,Disorder,33,2023,6
ABBEYDALE,Disorder,31,2023,7
ABBEYDALE,Disorder,30,2023,8
ABBEYDALE,Disorder,28,2023,9
ABBEYDALE,Disorder,29,2023,10
ABBEYDALE,Disorder,22,2023,11
ABBEYDALE,Disorder,23,2023,12
ABBEYDALE,Disorder,20,2024,1
ABBEYDALE,Disorder,20,2024,2
ABBEYDALE,Disorder,17,2024,3
ABBEYDALE,Disorder,17,2024,4
ABBEYDALE,Disorder,27,2024,5
ACADIA,Disorder,95,2018,1
ACADIA,Disorder,77,2018,2
ACADIA,Disorder,75,2018,3
ACADIA,Disorder,96,2018,4
ACADIA,Disorder,101,2018,5
ACADIA,Disorder,91,2018,6
ACADIA,Disorder,96,2018,7
ACADIA,Disorder,105,2018,8
ACADIA,Disorder,62,2018,9
ACADIA,Disorder,83,2018,10
ACADIA,Disorder,80,2018,11
ACADIA,Disorder,97,2018,12
ACADIA,Disorder,128,2019,1
ACADIA,Disorder,87,2019,2
ACADIA,Disorder,119,2019,3
ACADIA,Disorder,78,2019,4
ACADIA,Disorder,77,2019,5
ACADIA,Disorder,90,2019,6
ACADIA,Disorder,130,2019,7
ACADIA,Disorder,98,2019,8
ACADIA,Disorder,92,2019,9
ACADIA,Disorder,87,2019,10
ACADIA,Disorder,116,2019,11
ACADIA,Disorder,115,2019,12
ACADIA,Disorder,109,2020,1
ACADIA,Disorder,126,2020,2
ACADIA,Disorder,99,2020,3
ACADIA,Disorder,110,2020,4
ACADIA,Disorder,116,2020,5
ACADIA,Disorder,82,2020,6
ACADIA,Disorder,94,2020,7
ACADIA,Disorder,90,2020,8
ACADIA,Disorder,80,2020,9
ACADIA,Disorder,72,2020,10
ACADIA,Disorder,65,2020,11
ACADIA,Disorder,62,2020,12
ACADIA,Disorder,61,2021,1
ACADIA,Disorder,45,2021,2
ACADIA,Disorder,70,2021,3
ACADIA,Disorder,95,2021,4
ACADIA,Disorder,81,2021,5
ACADIA,Disorder,89,2021,6
ACADIA,Disorder,101,2021,7
ACADIA,Disorder,66,2021,8
ACADIA,Disorder,78,2021,9
ACADIA,Disorder,61,2021,10
ACADIA,Disorder,73,2021,11
ACADIA,Disorder,74,2021,12
ACADIA,Disorder,70,2022,1
ACADIA,Disorder,79,2022,2
ACADIA,Disorder,62,2022,3
ACADIA,Disorder,81,2022,4
ACADIA,Disorder,87,2022,5
ACADIA,Disorder,81,2022,6
ACADIA,Disorder,76,2022,7
ACADIA,Disorder,80,2022,8
ACADIA,Disorder,84,2022,9
ACADIA,Disorder,71,2022,10
ACADIA,Disorder,77,2022,11
ACADIA,Disorder,83,2022,12
ACADIA,Disorder,82,2023,1
ACADIA,Disorder,74,2023,2
ACADIA,Disorder,87,2023,3
ACADIA,Disorder,98,2023,4
ACADIA,Disorder,78,2023,5
ACADIA,Disorder,89,2023,6
ACADIA,Disorder,60,2023,7
ACADIA,Disorder,71,2023,8
ACADIA,Disorder,94,2023,9
ACADIA,Disorder,71,2023,10
ACADIA,Disorder,59,2023,11
ACADIA,Disorder,63,2023,12
ACADIA,Disorder,57,2024,1
ACADIA,Disorder,59,2024,2
ACADIA,Disorder,55,2024,3
ACADIA,Disorder,56,2024,4
ACADIA,Disorder,56,2024,5
ALBERT PARK/RADISSON HEIGHTS,Disorder,102,2018,1
ALBERT PARK/RADISSON HEIGHTS,Disorder,61,2018,2
ALBERT PARK/RADISSON HEIGHTS,Disorder,94,2018,3
ALBERT PARK/RADISSON HEIGHTS,Disorder,106,2018,4
ALBERT PARK/RADISSON HEIGHTS,Disorder,143,2018,5
ALBERT PARK/RADISSON HEIGHTS,Disorder,123,2018,6
ALBERT PARK/RADISSON HEIGHTS,Disorder,126,2018,7
ALBERT PARK/RADISSON HEIGHTS,Disorder,109,2018,8
ALBERT PARK/RADISSON HEIGHTS,Disorder,104,2018,9
ALBERT PARK/RADISSON HEIGHTS,Disorder,129,2018,10
ALBERT PARK/RADISSON HEIGHTS,Disorder,82,2018,11
ALBERT PARK/RADISSON HEIGHTS,Disorder,106,2018,12
ALBERT PARK/RADISSON HEIGHTS,Disorder,111,2019,1
ALBERT PARK/RADISSON HEIGHTS,Disorder,80,2019,2
ALBERT PARK/RADISSON HEIGHTS,Disorder,113,2019,3
ALBERT PARK/RADISSON HEIGHTS,Disorder,117,2019,4
ALBERT PARK/RADISSON HEIGHTS,Disorder,132,2019,5
ALBERT PARK/RADISSON HEIGHTS,Disorder,134,2019,6
ALBERT PARK/RADISSON HEIGHTS,Disorder,148,2019,7
ALBERT PARK/RADISSON HEIGHTS,Disorder,158,2019,8
ALBERT PARK/RADISSON HEIGHTS,Disorder,119,2019,9
ALBERT PARK/RADISSON HEIGHTS,Disorder,97,2019,10
ALBERT PARK/RADISSON HEIGHTS,Disorder,69,2019,11
ALBERT PARK/RADISSON HEIGHTS,Disorder,76,2019,12
ALBERT PARK/RADISSON HEIGHTS,Disorder,82,2020,1
ALBERT PARK/RADISSON HEIGHTS,Disorder,108,2020,2
ALBERT PARK/RADISSON HEIGHTS,Disorder,119,2020,3
ALBERT PARK/RADISSON HEIGHTS,Disorder,95,2020,4
ALBERT PARK/RADISSON HEIGHTS,Disorder,131,2020,5
ALBERT PARK/RADISSON HEIGHTS,Disorder,143,2020,6
ALBERT PARK/RADISSON HEIGHTS,Disorder,139,2020,7
ALBERT PARK/RADISSON HEIGHTS,Disorder,133,2020,8
ALBERT PARK/RADISSON HEIGHTS,Disorder,114,2020,9
ALBERT PARK/RADISSON HEIGHTS,Disorder,124,2020,10
ALBERT PARK/RADISSON HEIGHTS,Disorder,141,2020,11
ALBERT PARK/RADISSON HEIGHTS,Disorder,140,2020,12
ALBERT PARK/RADISSON HEIGHTS,Disorder,96,2021,1
ALBERT PARK/RADISSON HEIGHTS,Disorder,67,2021,2
ALBERT PARK/RADISSON HEIGHTS,Disorder,98,2021,3
ALBERT PARK/RADISSON HEIGHTS,Disorder,143,2021,4
ALBERT PARK/RADISSON HEIGHTS,Disorder,146,2021,5
ALBERT PARK/RADISSON HEIGHTS,Disorder,168,2021,6
ALBERT PARK/RADISSON HEIGHTS,Disorder,172,2021,7
ALBERT PARK/RADISSON HEIGHTS,Disorder,126,2021,8
ALBERT PARK/RADISSON HEIGHTS,Disorder,157,2021,9
ALBERT PARK/RADISSON HEIGHTS,Disorder,130,2021,10
ALBERT PARK/RADISSON HEIGHTS,Disorder,115,2021,11
ALBERT PARK/RADISSON HEIGHTS,Disorder,109,2021,12
ALBERT PARK/RADISSON HEIGHTS,Disorder,82,2022,1
ALBERT PARK/RADISSON HEIGHTS,Disorder,96,2022,2
ALBERT PARK/RADISSON HEIGHTS,Disorder,100,2022,3
ALBERT PARK/RADISSON HEIGHTS,Disorder,88,2022,4
ALBERT PARK/RADISSON HEIGHTS,Disorder,124,2022,5
ALBERT PARK/RADISSON HEIGHTS,Disorder,103,2022,6
ALBERT PARK/RADISSON HEIGHTS,Disorder,128,2022,7
ALBERT PARK/RADISSON HEIGHTS,Disorder,128,2022,8
ALBERT PARK/RADISSON HEIGHTS,Disorder,105,2022,9
ALBERT PARK/RADISSON HEIGHTS,Disorder,98,2022,10
ALBERT PARK/RADISSON HEIGHTS,Disorder,59,2022,11
ALBERT PARK/RADISSON HEIGHTS,Disorder,79,2022,12
ALBERT PARK/RADISSON HEIGHTS,Disorder,105,2023,1
ALBERT PARK/RADISSON HEIGHTS,Disorder,85,2023,2
ALBERT PARK/RADISSON HEIGHTS,Disorder,91,2023,3
ALBERT PARK/RADISSON HEIGHTS,Disorder,112,2023,4
ALBERT PARK/RADISSON HEIGHTS,Disorder,132,2023,5
ALBERT PARK/RADISSON HEIGHTS,Disorder,113,2023,6
ALBERT PARK/RADISSON HEIGHTS,Disorder,121,2023,7
ALBERT PARK/RADISSON HEIGHTS,Disorder,123,2023,8
ALBERT PARK/RADISSON HEIGHTS,Disorder,70,2023,9
ALBERT PARK/RADISSON HEIGHTS,Disorder,98,2023,10
ALBERT PARK/RADISSON HEIGHTS,Disorder,80,2023,11
ALBERT PARK/RADISSON HEIGHTS,Disorder,69,2023,12
ALBERT PARK/RADISSON HEIGHTS,Disorder,65,2024,1
ALBERT PARK/RADISSON HEIGHTS,Disorder,72,2024,2
ALBERT PARK/RADISSON HEIGHTS,Disorder,69,2024,3
ALBERT PARK/RADISSON HEIGHTS,Disorder,65,2024,4
ALBERT PARK/RADISSON HEIGHTS,Disorder,87,2024,5
ALPINE PARK,Disorder,1,2018,3
ALPINE PARK,Disorder,1,2018,6
ALPINE PARK,Disorder,1,2018,7
ALPINE PARK,Disorder,1,2018,10
ALPINE PARK,Disorder,1,2019,1
ALPINE PARK,Disorder,1,2019,11
ALPINE PARK,Disorder,1,2020,12
ALPINE PARK,Disorder,1,2021,1
ALPINE PARK,Disorder,1,2021,3
ALPINE PARK,Disorder,1,2021,11
ALPINE PARK,Disorder,1,2021,12
ALPINE PARK,Disorder,1,2022,1
ALPINE PARK,Disorder,1,2022,2
ALPINE PARK,Disorder,1,2022,5
ALPINE PARK,Disorder,1,2022,7
ALPINE PARK,Disorder,1,2022,9
ALPINE PARK,Disorder,1,2022,10
ALPINE PARK,Disorder,3,2023,2
ALPINE PARK,Disorder,2,2023,3
ALPINE PARK,Disorder,1,2023,4
ALPINE PARK,Disorder,2,2023,5
ALPINE PARK,Disorder,1,2023,7
ALPINE PARK,Disorder,2,2023,9
ALPINE PARK,Disorder,3,2023,10
ALPINE PARK,Disorder,1,2023,11
ALPINE PARK,Disorder,1,2023,12
ALPINE PARK,Disorder,5,2024,1
ALPINE PARK,Disorder,2,2024,2
ALPINE PARK,Disorder,2,2024,3
ALPINE PARK,Disorder,4,2024,4
ALTADORE,Disorder,21,2018,1
ALTADORE,Disorder,10,2018,2
ALTADORE,Disorder,15,2018,3
ALTADORE,Disorder,19,2018,4
ALTADORE,Disorder,25,2018,5
ALTADORE,Disorder,21,2018,6
ALTADORE,Disorder,29,2018,7
ALTADORE,Disorder,19,2018,8
ALTADORE,Disorder,16,2018,9
ALTADORE,Disorder,25,2018,10
ALTADORE,Disorder,23,2018,11
ALTADORE,Disorder,13,2018,12
ALTADORE,Disorder,18,2019,1
ALTADORE,Disorder,12,2019,2
ALTADORE,Disorder,23,2019,3
ALTADORE,Disorder,12,2019,4
ALTADORE,Disorder,21,2019,5
ALTADORE,Disorder,26,2019,6
ALTADORE,Disorder,17,2019,7
ALTADORE,Disorder,18,2019,8
ALTADORE,Disorder,17,2019,9
ALTADORE,Disorder,15,2019,10
ALTADORE,Disorder,30,2019,11
ALTADORE,Disorder,25,2019,12
ALTADORE,Disorder,22,2020,1
ALTADORE,Disorder,11,2020,2
ALTADORE,Disorder,18,2020,3
ALTADORE,Disorder,24,2020,4
ALTADORE,Disorder,22,2020,5
ALTADORE,Disorder,32,2020,6
ALTADORE,Disorder,36,2020,7
ALTADORE,Disorder,37,2020,8
ALTADORE,Disorder,41,2020,9
ALTADORE,Disorder,25,2020,10
ALTADORE,Disorder,24,2020,11
ALTADORE,Disorder,15,2020,12
ALTADORE,Disorder,21,2021,1
ALTADORE,Disorder,14,2021,2
ALTADORE,Disorder,24,2021,3
ALTADORE,Disorder,18,2021,4
ALTADORE,Disorder,35,2021,5
ALTADORE,Disorder,26,2021,6
ALTADORE,Disorder,19,2021,7
ALTADORE,Disorder,33,2021,8
ALTADORE,Disorder,31,2021,9
ALTADORE,Disorder,12,2021,10
ALTADORE,Disorder,17,2021,11
ALTADORE,Disorder,11,2021,12
ALTADORE,Disorder,29,2022,1
ALTADORE,Disorder,12,2022,2
ALTADORE,Disorder,22,2022,3
ALTADORE,Disorder,12,2022,4
ALTADORE,Disorder,15,2022,5
ALTADORE,Disorder,15,2022,6
ALTADORE,Disorder,22,2022,7
ALTADORE,Disorder,21,2022,8
ALTADORE,Disorder,12,2022,9
ALTADORE,Disorder,11,2022,10
ALTADORE,Disorder,9,2022,11
ALTADORE,Disorder,5,2022,12
ALTADORE,Disorder,12,2023,1
ALTADORE,Disorder,11,2023,2
ALTADORE,Disorder,12,2023,3
ALTADORE,Disorder,14,2023,4
ALTADORE,Disorder,19,2023,5
ALTADORE,Disorder,25,2023,6
ALTADORE,Disorder,16,2023,7
ALTADORE,Disorder,24,2023,8
ALTADORE,Disorder,30,2023,9
ALTADORE,Disorder,13,2023,10
ALTADORE,Disorder,11,2023,11
ALTADORE,Disorder,9,2023,12
ALTADORE,Disorder,12,2024,1
ALTADORE,Disorder,6,2024,2
ALTADORE,Disorder,10,2024,3
ALTADORE,Disorder,7,2024,4
ALTADORE,Disorder,12,2024,5
ALYTH/BONNYBROOK,Disorder,8,2018,1
ALYTH/BONNYBROOK,Disorder,4,2018,2
ALYTH/BONNYBROOK,Disorder,10,2018,3
ALYTH/BONNYBROOK,Disorder,7,2018,4
ALYTH/BONNYBROOK,Disorder,13,2018,5
ALYTH/BONNYBROOK,Disorder,12,2018,6
ALYTH/BONNYBROOK,Disorder,17,2018,7
ALYTH/BONNYBROOK,Disorder,10,2018,8
ALYTH/BONNYBROOK,Disorder,17,2018,9
ALYTH/BONNYBROOK,Disorder,13,2018,10
ALYTH/BONNYBROOK,Disorder,12,2018,11
ALYTH/BONNYBROOK,Disorder,10,2018,12
ALYTH/BONNYBROOK,Disorder,10,2019,1
ALYTH/BONNYBROOK,Disorder,8,2019,2
ALYTH/BONNYBROOK,Disorder,11,2019,3
ALYTH/BONNYBROOK,Disorder,14,2019,4
ALYTH/BONNYBROOK,Disorder,16,2019,5
ALYTH/BONNYBROOK,Disorder,8,2019,6
ALYTH/BONNYBROOK,Disorder,7,2019,7
ALYTH/BONNYBROOK,Disorder,13,2019,8
ALYTH/BONNYBROOK,Disorder,16,2019,9
ALYTH/BONNYBROOK,Disorder,10,2019,10
ALYTH/BONNYBROOK,Disorder,14,2019,11
ALYTH/BONNYBROOK,Disorder,13,2019,12
ALYTH/BONNYBROOK,Disorder,18,2020,1
ALYTH/BONNYBROOK,Disorder,6,2020,2
ALYTH/BONNYBROOK,Disorder,11,2020,3
ALYTH/BONNYBROOK,Disorder,8,2020,4
ALYTH/BONNYBROOK,Disorder,11,2020,5
ALYTH/BONNYBROOK,Disorder,10,2020,6
ALYTH/BONNYBROOK,Disorder,13,2020,7
ALYTH/BONNYBROOK,Disorder,12,2020,8
ALYTH/BONNYBROOK,Disorder,7,2020,9
ALYTH/BONNYBROOK,Disorder,9,2020,10
ALYTH/BONNYBROOK,Disorder,6,2020,11
ALYTH/BONNYBROOK,Disorder,6,2020,12
ALYTH/BONNYBROOK,Disorder,13,2021,1
ALYTH/BONNYBROOK,Disorder,5,2021,2
ALYTH/BONNYBROOK,Disorder,5,2021,3
ALYTH/BONNYBROOK,Disorder,5,2021,4
ALYTH/BONNYBROOK,Disorder,10,2021,5
ALYTH/BONNYBROOK,Disorder,4,2021,6
ALYTH/BONNYBROOK,Disorder,2,2021,7
ALYTH/BONNYBROOK,Disorder,9,2021,8
ALYTH/BONNYBROOK,Disorder,6,2021,9
ALYTH/BONNYBROOK,Disorder,9,2021,10
ALYTH/BONNYBROOK,Disorder,5,2021,11
ALYTH/BONNYBROOK,Disorder,7,2021,12
ALYTH/BONNYBROOK,Disorder,5,2022,1
ALYTH/BONNYBROOK,Disorder,11,2022,2
ALYTH/BONNYBROOK,Disorder,5,2022,3
ALYTH/BONNYBROOK,Disorder,9,2022,4
ALYTH/BONNYBROOK,Disorder,14,2022,5
ALYTH/BONNYBROOK,Disorder,10,2022,6
ALYTH/BONNYBROOK,Disorder,9,2022,7
ALYTH/BONNYBROOK,Disorder,8,2022,8
ALYTH/BONNYBROOK,Disorder,16,2022,9
ALYTH/BONNYBROOK,Disorder,7,2022,10
ALYTH/BONNYBROOK,Disorder,4,2022,11
ALYTH/BONNYBROOK,Disorder,3,2022,12
ALYTH/BONNYBROOK,Disorder,5,2023,1
ALYTH/BONNYBROOK,Disorder,3,2023,2
ALYTH/BONNYBROOK,Disorder,7,2023,3
ALYTH/BONNYBROOK,Disorder,11,2023,4
ALYTH/BONNYBROOK,Disorder,15,2023,5
ALYTH/BONNYBROOK,Disorder,12,2023,6
ALYTH/BONNYBROOK,Disorder,13,2023,7
ALYTH/BONNYBROOK,Disorder,14,2023,8
ALYTH/BONNYBROOK,Disorder,6,2023,9
ALYTH/BONNYBROOK,Disorder,9,2023,10
ALYTH/BONNYBROOK,Disorder,6,2023,11
ALYTH/BONNYBROOK,Disorder,3,2023,12
ALYTH/BONNYBROOK,Disorder,3,2024,1
ALYTH/BONNYBROOK,Disorder,3,2024,2
ALYTH/BONNYBROOK,Disorder,8,2024,3
ALYTH/BONNYBROOK,Disorder,9,2024,4
ALYTH/BONNYBROOK,Disorder,7,2024,5
AMBLETON,Disorder,1,2021,11
AMBLETON,Disorder,2,2022,1
AMBLETON,Disorder,1,2022,2
AMBLETON,Disorder,1,2022,8
AMBLETON,Disorder,1,2022,9
AMBLETON,Disorder,2,2022,10
AMBLETON,Disorder,1,2023,6
AMBLETON,Disorder,3,2023,7
AMBLETON,Disorder,1,2023,8
AMBLETON,Disorder,1,2023,9
AMBLETON,Disorder,3,2023,10
AMBLETON,Disorder,1,2023,11
AMBLETON,Disorder,1,2023,12
AMBLETON,Disorder,2,2024,1
AMBLETON,Disorder,3,2024,2
AMBLETON,Disorder,3,2024,3
AMBLETON,Disorder,1,2024,4
AMBLETON,Disorder,3,2024,5
APPLEWOOD PARK,Disorder,20,2018,1
APPLEWOOD PARK,Disorder,6,2018,2
APPLEWOOD PARK,Disorder,14,2018,3
APPLEWOOD PARK,Disorder,29,2018,4
APPLEWOOD PARK,Disorder,35,2018,5
APPLEWOOD PARK,Disorder,25,2018,6
APPLEWOOD PARK,Disorder,41,2018,7
APPLEWOOD PARK,Disorder,32,2018,8
APPLEWOOD PARK,Disorder,21,2018,9
APPLEWOOD PARK,Disorder,18,2018,10
APPLEWOOD PARK,Disorder,20,2018,11
APPLEWOOD PARK,Disorder,23,2018,12
APPLEWOOD PARK,Disorder,28,2019,1
APPLEWOOD PARK,Disorder,15,2019,2
APPLEWOOD PARK,Disorder,26,2019,3
APPLEWOOD PARK,Disorder,35,2019,4
APPLEWOOD PARK,Disorder,33,2019,5
APPLEWOOD PARK,Disorder,36,2019,6
APPLEWOOD PARK,Disorder,20,2019,7
APPLEWOOD PARK,Disorder,24,2019,8
APPLEWOOD PARK,Disorder,28,2019,9
APPLEWOOD PARK,Disorder,29,2019,10
APPLEWOOD PARK,Disorder,26,2019,11
APPLEWOOD PARK,Disorder,16,2019,12
APPLEWOOD PARK,Disorder,26,2020,1
APPLEWOOD PARK,Disorder,13,2020,2
APPLEWOOD PARK,Disorder,29,2020,3
APPLEWOOD PARK,Disorder,23,2020,4
APPLEWOOD PARK,Disorder,26,2020,5
APPLEWOOD PARK,Disorder,24,2020,6
APPLEWOOD PARK,Disorder,35,2020,7
APPLEWOOD PARK,Disorder,22,2020,8
APPLEWOOD PARK,Disorder,25,2020,9
APPLEWOOD PARK,Disorder,19,2020,10
APPLEWOOD PARK,Disorder,19,2020,11
APPLEWOOD PARK,Disorder,22,2020,12
APPLEWOOD PARK,Disorder,18,2021,1
APPLEWOOD PARK,Disorder,12,2021,2
APPLEWOOD PARK,Disorder,21,2021,3
APPLEWOOD PARK,Disorder,25,2021,4
APPLEWOOD PARK,Disorder,15,2021,5
APPLEWOOD PARK,Disorder,32,2021,6
APPLEWOOD PARK,Disorder,21,2021,7
APPLEWOOD PARK,Disorder,18,2021,8
APPLEWOOD PARK,Disorder,26,2021,9
APPLEWOOD PARK,Disorder,17,2021,10
APPLEWOOD PARK,Disorder,18,2021,11
APPLEWOOD PARK,Disorder,16,2021,12
APPLEWOOD PARK,Disorder,23,2022,1
APPLEWOOD PARK,Disorder,13,2022,2
APPLEWOOD PARK,Disorder,16,2022,3
APPLEWOOD PARK,Disorder,11,2022,4
APPLEWOOD PARK,Disorder,13,2022,5
APPLEWOOD PARK,Disorder,20,2022,6
APPLEWOOD PARK,Disorder,21,2022,7
APPLEWOOD PARK,Disorder,23,2022,8
APPLEWOOD PARK,Disorder,29,2022,9
APPLEWOOD PARK,Disorder,20,2022,10
APPLEWOOD PARK,Disorder,7,2022,11
APPLEWOOD PARK,Disorder,20,2022,12
APPLEWOOD PARK,Disorder,21,2023,1
APPLEWOOD PARK,Disorder,16,2023,2
APPLEWOOD PARK,Disorder,19,2023,3
APPLEWOOD PARK,Disorder,19,2023,4
APPLEWOOD PARK,Disorder,26,2023,5
APPLEWOOD PARK,Disorder,21,2023,6
APPLEWOOD PARK,Disorder,25,2023,7
APPLEWOOD PARK,Disorder,25,2023,8
APPLEWOOD PARK,Disorder,17,2023,9
APPLEWOOD PARK,Disorder,12,2023,10
APPLEWOOD PARK,Disorder,20,2023,11
APPLEWOOD PARK,Disorder,12,2023,12
APPLEWOOD PARK,Disorder,19,2024,1
APPLEWOOD PARK,Disorder,13,2024,2
APPLEWOOD PARK,Disorder,19,2024,3
APPLEWOOD PARK,Disorder,20,2024,4
APPLEWOOD PARK,Disorder,10,2024,5
ARBOUR LAKE,Disorder,60,2018,1
ARBOUR LAKE,Disorder,45,2018,2
ARBOUR LAKE,Disorder,50,2018,3
ARBOUR LAKE,Disorder,56,2018,4
ARBOUR LAKE,Disorder,81,2018,5
ARBOUR LAKE,Disorder,66,2018,6
ARBOUR LAKE,Disorder,59,2018,7
ARBOUR LAKE,Disorder,51,2018,8
ARBOUR LAKE,Disorder,50,2018,9
ARBOUR LAKE,Disorder,53,2018,10
ARBOUR LAKE,Disorder,47,2018,11
ARBOUR LAKE,Disorder,70,2018,12
ARBOUR LAKE,Disorder,69,2019,1
ARBOUR LAKE,Disorder,34,2019,2
ARBOUR LAKE,Disorder,49,2019,3
ARBOUR LAKE,Disorder,53,2019,4
ARBOUR LAKE,Disorder,65,2019,5
ARBOUR LAKE,Disorder,44,2019,6
ARBOUR LAKE,Disorder,52,2019,7
ARBOUR LAKE,Disorder,48,2019,8
ARBOUR LAKE,Disorder,34,2019,9
ARBOUR LAKE,Disorder,47,2019,10
ARBOUR LAKE,Disorder,42,2019,11
ARBOUR LAKE,Disorder,38,2019,12
ARBOUR LAKE,Disorder,34,2020,1
ARBOUR LAKE,Disorder,43,2020,2
ARBOUR LAKE,Disorder,45,2020,3
ARBOUR LAKE,Disorder,39,2020,4
ARBOUR LAKE,Disorder,57,2020,5
ARBOUR LAKE,Disorder,55,2020,6
ARBOUR LAKE,Disorder,53,2020,7
ARBOUR LAKE,Disorder,62,2020,8
ARBOUR LAKE,Disorder,62,2020,9
ARBOUR LAKE,Disorder,64,2020,10
ARBOUR LAKE,Disorder,61,2020,11
ARBOUR LAKE,Disorder,73,2020,12
ARBOUR LAKE,Disorder,91,2021,1
ARBOUR LAKE,Disorder,93,2021,2
ARBOUR LAKE,Disorder,78,2021,3
ARBOUR LAKE,Disorder,70,2021,4
ARBOUR LAKE,Disorder,57,2021,5
ARBOUR LAKE,Disorder,41,2021,6
ARBOUR LAKE,Disorder,45,2021,7
ARBOUR LAKE,Disorder,38,2021,8
ARBOUR LAKE,Disorder,38,2021,9
ARBOUR LAKE,Disorder,50,2021,10
ARBOUR LAKE,Disorder,49,2021,11
ARBOUR LAKE,Disorder,69,2021,12
ARBOUR LAKE,Disorder,54,2022,1
ARBOUR LAKE,Disorder,53,2022,2
ARBOUR LAKE,Disorder,55,2022,3
ARBOUR LAKE,Disorder,53,2022,4
ARBOUR LAKE,Disorder,73,2022,5
ARBOUR LAKE,Disorder,78,2022,6
ARBOUR LAKE,Disorder,46,2022,7
ARBOUR LAKE,Disorder,41,2022,8
ARBOUR LAKE,Disorder,56,2022,9
ARBOUR LAKE,Disorder,53,2022,10
ARBOUR LAKE,Disorder,77,2022,11
ARBOUR LAKE,Disorder,90,2022,12
ARBOUR LAKE,Disorder,80,2023,1
ARBOUR LAKE,Disorder,88,2023,2
ARBOUR LAKE,Disorder,89,2023,3
ARBOUR LAKE,Disorder,93,2023,4
ARBOUR LAKE,Disorder,69,2023,5
ARBOUR LAKE,Disorder,46,2023,6
ARBOUR LAKE,Disorder,64,2023,7
ARBOUR LAKE,Disorder,63,2023,8
ARBOUR LAKE,Disorder,64,2023,9
ARBOUR LAKE,Disorder,39,2023,10
ARBOUR LAKE,Disorder,113,2023,11
ARBOUR LAKE,Disorder,92,2023,12
ARBOUR LAKE,Disorder,59,2024,1
ARBOUR LAKE,Disorder,49,2024,2
ARBOUR LAKE,Disorder,59,2024,3
ARBOUR LAKE,Disorder,49,2024,4
ARBOUR LAKE,Disorder,48,2024,5
ASPEN WOODS,Disorder,14,2018,1
ASPEN WOODS,Disorder,5,2018,2
ASPEN WOODS,Disorder,9,2018,3
ASPEN WOODS,Disorder,13,2018,4
ASPEN WOODS,Disorder,17,2018,5
ASPEN WOODS,Disorder,20,2018,6
ASPEN WOODS,Disorder,17,2018,7
ASPEN WOODS,Disorder,16,2018,8
ASPEN WOODS,Disorder,17,2018,9
ASPEN WOODS,Disorder,18,2018,10
ASPEN WOODS,Disorder,12,2018,11
ASPEN WOODS,Disorder,7,2018,12
ASPEN WOODS,Disorder,8,2019,1
ASPEN WOODS,Disorder,8,2019,2
ASPEN WOODS,Disorder,10,2019,3
ASPEN WOODS,Disorder,15,2019,4
ASPEN WOODS,Disorder,12,2019,5
ASPEN WOODS,Disorder,11,2019,6
ASPEN WOODS,Disorder,9,2019,7
ASPEN WOODS,Disorder,21,2019,8
ASPEN WOODS,Disorder,15,2019,9
ASPEN WOODS,Disorder,18,2019,10
ASPEN WOODS,Disorder,10,2019,11
ASPEN WOODS,Disorder,12,2019,12
ASPEN WOODS,Disorder,13,2020,1
ASPEN WOODS,Disorder,9,2020,2
ASPEN WOODS,Disorder,7,2020,3
ASPEN WOODS,Disorder,18,2020,4
ASPEN WOODS,Disorder,21,2020,5
ASPEN WOODS,Disorder,17,2020,6
ASPEN WOODS,Disorder,11,2020,7
ASPEN WOODS,Disorder,16,2020,8
ASPEN WOODS,Disorder,20,2020,9
ASPEN WOODS,Disorder,17,2020,10
ASPEN WOODS,Disorder,13,2020,11
ASPEN WOODS,Disorder,12,2020,12
ASPEN WOODS,Disorder,12,2021,1
ASPEN WOODS,Disorder,18,2021,2
ASPEN WOODS,Disorder,14,2021,3
ASPEN WOODS,Disorder,7,2021,4
ASPEN WOODS,Disorder,10,2021,5
ASPEN WOODS,Disorder,16,2021,6
ASPEN WOODS,Disorder,22,2021,7
ASPEN WOODS,Disorder,5,2021,8
ASPEN WOODS,Disorder,11,2021,9
ASPEN WOODS,Disorder,7,2021,10
ASPEN WOODS,Disorder,11,2021,11
ASPEN WOODS,Disorder,9,2021,12
ASPEN WOODS,Disorder,6,2022,1
ASPEN WOODS,Disorder,6,2022,2
ASPEN WOODS,Disorder,9,2022,3
ASPEN WOODS,Disorder,8,2022,4
ASPEN WOODS,Disorder,11,2022,5
ASPEN WOODS,Disorder,6,2022,6
ASPEN WOODS,Disorder,10,2022,7
ASPEN WOODS,Disorder,10,2022,8
ASPEN WOODS,Disorder,18,2022,9
ASPEN WOODS,Disorder,8,2022,10
ASPEN WOODS,Disorder,8,2022,11
ASPEN WOODS,Disorder,8,2022,12
ASPEN WOODS,Disorder,8,2023,1
ASPEN WOODS,Disorder,5,2023,2
ASPEN WOODS,Disorder,17,2023,3
ASPEN WOODS,Disorder,9,2023,4
ASPEN WOODS,Disorder,11,2023,5
ASPEN WOODS,Disorder,19,2023,6
ASPEN WOODS,Disorder,10,2023,7
ASPEN WOODS,Disorder,19,2023,8
ASPEN WOODS,Disorder,6,2023,9
ASPEN WOODS,Disorder,3,2023,10
ASPEN WOODS,Disorder,9,2023,11
ASPEN WOODS,Disorder,18,2023,12
ASPEN WOODS,Disorder,10,2024,1
ASPEN WOODS,Disorder,13,2024,2
ASPEN WOODS,Disorder,7,2024,3
ASPEN WOODS,Disorder,13,2024,4
ASPEN WOODS,Disorder,11,2024,5
AUBURN BAY,Disorder,27,2018,1
AUBURN BAY,Disorder,21,2018,2
AUBURN BAY,Disorder,20,2018,3
AUBURN BAY,Disorder,29,2018,4
AUBURN BAY,Disorder,34,2018,5
AUBURN BAY,Disorder,39,2018,6
AUBURN BAY,Disorder,41,2018,7
AUBURN BAY,Disorder,36,2018,8
AUBURN BAY,Disorder,30,2018,9
AUBURN BAY,Disorder,30,2018,10
AUBURN BAY,Disorder,21,2018,11
AUBURN BAY,Disorder,24,2018,12
AUBURN BAY,Disorder,27,2019,1
AUBURN BAY,Disorder,14,2019,2
AUBURN BAY,Disorder,31,2019,3
AUBURN BAY,Disorder,16,2019,4
AUBURN BAY,Disorder,28,2019,5
AUBURN BAY,Disorder,29,2019,6
AUBURN BAY,Disorder,25,2019,7
AUBURN BAY,Disorder,21,2019,8
AUBURN BAY,Disorder,35,2019,9
AUBURN BAY,Disorder,30,2019,10
AUBURN BAY,Disorder,30,2019,11
AUBURN BAY,Disorder,25,2019,12
AUBURN BAY,Disorder,24,2020,1
AUBURN BAY,Disorder,14,2020,2
AUBURN BAY,Disorder,23,2020,3
AUBURN BAY,Disorder,30,2020,4
AUBURN BAY,Disorder,39,2020,5
AUBURN BAY,Disorder,28,2020,6
AUBURN BAY,Disorder,28,2020,7
AUBURN BAY,Disorder,40,2020,8
AUBURN BAY,Disorder,53,2020,9
AUBURN BAY,Disorder,35,2020,10
AUBURN BAY,Disorder,30,2020,11
AUBURN BAY,Disorder,29,2020,12
AUBURN BAY,Disorder,22,2021,1
AUBURN BAY,Disorder,22,2021,2
AUBURN BAY,Disorder,24,2021,3
AUBURN BAY,Disorder,21,2021,4
AUBURN BAY,Disorder,37,2021,5
AUBURN BAY,Disorder,32,2021,6
AUBURN BAY,Disorder,38,2021,7
AUBURN BAY,Disorder,37,2021,8
AUBURN BAY,Disorder,30,2021,9
AUBURN BAY,Disorder,22,2021,10
AUBURN BAY,Disorder,21,2021,11
AUBURN BAY,Disorder,17,2021,12
AUBURN BAY,Disorder,24,2022,1
AUBURN BAY,Disorder,28,2022,2
AUBURN BAY,Disorder,34,2022,3
AUBURN BAY,Disorder,37,2022,4
AUBURN BAY,Disorder,23,2022,5
AUBURN BAY,Disorder,25,2022,6
AUBURN BAY,Disorder,28,2022,7
AUBURN BAY,Disorder,21,2022,8
AUBURN BAY,Disorder,34,2022,9
AUBURN BAY,Disorder,21,2022,10
AUBURN BAY,Disorder,20,2022,11
AUBURN BAY,Disorder,20,2022,12
AUBURN BAY,Disorder,25,2023,1
AUBURN BAY,Disorder,16,2023,2
AUBURN BAY,Disorder,20,2023,3
AUBURN BAY,Disorder,29,2023,4
AUBURN BAY,Disorder,30,2023,5
AUBURN BAY,Disorder,30,2023,6
AUBURN BAY,Disorder,25,2023,7
AUBURN BAY,Disorder,27,2023,8
AUBURN BAY,Disorder,19,2023,9
AUBURN BAY,Disorder,22,2023,10
AUBURN BAY,Disorder,22,2023,11
AUBURN BAY,Disorder,21,2023,12
AUBURN BAY,Disorder,23,2024,1
AUBURN BAY,Disorder,18,2024,2
AUBURN BAY,Disorder,17,2024,3
AUBURN BAY,Disorder,29,2024,4
AUBURN BAY,Disorder,29,2024,5
AURORA BUSINESS PARK,Disorder,1,2018,1
AURORA BUSINESS PARK,Disorder,4,2018,2
AURORA BUSINESS PARK,Disorder,5,2018,3
AURORA BUSINESS PARK,Disorder,4,2018,4
AURORA BUSINESS PARK,Disorder,3,2018,5
AURORA BUSINESS PARK,Disorder,2,2018,7
AURORA BUSINESS PARK,Disorder,4,2018,8
AURORA BUSINESS PARK,Disorder,2,2018,9
AURORA BUSINESS PARK,Disorder,4,2018,10
AURORA BUSINESS PARK,Disorder,1,2018,12
AURORA BUSINESS PARK,Disorder,1,2019,2
AURORA BUSINESS PARK,Disorder,6,2019,3
AURORA BUSINESS PARK,Disorder,3,2019,4
AURORA BUSINESS PARK,Disorder,5,2019,5
AURORA BUSINESS PARK,Disorder,2,2019,6
AURORA BUSINESS PARK,Disorder,1,2019,7
AURORA BUSINESS PARK,Disorder,4,2019,8
AURORA BUSINESS PARK,Disorder,5,2019,9
AURORA BUSINESS PARK,Disorder,3,2019,10
AURORA BUSINESS PARK,Disorder,4,2019,11
AURORA BUSINESS PARK,Disorder,1,2020,1
AURORA BUSINESS PARK,Disorder,2,2020,2
AURORA BUSINESS PARK,Disorder,2,2020,3
AURORA BUSINESS PARK,Disorder,6,2020,5
AURORA BUSINESS PARK,Disorder,1,2020,6
AURORA BUSINESS PARK,Disorder,7,2020,7
AURORA BUSINESS PARK,Disorder,3,2020,8
AURORA BUSINESS PARK,Disorder,4,2020,9
AURORA BUSINESS PARK,Disorder,5,2020,10
AURORA BUSINESS PARK,Disorder,4,2020,11
AURORA BUSINESS PARK,Disorder,5,2020,12
AURORA BUSINESS PARK,Disorder,2,2021,1
AURORA BUSINESS PARK,Disorder,2,2021,2
AURORA BUSINESS PARK,Disorder,3,2021,3
AURORA BUSINESS PARK,Disorder,6,2021,4
AURORA BUSINESS PARK,Disorder,1,2021,5
AURORA BUSINESS PARK,Disorder,6,2021,6
AURORA BUSINESS PARK,Disorder,3,2021,7
AURORA BUSINESS PARK,Disorder,1,2021,8
AURORA BUSINESS PARK,Disorder,9,2021,9
AURORA BUSINESS PARK,Disorder,2,2021,10
AURORA BUSINESS PARK,Disorder,6,2021,11
AURORA BUSINESS PARK,Disorder,4,2021,12
AURORA BUSINESS PARK,Disorder,2,2022,1
AURORA BUSINESS PARK,Disorder,6,2022,2
AURORA BUSINESS PARK,Disorder,1,2022,3
AURORA BUSINESS PARK,Disorder,4,2022,4
AURORA BUSINESS PARK,Disorder,2,2022,5
AURORA BUSINESS PARK,Disorder,3,2022,6
AURORA BUSINESS PARK,Disorder,6,2022,7
AURORA BUSINESS PARK,Disorder,2,2022,8
AURORA BUSINESS PARK,Disorder,4,2022,9
AURORA BUSINESS PARK,Disorder,4,2022,10
AURORA BUSINESS PARK,Disorder,1,2022,11
AURORA BUSINESS PARK,Disorder,3,2022,12
AURORA BUSINESS PARK,Disorder,4,2023,1
AURORA BUSINESS PARK,Disorder,5,2023,2
AURORA BUSINESS PARK,Disorder,3,2023,3
AURORA BUSINESS PARK,Disorder,4,2023,4
AURORA BUSINESS PARK,Disorder,2,2023,5
AURORA BUSINESS PARK,Disorder,7,2023,6
AURORA BUSINESS PARK,Disorder,3,2023,7
AURORA BUSINESS PARK,Disorder,8,2023,9
AURORA BUSINESS PARK,Disorder,2,2023,10
AURORA BUSINESS PARK,Disorder,2,2023,11
AURORA BUSINESS PARK,Disorder,5,2023,12
AURORA BUSINESS PARK,Disorder,1,2024,1
AURORA BUSINESS PARK,Disorder,4,2024,2
AURORA BUSINESS PARK,Disorder,5,2024,4
AURORA BUSINESS PARK,Disorder,7,2024,5
BANFF TRAIL,Disorder,55,2018,1
BANFF TRAIL,Disorder,38,2018,2
BANFF TRAIL,Disorder,50,2018,3
BANFF TRAIL,Disorder,52,2018,4
BANFF TRAIL,Disorder,41,2018,5
BANFF TRAIL,Disorder,45,2018,6
BANFF TRAIL,Disorder,49,2018,7
BANFF TRAIL,Disorder,50,2018,8
BANFF TRAIL,Disorder,65,2018,9
BANFF TRAIL,Disorder,56,2018,10
BANFF TRAIL,Disorder,44,2018,11
BANFF TRAIL,Disorder,46,2018,12
BANFF TRAIL,Disorder,55,2019,1
BANFF TRAIL,Disorder,23,2019,2
BANFF TRAIL,Disorder,43,2019,3
BANFF TRAIL,Disorder,67,2019,4
BANFF TRAIL,Disorder,48,2019,5
BANFF TRAIL,Disorder,35,2019,6
BANFF TRAIL,Disorder,36,2019,7
BANFF TRAIL,Disorder,35,2019,8
BANFF TRAIL,Disorder,43,2019,9
BANFF TRAIL,Disorder,41,2019,10
BANFF TRAIL,Disorder,40,2019,11
BANFF TRAIL,Disorder,36,2019,12
BANFF TRAIL,Disorder,45,2020,1
BANFF TRAIL,Disorder,37,2020,2
BANFF TRAIL,Disorder,32,2020,3
BANFF TRAIL,Disorder,41,2020,4
BANFF TRAIL,Disorder,63,2020,5
BANFF TRAIL,Disorder,53,2020,6
BANFF TRAIL,Disorder,69,2020,7
BANFF TRAIL,Disorder,43,2020,8
BANFF TRAIL,Disorder,45,2020,9
BANFF TRAIL,Disorder,49,2020,10
BANFF TRAIL,Disorder,36,2020,11
BANFF TRAIL,Disorder,56,2020,12
BANFF TRAIL,Disorder,54,2021,1
BANFF TRAIL,Disorder,48,2021,2
BANFF TRAIL,Disorder,55,2021,3
BANFF TRAIL,Disorder,70,2021,4
BANFF TRAIL,Disorder,74,2021,5
BANFF TRAIL,Disorder,62,2021,6
BANFF TRAIL,Disorder,83,2021,7
BANFF TRAIL,Disorder,57,2021,8
BANFF TRAIL,Disorder,76,2021,9
BANFF TRAIL,Disorder,90,2021,10
BANFF TRAIL,Disorder,82,2021,11
BANFF TRAIL,Disorder,75,2021,12
BANFF TRAIL,Disorder,74,2022,1
BANFF TRAIL,Disorder,93,2022,2
BANFF TRAIL,Disorder,100,2022,3
BANFF TRAIL,Disorder,89,2022,4
BANFF TRAIL,Disorder,114,2022,5
BANFF TRAIL,Disorder,61,2022,6
BANFF TRAIL,Disorder,57,2022,7
BANFF TRAIL,Disorder,52,2022,8
BANFF TRAIL,Disorder,65,2022,9
BANFF TRAIL,Disorder,68,2022,10
BANFF TRAIL,Disorder,51,2022,11
BANFF TRAIL,Disorder,44,2022,12
BANFF TRAIL,Disorder,47,2023,1
BANFF TRAIL,Disorder,42,2023,2
BANFF TRAIL,Disorder,44,2023,3
BANFF TRAIL,Disorder,51,2023,4
BANFF TRAIL,Disorder,45,2023,5
BANFF TRAIL,Disorder,54,2023,6
BANFF TRAIL,Disorder,43,2023,7
BANFF TRAIL,Disorder,23,2023,8
BANFF TRAIL,Disorder,46,2023,9
BANFF TRAIL,Disorder,34,2023,10
BANFF TRAIL,Disorder,48,2023,11
BANFF TRAIL,Disorder,40,2023,12
BANFF TRAIL,Disorder,37,2024,1
BANFF TRAIL,Disorder,41,2024,2
BANFF TRAIL,Disorder,41,2024,3
BANFF TRAIL,Disorder,41,2024,4
BANFF TRAIL,Disorder,54,2024,5
BANKVIEW,Disorder,55,2018,1
BANKVIEW,Disorder,49,2018,2
BANKVIEW,Disorder,55,2018,3
BANKVIEW,Disorder,86,2018,4
BANKVIEW,Disorder,109,2018,5
BANKVIEW,Disorder,77,2018,6
BANKVIEW,Disorder,93,2018,7
BANKVIEW,Disorder,72,2018,8
BANKVIEW,Disorder,65,2018,9
BANKVIEW,Disorder,61,2018,10
BANKVIEW,Disorder,65,2018,11
BANKVIEW,Disorder,47,2018,12
BANKVIEW,Disorder,48,2019,1
BANKVIEW,Disorder,40,2019,2
BANKVIEW,Disorder,59,2019,3
BANKVIEW,Disorder,70,2019,4
BANKVIEW,Disorder,98,2019,5
BANKVIEW,Disorder,93,2019,6
BANKVIEW,Disorder,86,2019,7
BANKVIEW,Disorder,66,2019,8
BANKVIEW,Disorder,82,2019,9
BANKVIEW,Disorder,64,2019,10
BANKVIEW,Disorder,72,2019,11
BANKVIEW,Disorder,49,2019,12
BANKVIEW,Disorder,48,2020,1
BANKVIEW,Disorder,42,2020,2
BANKVIEW,Disorder,60,2020,3
BANKVIEW,Disorder,87,2020,4
BANKVIEW,Disorder,79,2020,5
BANKVIEW,Disorder,79,2020,6
BANKVIEW,Disorder,73,2020,7
BANKVIEW,Disorder,39,2020,8
BANKVIEW,Disorder,40,2020,9
BANKVIEW,Disorder,43,2020,10
BANKVIEW,Disorder,34,2020,11
BANKVIEW,Disorder,62,2020,12
BANKVIEW,Disorder,40,2021,1
BANKVIEW,Disorder,43,2021,2
BANKVIEW,Disorder,45,2021,3
BANKVIEW,Disorder,59,2021,4
BANKVIEW,Disorder,51,2021,5
BANKVIEW,Disorder,60,2021,6
BANKVIEW,Disorder,60,2021,7
BANKVIEW,Disorder,56,2021,8
BANKVIEW,Disorder,39,2021,9
BANKVIEW,Disorder,48,2021,10
BANKVIEW,Disorder,63,2021,11
BANKVIEW,Disorder,36,2021,12
BANKVIEW,Disorder,35,2022,1
BANKVIEW,Disorder,35,2022,2
BANKVIEW,Disorder,61,2022,3
BANKVIEW,Disorder,42,2022,4
BANKVIEW,Disorder,72,2022,5
BANKVIEW,Disorder,56,2022,6
BANKVIEW,Disorder,47,2022,7
BANKVIEW,Disorder,36,2022,8
BANKVIEW,Disorder,59,2022,9
BANKVIEW,Disorder,65,2022,10
BANKVIEW,Disorder,40,2022,11
BANKVIEW,Disorder,48,2022,12
BANKVIEW,Disorder,56,2023,1
BANKVIEW,Disorder,59,2023,2
BANKVIEW,Disorder,53,2023,3
BANKVIEW,Disorder,53,2023,4
BANKVIEW,Disorder,56,2023,5
BANKVIEW,Disorder,32,2023,6
BANKVIEW,Disorder,48,2023,7
BANKVIEW,Disorder,63,2023,8
BANKVIEW,Disorder,39,2023,9
BANKVIEW,Disorder,36,2023,10
BANKVIEW,Disorder,40,2023,11
BANKVIEW,Disorder,48,2023,12
BANKVIEW,Disorder,29,2024,1
BANKVIEW,Disorder,26,2024,2
BANKVIEW,Disorder,25,2024,3
BANKVIEW,Disorder,34,2024,4
BANKVIEW,Disorder,34,2024,5
BAYVIEW,Disorder,1,2018,1
BAYVIEW,Disorder,1,2018,3
BAYVIEW,Disorder,6,2018,4
BAYVIEW,Disorder,3,2018,5
BAYVIEW,Disorder,5,2018,6
BAYVIEW,Disorder,5,2018,7
BAYVIEW,Disorder,3,2018,8
BAYVIEW,Disorder,2,2018,9
BAYVIEW,Disorder,5,2018,10
BAYVIEW,Disorder,2,2018,11
BAYVIEW,Disorder,1,2018,12
BAYVIEW,Disorder,3,2019,1
BAYVIEW,Disorder,3,2019,2
BAYVIEW,Disorder,2,2019,3
BAYVIEW,Disorder,5,2019,4
BAYVIEW,Disorder,8,2019,5
BAYVIEW,Disorder,3,2019,6
BAYVIEW,Disorder,4,2019,7
BAYVIEW,Disorder,4,2019,8
BAYVIEW,Disorder,8,2019,9
BAYVIEW,Disorder,3,2019,10
BAYVIEW,Disorder,1,2019,11
BAYVIEW,Disorder,1,2019,12
BAYVIEW,Disorder,2,2020,1
BAYVIEW,Disorder,3,2020,2
BAYVIEW,Disorder,3,2020,3
BAYVIEW,Disorder,2,2020,4
BAYVIEW,Disorder,2,2020,5
BAYVIEW,Disorder,2,2020,6
BAYVIEW,Disorder,5,2020,7
BAYVIEW,Disorder,6,2020,8
BAYVIEW,Disorder,3,2020,9
BAYVIEW,Disorder,5,2020,10
BAYVIEW,Disorder,1,2020,11
BAYVIEW,Disorder,4,2020,12
BAYVIEW,Disorder,1,2021,1
BAYVIEW,Disorder,2,2021,3
BAYVIEW,Disorder,2,2021,4
BAYVIEW,Disorder,7,2021,5
BAYVIEW,Disorder,5,2021,6
BAYVIEW,Disorder,3,2021,7
BAYVIEW,Disorder,6,2021,8
BAYVIEW,Disorder,5,2021,9
BAYVIEW,Disorder,1,2021,10
BAYVIEW,Disorder,1,2021,11
BAYVIEW,Disorder,1,2021,12
BAYVIEW,Disorder,3,2022,1
BAYVIEW,Disorder,2,2022,2
BAYVIEW,Disorder,3,2022,3
BAYVIEW,Disorder,3,2022,4
BAYVIEW,Disorder,4,2022,5
BAYVIEW,Disorder,2,2022,6
BAYVIEW,Disorder,3,2022,7
BAYVIEW,Disorder,6,2022,8
BAYVIEW,Disorder,4,2022,9
BAYVIEW,Disorder,5,2022,10
BAYVIEW,Disorder,2,2022,11
BAYVIEW,Disorder,1,2022,12
BAYVIEW,Disorder,1,2023,1
BAYVIEW,Disorder,2,2023,2
BAYVIEW,Disorder,1,2023,3
BAYVIEW,Disorder,2,2023,4
BAYVIEW,Disorder,1,2023,5
BAYVIEW,Disorder,5,2023,6
BAYVIEW,Disorder,4,2023,7
BAYVIEW,Disorder,1,2023,8
BAYVIEW,Disorder,3,2023,9
BAYVIEW,Disorder,2,2023,10
BAYVIEW,Disorder,1,2023,11
BAYVIEW,Disorder,2,2023,12
BAYVIEW,Disorder,1,2024,1
BAYVIEW,Disorder,1,2024,2
BAYVIEW,Disorder,5,2024,3
BAYVIEW,Disorder,4,2024,4
BAYVIEW,Disorder,1,2024,5
BEDDINGTON HEIGHTS,Disorder,24,2018,1
BEDDINGTON HEIGHTS,Disorder,30,2018,2
BEDDINGTON HEIGHTS,Disorder,33,2018,3
BEDDINGTON HEIGHTS,Disorder,23,2018,4
BEDDINGTON HEIGHTS,Disorder,51,2018,5
BEDDINGTON HEIGHTS,Disorder,45,2018,6
BEDDINGTON HEIGHTS,Disorder,47,2018,7
BEDDINGTON HEIGHTS,Disorder,37,2018,8
BEDDINGTON HEIGHTS,Disorder,41,2018,9
BEDDINGTON HEIGHTS,Disorder,38,2018,10
BEDDINGTON HEIGHTS,Disorder,30,2018,11
BEDDINGTON HEIGHTS,Disorder,30,2018,12
BEDDINGTON HEIGHTS,Disorder,39,2019,1
BEDDINGTON HEIGHTS,Disorder,18,2019,2
BEDDINGTON HEIGHTS,Disorder,49,2019,3
BEDDINGTON HEIGHTS,Disorder,33,2019,4
BEDDINGTON HEIGHTS,Disorder,55,2019,5
BEDDINGTON HEIGHTS,Disorder,42,2019,6
BEDDINGTON HEIGHTS,Disorder,44,2019,7
BEDDINGTON HEIGHTS,Disorder,47,2019,8
BEDDINGTON HEIGHTS,Disorder,35,2019,9
BEDDINGTON HEIGHTS,Disorder,33,2019,10
BEDDINGTON HEIGHTS,Disorder,45,2019,11
BEDDINGTON HEIGHTS,Disorder,36,2019,12
BEDDINGTON HEIGHTS,Disorder,37,2020,1
BEDDINGTON HEIGHTS,Disorder,38,2020,2
BEDDINGTON HEIGHTS,Disorder,27,2020,3
BEDDINGTON HEIGHTS,Disorder,55,2020,4
BEDDINGTON HEIGHTS,Disorder,68,2020,5
BEDDINGTON HEIGHTS,Disorder,70,2020,6
BEDDINGTON HEIGHTS,Disorder,66,2020,7
BEDDINGTON HEIGHTS,Disorder,46,2020,8
BEDDINGTON HEIGHTS,Disorder,50,2020,9
BEDDINGTON HEIGHTS,Disorder,41,2020,10
BEDDINGTON HEIGHTS,Disorder,41,2020,11
BEDDINGTON HEIGHTS,Disorder,37,2020,12
BEDDINGTON HEIGHTS,Disorder,33,2021,1
BEDDINGTON HEIGHTS,Disorder,28,2021,2
BEDDINGTON HEIGHTS,Disorder,42,2021,3
BEDDINGTON HEIGHTS,Disorder,39,2021,4
BEDDINGTON HEIGHTS,Disorder,54,2021,5
BEDDINGTON HEIGHTS,Disorder,41,2021,6
BEDDINGTON HEIGHTS,Disorder,36,2021,7
BEDDINGTON HEIGHTS,Disorder,46,2021,8
BEDDINGTON HEIGHTS,Disorder,35,2021,9
BEDDINGTON HEIGHTS,Disorder,31,2021,10
BEDDINGTON HEIGHTS,Disorder,33,2021,11
BEDDINGTON HEIGHTS,Disorder,40,2021,12
BEDDINGTON HEIGHTS,Disorder,29,2022,1
BEDDINGTON HEIGHTS,Disorder,31,2022,2
BEDDINGTON HEIGHTS,Disorder,37,2022,3
BEDDINGTON HEIGHTS,Disorder,32,2022,4
BEDDINGTON HEIGHTS,Disorder,34,2022,5
BEDDINGTON HEIGHTS,Disorder,32,2022,6
BEDDINGTON HEIGHTS,Disorder,53,2022,7
BEDDINGTON HEIGHTS,Disorder,43,2022,8
BEDDINGTON HEIGHTS,Disorder,31,2022,9
BEDDINGTON HEIGHTS,Disorder,34,2022,10
BEDDINGTON HEIGHTS,Disorder,33,2022,11
BEDDINGTON HEIGHTS,Disorder,28,2022,12
BEDDINGTON HEIGHTS,Disorder,29,2023,1
BEDDINGTON HEIGHTS,Disorder,22,2023,2
BEDDINGTON HEIGHTS,Disorder,29,2023,3
BEDDINGTON HEIGHTS,Disorder,37,2023,4
BEDDINGTON HEIGHTS,Disorder,57,2023,5
BEDDINGTON HEIGHTS,Disorder,51,2023,6
BEDDINGTON HEIGHTS,Disorder,41,2023,7
BEDDINGTON HEIGHTS,Disorder,54,2023,8
BEDDINGTON HEIGHTS,Disorder,36,2023,9
BEDDINGTON HEIGHTS,Disorder,36,2023,10
BEDDINGTON HEIGHTS,Disorder,41,2023,11
BEDDINGTON HEIGHTS,Disorder,32,2023,12
BEDDINGTON HEIGHTS,Disorder,39,2024,1
BEDDINGTON HEIGHTS,Disorder,26,2024,2
BEDDINGTON HEIGHTS,Disorder,33,2024,3
BEDDINGTON HEIGHTS,Disorder,26,2024,4
BEDDINGTON HEIGHTS,Disorder,43,2024,5
BEL-AIRE,Disorder,2,2018,1
BEL-AIRE,Disorder,3,2018,2
BEL-AIRE,Disorder,3,2018,4
BEL-AIRE,Disorder,1,2018,5
BEL-AIRE,Disorder,1,2018,6
BEL-AIRE,Disorder,3,2018,9
BEL-AIRE,Disorder,3,2018,10
BEL-AIRE,Disorder,2,2018,11
BEL-AIRE,Disorder,3,2018,12
BEL-AIRE,Disorder,1,2019,1
BEL-AIRE,Disorder,1,2019,3
BEL-AIRE,Disorder,2,2019,4
BEL-AIRE,Disorder,4,2019,6
BEL-AIRE,Disorder,1,2019,7
BEL-AIRE,Disorder,3,2019,8
BEL-AIRE,Disorder,5,2019,9
BEL-AIRE,Disorder,2,2019,10
BEL-AIRE,Disorder,1,2019,12
BEL-AIRE,Disorder,1,2020,2
BEL-AIRE,Disorder,2,2020,3
BEL-AIRE,Disorder,2,2020,5
BEL-AIRE,Disorder,1,2020,6
BEL-AIRE,Disorder,1,2020,7
BEL-AIRE,Disorder,3,2020,8
BEL-AIRE,Disorder,2,2020,9
BEL-AIRE,Disorder,1,2020,11
BEL-AIRE,Disorder,1,2020,12
BEL-AIRE,Disorder,1,2021,1
BEL-AIRE,Disorder,1,2021,2
BEL-AIRE,Disorder,2,2021,3
BEL-AIRE,Disorder,2,2021,4
BEL-AIRE,Disorder,2,2021,5
BEL-AIRE,Disorder,1,2021,7
BEL-AIRE,Disorder,1,2021,8
BEL-AIRE,Disorder,3,2021,9
BEL-AIRE,Disorder,1,2021,10
BEL-AIRE,Disorder,1,2021,11
BEL-AIRE,Disorder,2,2021,12
BEL-AIRE,Disorder,2,2022,2
BEL-AIRE,Disorder,2,2022,4
BEL-AIRE,Disorder,2,2022,5
BEL-AIRE,Disorder,2,2022,6
BEL-AIRE,Disorder,3,2022,8
BEL-AIRE,Disorder,1,2022,10
BEL-AIRE,Disorder,2,2023,1
BEL-AIRE,Disorder,1,2023,2
BEL-AIRE,Disorder,1,2023,6
BEL-AIRE,Disorder,1,2023,7
BEL-AIRE,Disorder,1,2023,9
BEL-AIRE,Disorder,1,2023,12
BEL-AIRE,Disorder,1,2024,3
BELMONT,Disorder,1,2020,11
BELMONT,Disorder,1,2021,1
BELMONT,Disorder,2,2021,3
BELMONT,Disorder,1,2021,5
BELMONT,Disorder,1,2021,7
BELMONT,Disorder,2,2021,8
BELMONT,Disorder,2,2021,9
BELMONT,Disorder,2,2021,10
BELMONT,Disorder,5,2021,11
BELMONT,Disorder,2,2022,1
BELMONT,Disorder,2,2022,2
BELMONT,Disorder,1,2022,4
BELMONT,Disorder,1,2022,6
BELMONT,Disorder,3,2022,7
BELMONT,Disorder,1,2022,8
BELMONT,Disorder,3,2022,9
BELMONT,Disorder,2,2022,10
BELMONT,Disorder,1,2022,11
BELMONT,Disorder,1,2022,12
BELMONT,Disorder,1,2023,1
BELMONT,Disorder,3,2023,3
BELMONT,Disorder,4,2023,4
BELMONT,Disorder,2,2023,5
BELMONT,Disorder,4,2023,6
BELMONT,Disorder,1,2023,7
BELMONT,Disorder,2,2023,8
BELMONT,Disorder,3,2023,9
BELMONT,Disorder,5,2023,10
BELMONT,Disorder,3,2023,11
BELMONT,Disorder,4,2023,12
BELMONT,Disorder,3,2024,1
BELMONT,Disorder,5,2024,2
BELMONT,Disorder,6,2024,3
BELMONT,Disorder,7,2024,4
BELMONT,Disorder,9,2024,5
BELTLINE,Disorder,473,2018,1
BELTLINE,Disorder,430,2018,2
BELTLINE,Disorder,502,2018,3
BELTLINE,Disorder,576,2018,4
BELTLINE,Disorder,622,2018,5
BELTLINE,Disorder,649,2018,6
BELTLINE,Disorder,782,2018,7
BELTLINE,Disorder,576,2018,8
BELTLINE,Disorder,565,2018,9
BELTLINE,Disorder,631,2018,10
BELTLINE,Disorder,489,2018,11
BELTLINE,Disorder,601,2018,12
BELTLINE,Disorder,561,2019,1
BELTLINE,Disorder,383,2019,2
BELTLINE,Disorder,560,2019,3
BELTLINE,Disorder,592,2019,4
BELTLINE,Disorder,665,2019,5
BELTLINE,Disorder,664,2019,6
BELTLINE,Disorder,786,2019,7
BELTLINE,Disorder,741,2019,8
BELTLINE,Disorder,652,2019,9
BELTLINE,Disorder,576,2019,10
BELTLINE,Disorder,541,2019,11
BELTLINE,Disorder,515,2019,12
BELTLINE,Disorder,556,2020,1
BELTLINE,Disorder,540,2020,2
BELTLINE,Disorder,571,2020,3
BELTLINE,Disorder,640,2020,4
BELTLINE,Disorder,787,2020,5
BELTLINE,Disorder,783,2020,6
BELTLINE,Disorder,835,2020,7
BELTLINE,Disorder,696,2020,8
BELTLINE,Disorder,532,2020,9
BELTLINE,Disorder,532,2020,10
BELTLINE,Disorder,545,2020,11
BELTLINE,Disorder,468,2020,12
BELTLINE,Disorder,420,2021,1
BELTLINE,Disorder,342,2021,2
BELTLINE,Disorder,471,2021,3
BELTLINE,Disorder,541,2021,4
BELTLINE,Disorder,573,2021,5
BELTLINE,Disorder,556,2021,6
BELTLINE,Disorder,789,2021,7
BELTLINE,Disorder,637,2021,8
BELTLINE,Disorder,617,2021,9
BELTLINE,Disorder,659,2021,10
BELTLINE,Disorder,579,2021,11
BELTLINE,Disorder,465,2021,12
BELTLINE,Disorder,425,2022,1
BELTLINE,Disorder,465,2022,2
BELTLINE,Disorder,569,2022,3
BELTLINE,Disorder,604,2022,4
BELTLINE,Disorder,600,2022,5
BELTLINE,Disorder,584,2022,6
BELTLINE,Disorder,680,2022,7
BELTLINE,Disorder,592,2022,8
BELTLINE,Disorder,579,2022,9
BELTLINE,Disorder,541,2022,10
BELTLINE,Disorder,462,2022,11
BELTLINE,Disorder,388,2022,12
BELTLINE,Disorder,393,2023,1
BELTLINE,Disorder,366,2023,2
BELTLINE,Disorder,442,2023,3
BELTLINE,Disorder,490,2023,4
BELTLINE,Disorder,660,2023,5
BELTLINE,Disorder,631,2023,6
BELTLINE,Disorder,737,2023,7
BELTLINE,Disorder,683,2023,8
BELTLINE,Disorder,631,2023,9
BELTLINE,Disorder,464,2023,10
BELTLINE,Disorder,485,2023,11
BELTLINE,Disorder,569,2023,12
BELTLINE,Disorder,445,2024,1
BELTLINE,Disorder,462,2024,2
BELTLINE,Disorder,532,2024,3
BELTLINE,Disorder,584,2024,4
BELTLINE,Disorder,679,2024,5
BELVEDERE,Disorder,6,2020,10
BELVEDERE,Disorder,15,2020,11
BELVEDERE,Disorder,11,2020,12
BELVEDERE,Disorder,24,2021,1
BELVEDERE,Disorder,10,2021,2
BELVEDERE,Disorder,11,2021,3
BELVEDERE,Disorder,17,2021,4
BELVEDERE,Disorder,14,2021,5
BELVEDERE,Disorder,5,2021,6
BELVEDERE,Disorder,6,2021,7
BELVEDERE,Disorder,11,2021,8
BELVEDERE,Disorder,9,2021,9
BELVEDERE,Disorder,10,2021,10
BELVEDERE,Disorder,9,2021,11
BELVEDERE,Disorder,9,2021,12
BELVEDERE,Disorder,12,2022,1
BELVEDERE,Disorder,8,2022,2
BELVEDERE,Disorder,16,2022,3
BELVEDERE,Disorder,9,2022,4
BELVEDERE,Disorder,11,2022,5
BELVEDERE,Disorder,19,2022,6
BELVEDERE,Disorder,12,2022,7
BELVEDERE,Disorder,21,2022,8
BELVEDERE,Disorder,13,2022,9
BELVEDERE,Disorder,19,2022,10
BELVEDERE,Disorder,14,2022,11
BELVEDERE,Disorder,14,2022,12
BELVEDERE,Disorder,9,2023,1
BELVEDERE,Disorder,15,2023,2
BELVEDERE,Disorder,16,2023,3
BELVEDERE,Disorder,9,2023,4
BELVEDERE,Disorder,13,2023,5
BELVEDERE,Disorder,15,2023,6
BELVEDERE,Disorder,13,2023,7
BELVEDERE,Disorder,11,2023,8
BELVEDERE,Disorder,15,2023,9
BELVEDERE,Disorder,14,2023,10
BELVEDERE,Disorder,9,2023,11
BELVEDERE,Disorder,12,2023,12
BELVEDERE,Disorder,8,2024,1
BELVEDERE,Disorder,17,2024,2
BELVEDERE,Disorder,15,2024,3
BELVEDERE,Disorder,16,2024,4
BELVEDERE,Disorder,15,2024,5
BONAVISTA DOWNS,Disorder,2,2018,1
BONAVISTA DOWNS,Disorder,1,2018,2
BONAVISTA DOWNS,Disorder,4,2018,3
BONAVISTA DOWNS,Disorder,3,2018,4
BONAVISTA DOWNS,Disorder,3,2018,5
BONAVISTA DOWNS,Disorder,5,2018,6
BONAVISTA DOWNS,Disorder,1,2018,7
BONAVISTA DOWNS,Disorder,1,2018,8
BONAVISTA DOWNS,Disorder,1,2018,9
BONAVISTA DOWNS,Disorder,2,2018,10
BONAVISTA DOWNS,Disorder,3,2018,12
BONAVISTA DOWNS,Disorder,4,2019,1
BONAVISTA DOWNS,Disorder,2,2019,2
BONAVISTA DOWNS,Disorder,1,2019,3
BONAVISTA DOWNS,Disorder,1,2019,4
BONAVISTA DOWNS,Disorder,1,2019,5
BONAVISTA DOWNS,Disorder,5,2019,7
BONAVISTA DOWNS,Disorder,2,2019,8
BONAVISTA DOWNS,Disorder,4,2019,9
BONAVISTA DOWNS,Disorder,2,2019,10
BONAVISTA DOWNS,Disorder,11,2019,11
BONAVISTA DOWNS,Disorder,1,2019,12
BONAVISTA DOWNS,Disorder,5,2020,1
BONAVISTA DOWNS,Disorder,4,2020,2
BONAVISTA DOWNS,Disorder,3,2020,3
BONAVISTA DOWNS,Disorder,4,2020,4
BONAVISTA DOWNS,Disorder,4,2020,5
BONAVISTA DOWNS,Disorder,4,2020,6
BONAVISTA DOWNS,Disorder,4,2020,7
BONAVISTA DOWNS,Disorder,8,2020,8
BONAVISTA DOWNS,Disorder,4,2020,9
BONAVISTA DOWNS,Disorder,5,2020,10
BONAVISTA DOWNS,Disorder,3,2020,11
BONAVISTA DOWNS,Disorder,3,2020,12
BONAVISTA DOWNS,Disorder,3,2021,1
BONAVISTA DOWNS,Disorder,4,2021,2
BONAVISTA DOWNS,Disorder,2,2021,3
BONAVISTA DOWNS,Disorder,3,2021,4
BONAVISTA DOWNS,Disorder,2,2021,5
BONAVISTA DOWNS,Disorder,1,2021,6
BONAVISTA DOWNS,Disorder,5,2021,7
BONAVISTA DOWNS,Disorder,1,2021,8
BONAVISTA DOWNS,Disorder,2,2021,9
BONAVISTA DOWNS,Disorder,3,2021,10
BONAVISTA DOWNS,Disorder,5,2021,12
BONAVISTA DOWNS,Disorder,1,2022,3
BONAVISTA DOWNS,Disorder,4,2022,4
BONAVISTA DOWNS,Disorder,3,2022,5
BONAVISTA DOWNS,Disorder,3,2022,6
BONAVISTA DOWNS,Disorder,3,2022,7
BONAVISTA DOWNS,Disorder,10,2022,8
BONAVISTA DOWNS,Disorder,5,2022,9
BONAVISTA DOWNS,Disorder,4,2022,10
BONAVISTA DOWNS,Disorder,2,2022,11
BONAVISTA DOWNS,Disorder,2,2022,12
BONAVISTA DOWNS,Disorder,2,2023,1
BONAVISTA DOWNS,Disorder,4,2023,2
BONAVISTA DOWNS,Disorder,3,2023,3
BONAVISTA DOWNS,Disorder,1,2023,4
BONAVISTA DOWNS,Disorder,2,2023,5
BONAVISTA DOWNS,Disorder,4,2023,6
BONAVISTA DOWNS,Disorder,3,2023,7
BONAVISTA DOWNS,Disorder,5,2023,8
BONAVISTA DOWNS,Disorder,3,2023,9
BONAVISTA DOWNS,Disorder,2,2023,10
BONAVISTA DOWNS,Disorder,1,2023,11
BONAVISTA DOWNS,Disorder,3,2023,12
BONAVISTA DOWNS,Disorder,1,2024,1
BONAVISTA DOWNS,Disorder,1,2024,3
BONAVISTA DOWNS,Disorder,1,2024,4
BONAVISTA DOWNS,Disorder,5,2024,5
BOWNESS,Disorder,76,2018,1
BOWNESS,Disorder,68,2018,2
BOWNESS,Disorder,84,2018,3
BOWNESS,Disorder,107,2018,4
BOWNESS,Disorder,115,2018,5
BOWNESS,Disorder,119,2018,6
BOWNESS,Disorder,142,2018,7
BOWNESS,Disorder,108,2018,8
BOWNESS,Disorder,85,2018,9
BOWNESS,Disorder,117,2018,10
BOWNESS,Disorder,94,2018,11
BOWNESS,Disorder,81,2018,12
BOWNESS,Disorder,84,2019,1
BOWNESS,Disorder,55,2019,2
BOWNESS,Disorder,83,2019,3
BOWNESS,Disorder,110,2019,4
BOWNESS,Disorder,126,2019,5
BOWNESS,Disorder,152,2019,6
BOWNESS,Disorder,130,2019,7
BOWNESS,Disorder,130,2019,8
BOWNESS,Disorder,99,2019,9
BOWNESS,Disorder,97,2019,10
BOWNESS,Disorder,97,2019,11
BOWNESS,Disorder,65,2019,12
BOWNESS,Disorder,73,2020,1
BOWNESS,Disorder,81,2020,2
BOWNESS,Disorder,74,2020,3
BOWNESS,Disorder,114,2020,4
BOWNESS,Disorder,127,2020,5
BOWNESS,Disorder,138,2020,6
BOWNESS,Disorder,138,2020,7
BOWNESS,Disorder,107,2020,8
BOWNESS,Disorder,95,2020,9
BOWNESS,Disorder,73,2020,10
BOWNESS,Disorder,64,2020,11
BOWNESS,Disorder,79,2020,12
BOWNESS,Disorder,82,2021,1
BOWNESS,Disorder,72,2021,2
BOWNESS,Disorder,72,2021,3
BOWNESS,Disorder,86,2021,4
BOWNESS,Disorder,115,2021,5
BOWNESS,Disorder,127,2021,6
BOWNESS,Disorder,117,2021,7
BOWNESS,Disorder,93,2021,8
BOWNESS,Disorder,117,2021,9
BOWNESS,Disorder,82,2021,10
BOWNESS,Disorder,87,2021,11
BOWNESS,Disorder,83,2021,12
BOWNESS,Disorder,92,2022,1
BOWNESS,Disorder,82,2022,2
BOWNESS,Disorder,104,2022,3
BOWNESS,Disorder,90,2022,4
BOWNESS,Disorder,94,2022,5
BOWNESS,Disorder,107,2022,6
BOWNESS,Disorder,132,2022,7
BOWNESS,Disorder,129,2022,8
BOWNESS,Disorder,104,2022,9
BOWNESS,Disorder,97,2022,10
BOWNESS,Disorder,63,2022,11
BOWNESS,Disorder,60,2022,12
BOWNESS,Disorder,50,2023,1
BOWNESS,Disorder,69,2023,2
BOWNESS,Disorder,97,2023,3
BOWNESS,Disorder,67,2023,4
BOWNESS,Disorder,114,2023,5
BOWNESS,Disorder,132,2023,6
BOWNESS,Disorder,104,2023,7
BOWNESS,Disorder,101,2023,8
BOWNESS,Disorder,83,2023,9
BOWNESS,Disorder,64,2023,10
BOWNESS,Disorder,62,2023,11
BOWNESS,Disorder,55,2023,12
BOWNESS,Disorder,45,2024,1
BOWNESS,Disorder,51,2024,2
BOWNESS,Disorder,54,2024,3
BOWNESS,Disorder,73,2024,4
BOWNESS,Disorder,93,2024,5
BRAESIDE,Disorder,22,2018,1
BRAESIDE,Disorder,12,2018,2
BRAESIDE,Disorder,21,2018,3
BRAESIDE,Disorder,29,2018,4
BRAESIDE,Disorder,31,2018,5
BRAESIDE,Disorder,20,2018,6
BRAESIDE,Disorder,39,2018,7
BRAESIDE,Disorder,33,2018,8
BRAESIDE,Disorder,20,2018,9
BRAESIDE,Disorder,17,2018,10
BRAESIDE,Disorder,15,2018,11
BRAESIDE,Disorder,11,2018,12
BRAESIDE,Disorder,9,2019,1
BRAESIDE,Disorder,13,2019,2
BRAESIDE,Disorder,18,2019,3
BRAESIDE,Disorder,19,2019,4
BRAESIDE,Disorder,18,2019,5
BRAESIDE,Disorder,23,2019,6
BRAESIDE,Disorder,29,2019,7
BRAESIDE,Disorder,38,2019,8
BRAESIDE,Disorder,17,2019,9
BRAESIDE,Disorder,23,2019,10
BRAESIDE,Disorder,15,2019,11
BRAESIDE,Disorder,10,2019,12
BRAESIDE,Disorder,15,2020,1
BRAESIDE,Disorder,34,2020,2
BRAESIDE,Disorder,21,2020,3
BRAESIDE,Disorder,25,2020,4
BRAESIDE,Disorder,23,2020,5
BRAESIDE,Disorder,22,2020,6
BRAESIDE,Disorder,14,2020,7
BRAESIDE,Disorder,33,2020,8
BRAESIDE,Disorder,27,2020,9
BRAESIDE,Disorder,26,2020,10
BRAESIDE,Disorder,13,2020,11
BRAESIDE,Disorder,12,2020,12
BRAESIDE,Disorder,16,2021,1
BRAESIDE,Disorder,9,2021,2
BRAESIDE,Disorder,22,2021,3
BRAESIDE,Disorder,13,2021,4
BRAESIDE,Disorder,17,2021,5
BRAESIDE,Disorder,25,2021,6
BRAESIDE,Disorder,21,2021,7
BRAESIDE,Disorder,10,2021,8
BRAESIDE,Disorder,15,2021,9
BRAESIDE,Disorder,16,2021,10
BRAESIDE,Disorder,14,2021,11
BRAESIDE,Disorder,16,2021,12
BRAESIDE,Disorder,14,2022,1
BRAESIDE,Disorder,13,2022,2
BRAESIDE,Disorder,14,2022,3
BRAESIDE,Disorder,17,2022,4
BRAESIDE,Disorder,30,2022,5
BRAESIDE,Disorder,20,2022,6
BRAESIDE,Disorder,25,2022,7
BRAESIDE,Disorder,16,2022,8
BRAESIDE,Disorder,26,2022,9
BRAESIDE,Disorder,21,2022,10
BRAESIDE,Disorder,11,2022,11
BRAESIDE,Disorder,17,2022,12
BRAESIDE,Disorder,13,2023,1
BRAESIDE,Disorder,6,2023,2
BRAESIDE,Disorder,8,2023,3
BRAESIDE,Disorder,16,2023,4
BRAESIDE,Disorder,21,2023,5
BRAESIDE,Disorder,23,2023,6
BRAESIDE,Disorder,24,2023,7
BRAESIDE,Disorder,15,2023,8
BRAESIDE,Disorder,12,2023,9
BRAESIDE,Disorder,15,2023,10
BRAESIDE,Disorder,14,2023,11
BRAESIDE,Disorder,15,2023,12
BRAESIDE,Disorder,15,2024,1
BRAESIDE,Disorder,4,2024,2
BRAESIDE,Disorder,8,2024,3
BRAESIDE,Disorder,19,2024,4
BRAESIDE,Disorder,15,2024,5
BRENTWOOD,Disorder,36,2018,1
BRENTWOOD,Disorder,35,2018,2
BRENTWOOD,Disorder,40,2018,3
BRENTWOOD,Disorder,42,2018,4
BRENTWOOD,Disorder,52,2018,5
BRENTWOOD,Disorder,65,2018,6
BRENTWOOD,Disorder,54,2018,7
BRENTWOOD,Disorder,70,2018,8
BRENTWOOD,Disorder,43,2018,9
BRENTWOOD,Disorder,46,2018,10
BRENTWOOD,Disorder,42,2018,11
BRENTWOOD,Disorder,37,2018,12
BRENTWOOD,Disorder,45,2019,1
BRENTWOOD,Disorder,38,2019,2
BRENTWOOD,Disorder,42,2019,3
BRENTWOOD,Disorder,40,2019,4
BRENTWOOD,Disorder,73,2019,5
BRENTWOOD,Disorder,90,2019,6
BRENTWOOD,Disorder,47,2019,7
BRENTWOOD,Disorder,38,2019,8
BRENTWOOD,Disorder,57,2019,9
BRENTWOOD,Disorder,70,2019,10
BRENTWOOD,Disorder,49,2019,11
BRENTWOOD,Disorder,39,2019,12
BRENTWOOD,Disorder,37,2020,1
BRENTWOOD,Disorder,47,2020,2
BRENTWOOD,Disorder,60,2020,3
BRENTWOOD,Disorder,60,2020,4
BRENTWOOD,Disorder,57,2020,5
BRENTWOOD,Disorder,62,2020,6
BRENTWOOD,Disorder,36,2020,7
BRENTWOOD,Disorder,52,2020,8
BRENTWOOD,Disorder,31,2020,9
BRENTWOOD,Disorder,36,2020,10
BRENTWOOD,Disorder,50,2020,11
BRENTWOOD,Disorder,53,2020,12
BRENTWOOD,Disorder,70,2021,1
BRENTWOOD,Disorder,72,2021,2
BRENTWOOD,Disorder,97,2021,3
BRENTWOOD,Disorder,101,2021,4
BRENTWOOD,Disorder,95,2021,5
BRENTWOOD,Disorder,61,2021,6
BRENTWOOD,Disorder,64,2021,7
BRENTWOOD,Disorder,66,2021,8
BRENTWOOD,Disorder,58,2021,9
BRENTWOOD,Disorder,64,2021,10
BRENTWOOD,Disorder,45,2021,11
BRENTWOOD,Disorder,70,2021,12
BRENTWOOD,Disorder,66,2022,1
BRENTWOOD,Disorder,54,2022,2
BRENTWOOD,Disorder,64,2022,3
BRENTWOOD,Disorder,113,2022,4
BRENTWOOD,Disorder,103,2022,5
BRENTWOOD,Disorder,54,2022,6
BRENTWOOD,Disorder,48,2022,7
BRENTWOOD,Disorder,55,2022,8
BRENTWOOD,Disorder,69,2022,9
BRENTWOOD,Disorder,46,2022,10
BRENTWOOD,Disorder,109,2022,11
BRENTWOOD,Disorder,84,2022,12
BRENTWOOD,Disorder,74,2023,1
BRENTWOOD,Disorder,65,2023,2
BRENTWOOD,Disorder,71,2023,3
BRENTWOOD,Disorder,100,2023,4
BRENTWOOD,Disorder,64,2023,5
BRENTWOOD,Disorder,66,2023,6
BRENTWOOD,Disorder,53,2023,7
BRENTWOOD,Disorder,66,2023,8
BRENTWOOD,Disorder,48,2023,9
BRENTWOOD,Disorder,39,2023,10
BRENTWOOD,Disorder,55,2023,11
BRENTWOOD,Disorder,64,2023,12
BRENTWOOD,Disorder,51,2024,1
BRENTWOOD,Disorder,68,2024,2
BRENTWOOD,Disorder,53,2024,3
BRENTWOOD,Disorder,49,2024,4
BRENTWOOD,Disorder,51,2024,5
BRIDGELAND/RIVERSIDE,Disorder,87,2018,1
BRIDGELAND/RIVERSIDE,Disorder,68,2018,2
BRIDGELAND/RIVERSIDE,Disorder,88,2018,3
BRIDGELAND/RIVERSIDE,Disorder,87,2018,4
BRIDGELAND/RIVERSIDE,Disorder,112,2018,5
BRIDGELAND/RIVERSIDE,Disorder,109,2018,6
BRIDGELAND/RIVERSIDE,Disorder,88,2018,7
BRIDGELAND/RIVERSIDE,Disorder,153,2018,8
BRIDGELAND/RIVERSIDE,Disorder,105,2018,9
BRIDGELAND/RIVERSIDE,Disorder,93,2018,10
BRIDGELAND/RIVERSIDE,Disorder,74,2018,11
BRIDGELAND/RIVERSIDE,Disorder,71,2018,12
BRIDGELAND/RIVERSIDE,Disorder,85,2019,1
BRIDGELAND/RIVERSIDE,Disorder,50,2019,2
BRIDGELAND/RIVERSIDE,Disorder,95,2019,3
BRIDGELAND/RIVERSIDE,Disorder,89,2019,4
BRIDGELAND/RIVERSIDE,Disorder,101,2019,5
BRIDGELAND/RIVERSIDE,Disorder,87,2019,6
BRIDGELAND/RIVERSIDE,Disorder,112,2019,7
BRIDGELAND/RIVERSIDE,Disorder,110,2019,8
BRIDGELAND/RIVERSIDE,Disorder,73,2019,9
BRIDGELAND/RIVERSIDE,Disorder,89,2019,10
BRIDGELAND/RIVERSIDE,Disorder,113,2019,11
BRIDGELAND/RIVERSIDE,Disorder,75,2019,12
BRIDGELAND/RIVERSIDE,Disorder,103,2020,1
BRIDGELAND/RIVERSIDE,Disorder,120,2020,2
BRIDGELAND/RIVERSIDE,Disorder,99,2020,3
BRIDGELAND/RIVERSIDE,Disorder,181,2020,4
BRIDGELAND/RIVERSIDE,Disorder,197,2020,5
BRIDGELAND/RIVERSIDE,Disorder,127,2020,6
BRIDGELAND/RIVERSIDE,Disorder,122,2020,7
BRIDGELAND/RIVERSIDE,Disorder,126,2020,8
BRIDGELAND/RIVERSIDE,Disorder,105,2020,9
BRIDGELAND/RIVERSIDE,Disorder,92,2020,10
BRIDGELAND/RIVERSIDE,Disorder,84,2020,11
BRIDGELAND/RIVERSIDE,Disorder,74,2020,12
BRIDGELAND/RIVERSIDE,Disorder,84,2021,1
BRIDGELAND/RIVERSIDE,Disorder,69,2021,2
BRIDGELAND/RIVERSIDE,Disorder,106,2021,3
BRIDGELAND/RIVERSIDE,Disorder,88,2021,4
BRIDGELAND/RIVERSIDE,Disorder,109,2021,5
BRIDGELAND/RIVERSIDE,Disorder,94,2021,6
BRIDGELAND/RIVERSIDE,Disorder,124,2021,7
BRIDGELAND/RIVERSIDE,Disorder,100,2021,8
BRIDGELAND/RIVERSIDE,Disorder,93,2021,9
BRIDGELAND/RIVERSIDE,Disorder,100,2021,10
BRIDGELAND/RIVERSIDE,Disorder,85,2021,11
BRIDGELAND/RIVERSIDE,Disorder,75,2021,12
BRIDGELAND/RIVERSIDE,Disorder,91,2022,1
BRIDGELAND/RIVERSIDE,Disorder,74,2022,2
BRIDGELAND/RIVERSIDE,Disorder,103,2022,3
BRIDGELAND/RIVERSIDE,Disorder,101,2022,4
BRIDGELAND/RIVERSIDE,Disorder,108,2022,5
BRIDGELAND/RIVERSIDE,Disorder,112,2022,6
BRIDGELAND/RIVERSIDE,Disorder,123,2022,7
BRIDGELAND/RIVERSIDE,Disorder,136,2022,8
BRIDGELAND/RIVERSIDE,Disorder,122,2022,9
BRIDGELAND/RIVERSIDE,Disorder,113,2022,10
BRIDGELAND/RIVERSIDE,Disorder,85,2022,11
BRIDGELAND/RIVERSIDE,Disorder,79,2022,12
BRIDGELAND/RIVERSIDE,Disorder,106,2023,1
BRIDGELAND/RIVERSIDE,Disorder,118,2023,2
BRIDGELAND/RIVERSIDE,Disorder,122,2023,3
BRIDGELAND/RIVERSIDE,Disorder,154,2023,4
BRIDGELAND/RIVERSIDE,Disorder,153,2023,5
BRIDGELAND/RIVERSIDE,Disorder,136,2023,6
BRIDGELAND/RIVERSIDE,Disorder,122,2023,7
BRIDGELAND/RIVERSIDE,Disorder,132,2023,8
BRIDGELAND/RIVERSIDE,Disorder,142,2023,9
BRIDGELAND/RIVERSIDE,Disorder,97,2023,10
BRIDGELAND/RIVERSIDE,Disorder,95,2023,11
BRIDGELAND/RIVERSIDE,Disorder,99,2023,12
BRIDGELAND/RIVERSIDE,Disorder,68,2024,1
BRIDGELAND/RIVERSIDE,Disorder,76,2024,2
BRIDGELAND/RIVERSIDE,Disorder,99,2024,3
BRIDGELAND/RIVERSIDE,Disorder,107,2024,4
BRIDGELAND/RIVERSIDE,Disorder,105,2024,5
BRIDLEWOOD,Disorder,24,2018,1
BRIDLEWOOD,Disorder,27,2018,2
BRIDLEWOOD,Disorder,24,2018,3
BRIDLEWOOD,Disorder,19,2018,4
BRIDLEWOOD,Disorder,33,2018,5
BRIDLEWOOD,Disorder,47,2018,6
BRIDLEWOOD,Disorder,27,2018,7
BRIDLEWOOD,Disorder,22,2018,8
BRIDLEWOOD,Disorder,14,2018,9
BRIDLEWOOD,Disorder,25,2018,10
BRIDLEWOOD,Disorder,18,2018,11
BRIDLEWOOD,Disorder,20,2018,12
BRIDLEWOOD,Disorder,28,2019,1
BRIDLEWOOD,Disorder,22,2019,2
BRIDLEWOOD,Disorder,29,2019,3
BRIDLEWOOD,Disorder,32,2019,4
BRIDLEWOOD,Disorder,24,2019,5
BRIDLEWOOD,Disorder,34,2019,6
BRIDLEWOOD,Disorder,37,2019,7
BRIDLEWOOD,Disorder,46,2019,8
BRIDLEWOOD,Disorder,22,2019,9
BRIDLEWOOD,Disorder,17,2019,10
BRIDLEWOOD,Disorder,9,2019,11
BRIDLEWOOD,Disorder,18,2019,12
BRIDLEWOOD,Disorder,17,2020,1
BRIDLEWOOD,Disorder,12,2020,2
BRIDLEWOOD,Disorder,18,2020,3
BRIDLEWOOD,Disorder,28,2020,4
BRIDLEWOOD,Disorder,30,2020,5
BRIDLEWOOD,Disorder,34,2020,6
BRIDLEWOOD,Disorder,34,2020,7
BRIDLEWOOD,Disorder,24,2020,8
BRIDLEWOOD,Disorder,22,2020,9
BRIDLEWOOD,Disorder,12,2020,10
BRIDLEWOOD,Disorder,16,2020,11
BRIDLEWOOD,Disorder,13,2020,12
BRIDLEWOOD,Disorder,21,2021,1
BRIDLEWOOD,Disorder,10,2021,2
BRIDLEWOOD,Disorder,11,2021,3
BRIDLEWOOD,Disorder,21,2021,4
BRIDLEWOOD,Disorder,16,2021,5
BRIDLEWOOD,Disorder,25,2021,6
BRIDLEWOOD,Disorder,27,2021,7
BRIDLEWOOD,Disorder,35,2021,8
BRIDLEWOOD,Disorder,26,2021,9
BRIDLEWOOD,Disorder,17,2021,10
BRIDLEWOOD,Disorder,21,2021,11
BRIDLEWOOD,Disorder,8,2021,12
BRIDLEWOOD,Disorder,16,2022,1
BRIDLEWOOD,Disorder,21,2022,2
BRIDLEWOOD,Disorder,20,2022,3
BRIDLEWOOD,Disorder,20,2022,4
BRIDLEWOOD,Disorder,22,2022,5
BRIDLEWOOD,Disorder,20,2022,6
BRIDLEWOOD,Disorder,22,2022,7
BRIDLEWOOD,Disorder,17,2022,8
BRIDLEWOOD,Disorder,25,2022,9
BRIDLEWOOD,Disorder,15,2022,10
BRIDLEWOOD,Disorder,17,2022,11
BRIDLEWOOD,Disorder,9,2022,12
BRIDLEWOOD,Disorder,18,2023,1
BRIDLEWOOD,Disorder,19,2023,2
BRIDLEWOOD,Disorder,22,2023,3
BRIDLEWOOD,Disorder,17,2023,4
BRIDLEWOOD,Disorder,22,2023,5
BRIDLEWOOD,Disorder,29,2023,6
BRIDLEWOOD,Disorder,18,2023,7
BRIDLEWOOD,Disorder,22,2023,8
BRIDLEWOOD,Disorder,17,2023,9
BRIDLEWOOD,Disorder,14,2023,10
BRIDLEWOOD,Disorder,15,2023,11
BRIDLEWOOD,Disorder,6,2023,12
BRIDLEWOOD,Disorder,11,2024,1
BRIDLEWOOD,Disorder,8,2024,2
BRIDLEWOOD,Disorder,12,2024,3
BRIDLEWOOD,Disorder,17,2024,4
BRIDLEWOOD,Disorder,22,2024,5
BRITANNIA,Disorder,1,2018,1
BRITANNIA,Disorder,3,2018,2
BRITANNIA,Disorder,1,2018,3
BRITANNIA,Disorder,4,2018,4
BRITANNIA,Disorder,4,2018,5
BRITANNIA,Disorder,4,2018,6
BRITANNIA,Disorder,1,2018,7
BRITANNIA,Disorder,5,2018,8
BRITANNIA,Disorder,2,2018,9
BRITANNIA,Disorder,6,2018,10
BRITANNIA,Disorder,3,2018,11
BRITANNIA,Disorder,3,2018,12
BRITANNIA,Disorder,6,2019,1
BRITANNIA,Disorder,3,2019,2
BRITANNIA,Disorder,4,2019,3
BRITANNIA,Disorder,3,2019,4
BRITANNIA,Disorder,10,2019,5
BRITANNIA,Disorder,3,2019,6
BRITANNIA,Disorder,6,2019,7
BRITANNIA,Disorder,6,2019,8
BRITANNIA,Disorder,2,2019,9
BRITANNIA,Disorder,4,2019,10
BRITANNIA,Disorder,4,2019,11
BRITANNIA,Disorder,3,2019,12
BRITANNIA,Disorder,1,2020,1
BRITANNIA,Disorder,1,2020,2
BRITANNIA,Disorder,1,2020,3
BRITANNIA,Disorder,7,2020,4
BRITANNIA,Disorder,5,2020,5
BRITANNIA,Disorder,3,2020,6
BRITANNIA,Disorder,1,2020,7
BRITANNIA,Disorder,7,2020,8
BRITANNIA,Disorder,3,2020,9
BRITANNIA,Disorder,1,2020,10
BRITANNIA,Disorder,5,2020,11
BRITANNIA,Disorder,1,2021,1
BRITANNIA,Disorder,1,2021,4
BRITANNIA,Disorder,4,2021,5
BRITANNIA,Disorder,3,2021,6
BRITANNIA,Disorder,4,2021,7
BRITANNIA,Disorder,5,2021,8
BRITANNIA,Disorder,3,2021,9
BRITANNIA,Disorder,2,2021,10
BRITANNIA,Disorder,5,2021,11
BRITANNIA,Disorder,5,2021,12
BRITANNIA,Disorder,5,2022,1
BRITANNIA,Disorder,3,2022,2
BRITANNIA,Disorder,4,2022,3
BRITANNIA,Disorder,2,2022,4
BRITANNIA,Disorder,3,2022,5
BRITANNIA,Disorder,4,2022,6
BRITANNIA,Disorder,2,2022,7
BRITANNIA,Disorder,4,2022,8
BRITANNIA,Disorder,2,2022,9
BRITANNIA,Disorder,4,2022,10
BRITANNIA,Disorder,3,2022,11
BRITANNIA,Disorder,3,2022,12
BRITANNIA,Disorder,1,2023,2
BRITANNIA,Disorder,5,2023,3
BRITANNIA,Disorder,2,2023,4
BRITANNIA,Disorder,3,2023,5
BRITANNIA,Disorder,5,2023,6
BRITANNIA,Disorder,6,2023,7
BRITANNIA,Disorder,3,2023,8
BRITANNIA,Disorder,2,2023,9
BRITANNIA,Disorder,4,2023,10
BRITANNIA,Disorder,3,2023,12
BRITANNIA,Disorder,5,2024,1
BRITANNIA,Disorder,2,2024,2
BRITANNIA,Disorder,1,2024,3
BRITANNIA,Disorder,4,2024,4
BRITANNIA,Disorder,3,2024,5
BURNS INDUSTRIAL,Disorder,6,2018,1
BURNS INDUSTRIAL,Disorder,4,2018,2
BURNS INDUSTRIAL,Disorder,3,2018,3
BURNS INDUSTRIAL,Disorder,4,2018,4
BURNS INDUSTRIAL,Disorder,6,2018,5
BURNS INDUSTRIAL,Disorder,12,2018,6
BURNS INDUSTRIAL,Disorder,4,2018,7
BURNS INDUSTRIAL,Disorder,14,2018,8
BURNS INDUSTRIAL,Disorder,11,2018,9
BURNS INDUSTRIAL,Disorder,4,2018,10
BURNS INDUSTRIAL,Disorder,7,2018,11
BURNS INDUSTRIAL,Disorder,3,2018,12
BURNS INDUSTRIAL,Disorder,3,2019,1
BURNS INDUSTRIAL,Disorder,6,2019,2
BURNS INDUSTRIAL,Disorder,5,2019,3
BURNS INDUSTRIAL,Disorder,4,2019,4
BURNS INDUSTRIAL,Disorder,2,2019,5
BURNS INDUSTRIAL,Disorder,13,2019,6
BURNS INDUSTRIAL,Disorder,11,2019,7
BURNS INDUSTRIAL,Disorder,5,2019,8
BURNS INDUSTRIAL,Disorder,11,2019,9
BURNS INDUSTRIAL,Disorder,8,2019,10
BURNS INDUSTRIAL,Disorder,2,2019,11
BURNS INDUSTRIAL,Disorder,2,2019,12
BURNS INDUSTRIAL,Disorder,9,2020,1
BURNS INDUSTRIAL,Disorder,2,2020,2
BURNS INDUSTRIAL,Disorder,6,2020,3
BURNS INDUSTRIAL,Disorder,6,2020,4
BURNS INDUSTRIAL,Disorder,7,2020,5
BURNS INDUSTRIAL,Disorder,5,2020,6
BURNS INDUSTRIAL,Disorder,12,2020,7
BURNS INDUSTRIAL,Disorder,7,2020,8
BURNS INDUSTRIAL,Disorder,9,2020,9
BURNS INDUSTRIAL,Disorder,14,2020,10
BURNS INDUSTRIAL,Disorder,6,2020,11
BURNS INDUSTRIAL,Disorder,10,2020,12
BURNS INDUSTRIAL,Disorder,1,2021,1
BURNS INDUSTRIAL,Disorder,6,2021,3
BURNS INDUSTRIAL,Disorder,7,2021,4
BURNS INDUSTRIAL,Disorder,7,2021,5
BURNS INDUSTRIAL,Disorder,8,2021,6
BURNS INDUSTRIAL,Disorder,16,2021,7
BURNS INDUSTRIAL,Disorder,4,2021,8
BURNS INDUSTRIAL,Disorder,6,2021,9
BURNS INDUSTRIAL,Disorder,6,2021,10
BURNS INDUSTRIAL,Disorder,12,2021,11
BURNS INDUSTRIAL,Disorder,4,2021,12
BURNS INDUSTRIAL,Disorder,6,2022,1
BURNS INDUSTRIAL,Disorder,6,2022,2
BURNS INDUSTRIAL,Disorder,4,2022,3
BURNS INDUSTRIAL,Disorder,5,2022,4
BURNS INDUSTRIAL,Disorder,13,2022,5
BURNS INDUSTRIAL,Disorder,9,2022,6
BURNS INDUSTRIAL,Disorder,9,2022,7
BURNS INDUSTRIAL,Disorder,7,2022,8
BURNS INDUSTRIAL,Disorder,11,2022,9
BURNS INDUSTRIAL,Disorder,11,2022,10
BURNS INDUSTRIAL,Disorder,3,2022,11
BURNS INDUSTRIAL,Disorder,7,2022,12
BURNS INDUSTRIAL,Disorder,8,2023,1
BURNS INDUSTRIAL,Disorder,6,2023,2
BURNS INDUSTRIAL,Disorder,8,2023,3
BURNS INDUSTRIAL,Disorder,6,2023,4
BURNS INDUSTRIAL,Disorder,6,2023,5
BURNS INDUSTRIAL,Disorder,8,2023,6
BURNS INDUSTRIAL,Disorder,6,2023,7
BURNS INDUSTRIAL,Disorder,12,2023,8
BURNS INDUSTRIAL,Disorder,10,2023,9
BURNS INDUSTRIAL,Disorder,6,2023,10
BURNS INDUSTRIAL,Disorder,6,2023,11
BURNS INDUSTRIAL,Disorder,7,2023,12
BURNS INDUSTRIAL,Disorder,4,2024,1
BURNS INDUSTRIAL,Disorder,3,2024,2
BURNS INDUSTRIAL,Disorder,8,2024,3
BURNS INDUSTRIAL,Disorder,7,2024,4
BURNS INDUSTRIAL,Disorder,6,2024,5
CALGARY INTERNATIONAL AIRPORT,Disorder,18,2018,1
CALGARY INTERNATIONAL AIRPORT,Disorder,9,2018,2
CALGARY INTERNATIONAL AIRPORT,Disorder,13,2018,3
CALGARY INTERNATIONAL AIRPORT,Disorder,20,2018,4
CALGARY INTERNATIONAL AIRPORT,Disorder,12,2018,5
CALGARY INTERNATIONAL AIRPORT,Disorder,6,2018,6
CALGARY INTERNATIONAL AIRPORT,Disorder,10,2018,7
CALGARY INTERNATIONAL AIRPORT,Disorder,22,2018,8
CALGARY INTERNATIONAL AIRPORT,Disorder,8,2018,9
CALGARY INTERNATIONAL AIRPORT,Disorder,17,2018,10
CALGARY INTERNATIONAL AIRPORT,Disorder,11,2018,11
CALGARY INTERNATIONAL AIRPORT,Disorder,8,2018,12
CALGARY INTERNATIONAL AIRPORT,Disorder,13,2019,1
CALGARY INTERNATIONAL AIRPORT,Disorder,13,2019,2
CALGARY INTERNATIONAL AIRPORT,Disorder,20,2019,3
CALGARY INTERNATIONAL AIRPORT,Disorder,10,2019,4
CALGARY INTERNATIONAL AIRPORT,Disorder,6,2019,5
CALGARY INTERNATIONAL AIRPORT,Disorder,12,2019,6
CALGARY INTERNATIONAL AIRPORT,Disorder,19,2019,7
CALGARY INTERNATIONAL AIRPORT,Disorder,17,2019,8
CALGARY INTERNATIONAL AIRPORT,Disorder,16,2019,9
CALGARY INTERNATIONAL AIRPORT,Disorder,15,2019,10
CALGARY INTERNATIONAL AIRPORT,Disorder,12,2019,11
CALGARY INTERNATIONAL AIRPORT,Disorder,10,2019,12
CALGARY INTERNATIONAL AIRPORT,Disorder,14,2020,1
CALGARY INTERNATIONAL AIRPORT,Disorder,16,2020,2
CALGARY INTERNATIONAL AIRPORT,Disorder,14,2020,3
CALGARY INTERNATIONAL AIRPORT,Disorder,16,2020,4
CALGARY INTERNATIONAL AIRPORT,Disorder,14,2020,5
CALGARY INTERNATIONAL AIRPORT,Disorder,6,2020,6
CALGARY INTERNATIONAL AIRPORT,Disorder,15,2020,7
CALGARY INTERNATIONAL AIRPORT,Disorder,17,2020,8
CALGARY INTERNATIONAL AIRPORT,Disorder,9,2020,9
CALGARY INTERNATIONAL AIRPORT,Disorder,10,2020,10
CALGARY INTERNATIONAL AIRPORT,Disorder,11,2020,11
CALGARY INTERNATIONAL AIRPORT,Disorder,6,2020,12
CALGARY INTERNATIONAL AIRPORT,Disorder,9,2021,1
CALGARY INTERNATIONAL AIRPORT,Disorder,5,2021,2
CALGARY INTERNATIONAL AIRPORT,Disorder,10,2021,3
CALGARY INTERNATIONAL AIRPORT,Disorder,12,2021,4
CALGARY INTERNATIONAL AIRPORT,Disorder,10,2021,5
CALGARY INTERNATIONAL AIRPORT,Disorder,10,2021,6
CALGARY INTERNATIONAL AIRPORT,Disorder,13,2021,7
CALGARY INTERNATIONAL AIRPORT,Disorder,13,2021,8
CALGARY INTERNATIONAL AIRPORT,Disorder,12,2021,9
CALGARY INTERNATIONAL AIRPORT,Disorder,9,2021,10
CALGARY INTERNATIONAL AIRPORT,Disorder,8,2021,11
CALGARY INTERNATIONAL AIRPORT,Disorder,21,2021,12
CALGARY INTERNATIONAL AIRPORT,Disorder,21,2022,1
CALGARY INTERNATIONAL AIRPORT,Disorder,18,2022,2
CALGARY INTERNATIONAL AIRPORT,Disorder,9,2022,3
CALGARY INTERNATIONAL AIRPORT,Disorder,12,2022,4
CALGARY INTERNATIONAL AIRPORT,Disorder,14,2022,5
CALGARY INTERNATIONAL AIRPORT,Disorder,17,2022,6
CALGARY INTERNATIONAL AIRPORT,Disorder,22,2022,7
CALGARY INTERNATIONAL AIRPORT,Disorder,10,2022,8
CALGARY INTERNATIONAL AIRPORT,Disorder,10,2022,9
CALGARY INTERNATIONAL AIRPORT,Disorder,16,2022,10
CALGARY INTERNATIONAL AIRPORT,Disorder,14,2022,11
CALGARY INTERNATIONAL AIRPORT,Disorder,24,2022,12
CALGARY INTERNATIONAL AIRPORT,Disorder,20,2023,1
CALGARY INTERNATIONAL AIRPORT,Disorder,11,2023,2
CALGARY INTERNATIONAL AIRPORT,Disorder,8,2023,3
CALGARY INTERNATIONAL AIRPORT,Disorder,10,2023,4
CALGARY INTERNATIONAL AIRPORT,Disorder,15,2023,5
CALGARY INTERNATIONAL AIRPORT,Disorder,16,2023,6
CALGARY INTERNATIONAL AIRPORT,Disorder,18,2023,7
CALGARY INTERNATIONAL AIRPORT,Disorder,28,2023,8
CALGARY INTERNATIONAL AIRPORT,Disorder,17,2023,9
CALGARY INTERNATIONAL AIRPORT,Disorder,18,2023,10
CALGARY INTERNATIONAL AIRPORT,Disorder,11,2023,11
CALGARY INTERNATIONAL AIRPORT,Disorder,19,2023,12
CALGARY INTERNATIONAL AIRPORT,Disorder,10,2024,1
CALGARY INTERNATIONAL AIRPORT,Disorder,14,2024,2
CALGARY INTERNATIONAL AIRPORT,Disorder,17,2024,3
CALGARY INTERNATIONAL AIRPORT,Disorder,11,2024,4
CALGARY INTERNATIONAL AIRPORT,Disorder,9,2024,5
CAMBRIAN HEIGHTS,Disorder,6,2018,1
CAMBRIAN HEIGHTS,Disorder,10,2018,2
CAMBRIAN HEIGHTS,Disorder,4,2018,3
CAMBRIAN HEIGHTS,Disorder,5,2018,4
CAMBRIAN HEIGHTS,Disorder,14,2018,5
CAMBRIAN HEIGHTS,Disorder,6,2018,6
CAMBRIAN HEIGHTS,Disorder,11,2018,7
CAMBRIAN HEIGHTS,Disorder,9,2018,8
CAMBRIAN HEIGHTS,Disorder,4,2018,9
CAMBRIAN HEIGHTS,Disorder,14,2018,10
CAMBRIAN HEIGHTS,Disorder,6,2018,11
CAMBRIAN HEIGHTS,Disorder,4,2018,12
CAMBRIAN HEIGHTS,Disorder,8,2019,1
CAMBRIAN HEIGHTS,Disorder,6,2019,2
CAMBRIAN HEIGHTS,Disorder,3,2019,3
CAMBRIAN HEIGHTS,Disorder,8,2019,4
CAMBRIAN HEIGHTS,Disorder,6,2019,5
CAMBRIAN HEIGHTS,Disorder,9,2019,6
CAMBRIAN HEIGHTS,Disorder,6,2019,7
CAMBRIAN HEIGHTS,Disorder,10,2019,8
CAMBRIAN HEIGHTS,Disorder,12,2019,9
CAMBRIAN HEIGHTS,Disorder,9,2019,10
CAMBRIAN HEIGHTS,Disorder,5,2019,11
CAMBRIAN HEIGHTS,Disorder,7,2019,12
CAMBRIAN HEIGHTS,Disorder,5,2020,1
CAMBRIAN HEIGHTS,Disorder,4,2020,2
CAMBRIAN HEIGHTS,Disorder,5,2020,3
CAMBRIAN HEIGHTS,Disorder,4,2020,4
CAMBRIAN HEIGHTS,Disorder,12,2020,5
CAMBRIAN HEIGHTS,Disorder,21,2020,6
CAMBRIAN HEIGHTS,Disorder,10,2020,7
CAMBRIAN HEIGHTS,Disorder,9,2020,8
CAMBRIAN HEIGHTS,Disorder,8,2020,9
CAMBRIAN HEIGHTS,Disorder,4,2020,10
CAMBRIAN HEIGHTS,Disorder,4,2020,11
CAMBRIAN HEIGHTS,Disorder,10,2020,12
CAMBRIAN HEIGHTS,Disorder,2,2021,1
CAMBRIAN HEIGHTS,Disorder,5,2021,2
CAMBRIAN HEIGHTS,Disorder,5,2021,3
CAMBRIAN HEIGHTS,Disorder,8,2021,4
CAMBRIAN HEIGHTS,Disorder,6,2021,5
CAMBRIAN HEIGHTS,Disorder,5,2021,6
CAMBRIAN HEIGHTS,Disorder,5,2021,7
CAMBRIAN HEIGHTS,Disorder,1,2021,8
CAMBRIAN HEIGHTS,Disorder,6,2021,9
CAMBRIAN HEIGHTS,Disorder,3,2021,10
CAMBRIAN HEIGHTS,Disorder,3,2021,11
CAMBRIAN HEIGHTS,Disorder,3,2021,12
CAMBRIAN HEIGHTS,Disorder,5,2022,1
CAMBRIAN HEIGHTS,Disorder,7,2022,2
CAMBRIAN HEIGHTS,Disorder,7,2022,3
CAMBRIAN HEIGHTS,Disorder,12,2022,4
CAMBRIAN HEIGHTS,Disorder,5,2022,5
CAMBRIAN HEIGHTS,Disorder,9,2022,6
CAMBRIAN HEIGHTS,Disorder,16,2022,7
CAMBRIAN HEIGHTS,Disorder,12,2022,8
CAMBRIAN HEIGHTS,Disorder,10,2022,9
CAMBRIAN HEIGHTS,Disorder,7,2022,10
CAMBRIAN HEIGHTS,Disorder,3,2022,11
CAMBRIAN HEIGHTS,Disorder,4,2022,12
CAMBRIAN HEIGHTS,Disorder,3,2023,1
CAMBRIAN HEIGHTS,Disorder,4,2023,2
CAMBRIAN HEIGHTS,Disorder,4,2023,3
CAMBRIAN HEIGHTS,Disorder,4,2023,4
CAMBRIAN HEIGHTS,Disorder,5,2023,5
CAMBRIAN HEIGHTS,Disorder,7,2023,6
CAMBRIAN HEIGHTS,Disorder,5,2023,7
CAMBRIAN HEIGHTS,Disorder,5,2023,8
CAMBRIAN HEIGHTS,Disorder,6,2023,9
CAMBRIAN HEIGHTS,Disorder,4,2023,10
CAMBRIAN HEIGHTS,Disorder,5,2023,11
CAMBRIAN HEIGHTS,Disorder,5,2023,12
CAMBRIAN HEIGHTS,Disorder,4,2024,1
CAMBRIAN HEIGHTS,Disorder,2,2024,2
CAMBRIAN HEIGHTS,Disorder,4,2024,4
CAMBRIAN HEIGHTS,Disorder,6,2024,5
CANADA OLYMPIC PARK,Disorder,2,2018,1
CANADA OLYMPIC PARK,Disorder,1,2018,2
CANADA OLYMPIC PARK,Disorder,1,2018,3
CANADA OLYMPIC PARK,Disorder,3,2018,4
CANADA OLYMPIC PARK,Disorder,2,2018,5
CANADA OLYMPIC PARK,Disorder,1,2018,7
CANADA OLYMPIC PARK,Disorder,1,2018,9
CANADA OLYMPIC PARK,Disorder,8,2018,10
CANADA OLYMPIC PARK,Disorder,1,2018,12
CANADA OLYMPIC PARK,Disorder,1,2019,1
CANADA OLYMPIC PARK,Disorder,1,2019,3
CANADA OLYMPIC PARK,Disorder,1,2019,4
CANADA OLYMPIC PARK,Disorder,1,2019,5
CANADA OLYMPIC PARK,Disorder,2,2019,8
CANADA OLYMPIC PARK,Disorder,2,2019,9
CANADA OLYMPIC PARK,Disorder,2,2019,10
CANADA OLYMPIC PARK,Disorder,2,2020,1
CANADA OLYMPIC PARK,Disorder,3,2020,2
CANADA OLYMPIC PARK,Disorder,4,2020,3
CANADA OLYMPIC PARK,Disorder,3,2020,4
CANADA OLYMPIC PARK,Disorder,1,2020,5
CANADA OLYMPIC PARK,Disorder,1,2020,6
CANADA OLYMPIC PARK,Disorder,3,2020,7
CANADA OLYMPIC PARK,Disorder,1,2020,8
CANADA OLYMPIC PARK,Disorder,1,2020,9
CANADA OLYMPIC PARK,Disorder,2,2020,10
CANADA OLYMPIC PARK,Disorder,1,2020,11
CANADA OLYMPIC PARK,Disorder,2,2020,12
CANADA OLYMPIC PARK,Disorder,1,2021,2
CANADA OLYMPIC PARK,Disorder,3,2021,4
CANADA OLYMPIC PARK,Disorder,4,2021,5
CANADA OLYMPIC PARK,Disorder,4,2021,6
CANADA OLYMPIC PARK,Disorder,2,2021,7
CANADA OLYMPIC PARK,Disorder,1,2021,9
CANADA OLYMPIC PARK,Disorder,1,2021,10
CANADA OLYMPIC PARK,Disorder,2,2021,11
CANADA OLYMPIC PARK,Disorder,1,2021,12
CANADA OLYMPIC PARK,Disorder,1,2022,1
CANADA OLYMPIC PARK,Disorder,1,2022,2
CANADA OLYMPIC PARK,Disorder,2,2022,4
CANADA OLYMPIC PARK,Disorder,1,2022,6
CANADA OLYMPIC PARK,Disorder,2,2022,7
CANADA OLYMPIC PARK,Disorder,2,2022,8
CANADA OLYMPIC PARK,Disorder,2,2022,9
CANADA OLYMPIC PARK,Disorder,2,2022,10
CANADA OLYMPIC PARK,Disorder,1,2022,11
CANADA OLYMPIC PARK,Disorder,1,2023,1
CANADA OLYMPIC PARK,Disorder,1,2023,2
CANADA OLYMPIC PARK,Disorder,1,2023,3
CANADA OLYMPIC PARK,Disorder,1,2023,4
CANADA OLYMPIC PARK,Disorder,1,2023,5
CANADA OLYMPIC PARK,Disorder,1,2023,7
CANADA OLYMPIC PARK,Disorder,3,2023,8
CANADA OLYMPIC PARK,Disorder,1,2023,9
CANADA OLYMPIC PARK,Disorder,2,2023,10
CANADA OLYMPIC PARK,Disorder,2,2023,12
CANADA OLYMPIC PARK,Disorder,1,2024,1
CANADA OLYMPIC PARK,Disorder,2,2024,2
CANYON MEADOWS,Disorder,19,2018,1
CANYON MEADOWS,Disorder,19,2018,2
CANYON MEADOWS,Disorder,15,2018,3
CANYON MEADOWS,Disorder,21,2018,4
CANYON MEADOWS,Disorder,29,2018,5
CANYON MEADOWS,Disorder,20,2018,6
CANYON MEADOWS,Disorder,36,2018,7
CANYON MEADOWS,Disorder,27,2018,8
CANYON MEADOWS,Disorder,28,2018,9
CANYON MEADOWS,Disorder,15,2018,10
CANYON MEADOWS,Disorder,24,2018,11
CANYON MEADOWS,Disorder,14,2018,12
CANYON MEADOWS,Disorder,17,2019,1
CANYON MEADOWS,Disorder,22,2019,2
CANYON MEADOWS,Disorder,26,2019,3
CANYON MEADOWS,Disorder,22,2019,4
CANYON MEADOWS,Disorder,26,2019,5
CANYON MEADOWS,Disorder,25,2019,6
CANYON MEADOWS,Disorder,21,2019,7
CANYON MEADOWS,Disorder,29,2019,8
CANYON MEADOWS,Disorder,23,2019,9
CANYON MEADOWS,Disorder,19,2019,10
CANYON MEADOWS,Disorder,27,2019,11
CANYON MEADOWS,Disorder,17,2019,12
CANYON MEADOWS,Disorder,24,2020,1
CANYON MEADOWS,Disorder,16,2020,2
CANYON MEADOWS,Disorder,19,2020,3
CANYON MEADOWS,Disorder,39,2020,4
CANYON MEADOWS,Disorder,59,2020,5
CANYON MEADOWS,Disorder,42,2020,6
CANYON MEADOWS,Disorder,33,2020,7
CANYON MEADOWS,Disorder,24,2020,8
CANYON MEADOWS,Disorder,41,2020,9
CANYON MEADOWS,Disorder,24,2020,10
CANYON MEADOWS,Disorder,27,2020,11
CANYON MEADOWS,Disorder,16,2020,12
CANYON MEADOWS,Disorder,26,2021,1
CANYON MEADOWS,Disorder,19,2021,2
CANYON MEADOWS,Disorder,27,2021,3
CANYON MEADOWS,Disorder,30,2021,4
CANYON MEADOWS,Disorder,33,2021,5
CANYON MEADOWS,Disorder,33,2021,6
CANYON MEADOWS,Disorder,18,2021,7
CANYON MEADOWS,Disorder,21,2021,8
CANYON MEADOWS,Disorder,32,2021,9
CANYON MEADOWS,Disorder,18,2021,10
CANYON MEADOWS,Disorder,24,2021,11
CANYON MEADOWS,Disorder,14,2021,12
CANYON MEADOWS,Disorder,16,2022,1
CANYON MEADOWS,Disorder,29,2022,2
CANYON MEADOWS,Disorder,33,2022,3
CANYON MEADOWS,Disorder,31,2022,4
CANYON MEADOWS,Disorder,28,2022,5
CANYON MEADOWS,Disorder,27,2022,6
CANYON MEADOWS,Disorder,26,2022,7
CANYON MEADOWS,Disorder,18,2022,8
CANYON MEADOWS,Disorder,17,2022,9
CANYON MEADOWS,Disorder,27,2022,10
CANYON MEADOWS,Disorder,17,2022,11
CANYON MEADOWS,Disorder,19,2022,12
CANYON MEADOWS,Disorder,27,2023,1
CANYON MEADOWS,Disorder,19,2023,2
CANYON MEADOWS,Disorder,25,2023,3
CANYON MEADOWS,Disorder,21,2023,4
CANYON MEADOWS,Disorder,25,2023,5
CANYON MEADOWS,Disorder,24,2023,6
CANYON MEADOWS,Disorder,20,2023,7
CANYON MEADOWS,Disorder,21,2023,8
CANYON MEADOWS,Disorder,21,2023,9
CANYON MEADOWS,Disorder,21,2023,10
CANYON MEADOWS,Disorder,15,2023,11
CANYON MEADOWS,Disorder,15,2023,12
CANYON MEADOWS,Disorder,18,2024,1
CANYON MEADOWS,Disorder,12,2024,2
CANYON MEADOWS,Disorder,8,2024,3
CANYON MEADOWS,Disorder,24,2024,4
CANYON MEADOWS,Disorder,16,2024,5
CAPITOL HILL,Disorder,38,2018,1
CAPITOL HILL,Disorder,23,2018,2
CAPITOL HILL,Disorder,29,2018,3
CAPITOL HILL,Disorder,45,2018,4
CAPITOL HILL,Disorder,38,2018,5
CAPITOL HILL,Disorder,50,2018,6
CAPITOL HILL,Disorder,59,2018,7
CAPITOL HILL,Disorder,66,2018,8
CAPITOL HILL,Disorder,56,2018,9
CAPITOL HILL,Disorder,40,2018,10
CAPITOL HILL,Disorder,43,2018,11
CAPITOL HILL,Disorder,31,2018,12
CAPITOL HILL,Disorder,28,2019,1
CAPITOL HILL,Disorder,21,2019,2
CAPITOL HILL,Disorder,36,2019,3
CAPITOL HILL,Disorder,45,2019,4
CAPITOL HILL,Disorder,42,2019,5
CAPITOL HILL,Disorder,39,2019,6
CAPITOL HILL,Disorder,57,2019,7
CAPITOL HILL,Disorder,48,2019,8
CAPITOL HILL,Disorder,29,2019,9
CAPITOL HILL,Disorder,26,2019,10
CAPITOL HILL,Disorder,23,2019,11
CAPITOL HILL,Disorder,25,2019,12
CAPITOL HILL,Disorder,25,2020,1
CAPITOL HILL,Disorder,38,2020,2
CAPITOL HILL,Disorder,27,2020,3
CAPITOL HILL,Disorder,38,2020,4
CAPITOL HILL,Disorder,46,2020,5
CAPITOL HILL,Disorder,56,2020,6
CAPITOL HILL,Disorder,50,2020,7
CAPITOL HILL,Disorder,56,2020,8
CAPITOL HILL,Disorder,45,2020,9
CAPITOL HILL,Disorder,33,2020,10
CAPITOL HILL,Disorder,34,2020,11
CAPITOL HILL,Disorder,42,2020,12
CAPITOL HILL,Disorder,37,2021,1
CAPITOL HILL,Disorder,21,2021,2
CAPITOL HILL,Disorder,54,2021,3
CAPITOL HILL,Disorder,48,2021,4
CAPITOL HILL,Disorder,42,2021,5
CAPITOL HILL,Disorder,67,2021,6
CAPITOL HILL,Disorder,50,2021,7
CAPITOL HILL,Disorder,57,2021,8
CAPITOL HILL,Disorder,43,2021,9
CAPITOL HILL,Disorder,45,2021,10
CAPITOL HILL,Disorder,38,2021,11
CAPITOL HILL,Disorder,42,2021,12
CAPITOL HILL,Disorder,28,2022,1
CAPITOL HILL,Disorder,22,2022,2
CAPITOL HILL,Disorder,41,2022,3
CAPITOL HILL,Disorder,43,2022,4
CAPITOL HILL,Disorder,37,2022,5
CAPITOL HILL,Disorder,60,2022,6
CAPITOL HILL,Disorder,46,2022,7
CAPITOL HILL,Disorder,41,2022,8
CAPITOL HILL,Disorder,36,2022,9
CAPITOL HILL,Disorder,33,2022,10
CAPITOL HILL,Disorder,24,2022,11
CAPITOL HILL,Disorder,26,2022,12
CAPITOL HILL,Disorder,37,2023,1
CAPITOL HILL,Disorder,30,2023,2
CAPITOL HILL,Disorder,28,2023,3
CAPITOL HILL,Disorder,31,2023,4
CAPITOL HILL,Disorder,41,2023,5
CAPITOL HILL,Disorder,32,2023,6
CAPITOL HILL,Disorder,30,2023,7
CAPITOL HILL,Disorder,50,2023,8
CAPITOL HILL,Disorder,52,2023,9
CAPITOL HILL,Disorder,33,2023,10
CAPITOL HILL,Disorder,33,2023,11
CAPITOL HILL,Disorder,21,2023,12
CAPITOL HILL,Disorder,29,2024,1
CAPITOL HILL,Disorder,30,2024,2
CAPITOL HILL,Disorder,27,2024,3
CAPITOL HILL,Disorder,34,2024,4
CAPITOL HILL,Disorder,23,2024,5
CARRINGTON,Disorder,2,2018,2
CARRINGTON,Disorder,1,2018,3
CARRINGTON,Disorder,3,2018,4
CARRINGTON,Disorder,1,2018,5
CARRINGTON,Disorder,1,2018,6
CARRINGTON,Disorder,3,2018,7
CARRINGTON,Disorder,2,2018,8
CARRINGTON,Disorder,2,2018,9
CARRINGTON,Disorder,5,2018,10
CARRINGTON,Disorder,1,2019,1
CARRINGTON,Disorder,1,2019,2
CARRINGTON,Disorder,3,2019,5
CARRINGTON,Disorder,3,2019,6
CARRINGTON,Disorder,1,2019,7
CARRINGTON,Disorder,2,2019,8
CARRINGTON,Disorder,3,2019,9
CARRINGTON,Disorder,1,2019,10
CARRINGTON,Disorder,4,2019,11
CARRINGTON,Disorder,2,2019,12
CARRINGTON,Disorder,5,2020,1
CARRINGTON,Disorder,3,2020,4
CARRINGTON,Disorder,2,2020,5
CARRINGTON,Disorder,5,2020,6
CARRINGTON,Disorder,5,2020,7
CARRINGTON,Disorder,6,2020,8
CARRINGTON,Disorder,1,2020,9
CARRINGTON,Disorder,6,2020,11
CARRINGTON,Disorder,1,2020,12
CARRINGTON,Disorder,2,2021,1
CARRINGTON,Disorder,1,2021,2
CARRINGTON,Disorder,1,2021,3
CARRINGTON,Disorder,2,2021,4
CARRINGTON,Disorder,2,2021,5
CARRINGTON,Disorder,2,2021,6
CARRINGTON,Disorder,6,2021,7
CARRINGTON,Disorder,2,2021,8
CARRINGTON,Disorder,1,2021,9
CARRINGTON,Disorder,1,2021,10
CARRINGTON,Disorder,5,2021,11
CARRINGTON,Disorder,1,2022,1
CARRINGTON,Disorder,1,2022,2
CARRINGTON,Disorder,10,2022,3
CARRINGTON,Disorder,3,2022,4
CARRINGTON,Disorder,8,2022,5
CARRINGTON,Disorder,5,2022,6
CARRINGTON,Disorder,4,2022,7
CARRINGTON,Disorder,4,2022,8
CARRINGTON,Disorder,4,2022,9
CARRINGTON,Disorder,7,2022,10
CARRINGTON,Disorder,2,2022,11
CARRINGTON,Disorder,5,2022,12
CARRINGTON,Disorder,2,2023,1
CARRINGTON,Disorder,10,2023,2
CARRINGTON,Disorder,5,2023,3
CARRINGTON,Disorder,6,2023,4
CARRINGTON,Disorder,6,2023,5
CARRINGTON,Disorder,9,2023,6
CARRINGTON,Disorder,2,2023,7
CARRINGTON,Disorder,5,2023,8
CARRINGTON,Disorder,5,2023,9
CARRINGTON,Disorder,5,2023,10
CARRINGTON,Disorder,7,2023,11
CARRINGTON,Disorder,3,2023,12
CARRINGTON,Disorder,6,2024,1
CARRINGTON,Disorder,6,2024,2
CARRINGTON,Disorder,10,2024,3
CARRINGTON,Disorder,3,2024,4
CARRINGTON,Disorder,9,2024,5
CASTLERIDGE,Disorder,25,2018,1
CASTLERIDGE,Disorder,21,2018,2
CASTLERIDGE,Disorder,31,2018,3
CASTLERIDGE,Disorder,43,2018,4
CASTLERIDGE,Disorder,26,2018,5
CASTLERIDGE,Disorder,34,2018,6
CASTLERIDGE,Disorder,35,2018,7
CASTLERIDGE,Disorder,43,2018,8
CASTLERIDGE,Disorder,29,2018,9
CASTLERIDGE,Disorder,24,2018,10
CASTLERIDGE,Disorder,33,2018,11
CASTLERIDGE,Disorder,19,2018,12
CASTLERIDGE,Disorder,20,2019,1
CASTLERIDGE,Disorder,17,2019,2
CASTLERIDGE,Disorder,26,2019,3
CASTLERIDGE,Disorder,26,2019,4
CASTLERIDGE,Disorder,27,2019,5
CASTLERIDGE,Disorder,26,2019,6
CASTLERIDGE,Disorder,52,2019,7
CASTLERIDGE,Disorder,45,2019,8
CASTLERIDGE,Disorder,38,2019,9
CASTLERIDGE,Disorder,26,2019,10
CASTLERIDGE,Disorder,17,2019,11
CASTLERIDGE,Disorder,26,2019,12
CASTLERIDGE,Disorder,29,2020,1
CASTLERIDGE,Disorder,28,2020,2
CASTLERIDGE,Disorder,25,2020,3
CASTLERIDGE,Disorder,36,2020,4
CASTLERIDGE,Disorder,45,2020,5
CASTLERIDGE,Disorder,51,2020,6
CASTLERIDGE,Disorder,40,2020,7
CASTLERIDGE,Disorder,41,2020,8
CASTLERIDGE,Disorder,27,2020,9
CASTLERIDGE,Disorder,25,2020,10
CASTLERIDGE,Disorder,33,2020,11
CASTLERIDGE,Disorder,25,2020,12
CASTLERIDGE,Disorder,28,2021,1
CASTLERIDGE,Disorder,17,2021,2
CASTLERIDGE,Disorder,21,2021,3
CASTLERIDGE,Disorder,51,2021,4
CASTLERIDGE,Disorder,45,2021,5
CASTLERIDGE,Disorder,35,2021,6
CASTLERIDGE,Disorder,50,2021,7
CASTLERIDGE,Disorder,33,2021,8
CASTLERIDGE,Disorder,32,2021,9
CASTLERIDGE,Disorder,36,2021,10
CASTLERIDGE,Disorder,37,2021,11
CASTLERIDGE,Disorder,14,2021,12
CASTLERIDGE,Disorder,20,2022,1
CASTLERIDGE,Disorder,20,2022,2
CASTLERIDGE,Disorder,23,2022,3
CASTLERIDGE,Disorder,29,2022,4
CASTLERIDGE,Disorder,30,2022,5
CASTLERIDGE,Disorder,33,2022,6
CASTLERIDGE,Disorder,35,2022,7
CASTLERIDGE,Disorder,34,2022,8
CASTLERIDGE,Disorder,28,2022,9
CASTLERIDGE,Disorder,23,2022,10
CASTLERIDGE,Disorder,16,2022,11
CASTLERIDGE,Disorder,19,2022,12
CASTLERIDGE,Disorder,17,2023,1
CASTLERIDGE,Disorder,18,2023,2
CASTLERIDGE,Disorder,39,2023,3
CASTLERIDGE,Disorder,30,2023,4
CASTLERIDGE,Disorder,30,2023,5
CASTLERIDGE,Disorder,19,2023,6
CASTLERIDGE,Disorder,15,2023,7
CASTLERIDGE,Disorder,20,2023,8
CASTLERIDGE,Disorder,22,2023,9
CASTLERIDGE,Disorder,9,2023,10
CASTLERIDGE,Disorder,18,2023,11
CASTLERIDGE,Disorder,12,2023,12
CASTLERIDGE,Disorder,6,2024,1
CASTLERIDGE,Disorder,11,2024,2
CASTLERIDGE,Disorder,12,2024,3
CASTLERIDGE,Disorder,15,2024,4
CASTLERIDGE,Disorder,8,2024,5
CEDARBRAE,Disorder,19,2018,1
CEDARBRAE,Disorder,18,2018,2
CEDARBRAE,Disorder,25,2018,3
CEDARBRAE,Disorder,26,2018,4
CEDARBRAE,Disorder,43,2018,5
CEDARBRAE,Disorder,44,2018,6
CEDARBRAE,Disorder,28,2018,7
CEDARBRAE,Disorder,43,2018,8
CEDARBRAE,Disorder,28,2018,9
CEDARBRAE,Disorder,37,2018,10
CEDARBRAE,Disorder,21,2018,11
CEDARBRAE,Disorder,17,2018,12
CEDARBRAE,Disorder,12,2019,1
CEDARBRAE,Disorder,10,2019,2
CEDARBRAE,Disorder,20,2019,3
CEDARBRAE,Disorder,20,2019,4
CEDARBRAE,Disorder,22,2019,5
CEDARBRAE,Disorder,38,2019,6
CEDARBRAE,Disorder,28,2019,7
CEDARBRAE,Disorder,25,2019,8
CEDARBRAE,Disorder,21,2019,9
CEDARBRAE,Disorder,17,2019,10
CEDARBRAE,Disorder,10,2019,11
CEDARBRAE,Disorder,14,2019,12
CEDARBRAE,Disorder,17,2020,1
CEDARBRAE,Disorder,21,2020,2
CEDARBRAE,Disorder,7,2020,3
CEDARBRAE,Disorder,20,2020,4
CEDARBRAE,Disorder,17,2020,5
CEDARBRAE,Disorder,14,2020,6
CEDARBRAE,Disorder,30,2020,7
CEDARBRAE,Disorder,25,2020,8
CEDARBRAE,Disorder,25,2020,9
CEDARBRAE,Disorder,16,2020,10
CEDARBRAE,Disorder,18,2020,11
CEDARBRAE,Disorder,5,2020,12
CEDARBRAE,Disorder,16,2021,1
CEDARBRAE,Disorder,8,2021,2
CEDARBRAE,Disorder,9,2021,3
CEDARBRAE,Disorder,12,2021,4
CEDARBRAE,Disorder,12,2021,5
CEDARBRAE,Disorder,11,2021,6
CEDARBRAE,Disorder,13,2021,7
CEDARBRAE,Disorder,26,2021,8
CEDARBRAE,Disorder,10,2021,9
CEDARBRAE,Disorder,10,2021,10
CEDARBRAE,Disorder,13,2021,11
CEDARBRAE,Disorder,16,2021,12
CEDARBRAE,Disorder,11,2022,1
CEDARBRAE,Disorder,6,2022,2
CEDARBRAE,Disorder,17,2022,3
CEDARBRAE,Disorder,15,2022,4
CEDARBRAE,Disorder,11,2022,5
CEDARBRAE,Disorder,7,2022,6
CEDARBRAE,Disorder,9,2022,7
CEDARBRAE,Disorder,11,2022,8
CEDARBRAE,Disorder,12,2022,9
CEDARBRAE,Disorder,15,2022,10
CEDARBRAE,Disorder,12,2022,11
CEDARBRAE,Disorder,14,2022,12
CEDARBRAE,Disorder,16,2023,1
CEDARBRAE,Disorder,6,2023,2
CEDARBRAE,Disorder,9,2023,3
CEDARBRAE,Disorder,9,2023,4
CEDARBRAE,Disorder,11,2023,5
CEDARBRAE,Disorder,15,2023,6
CEDARBRAE,Disorder,29,2023,7
CEDARBRAE,Disorder,14,2023,8
CEDARBRAE,Disorder,14,2023,9
CEDARBRAE,Disorder,13,2023,10
CEDARBRAE,Disorder,6,2023,11
CEDARBRAE,Disorder,9,2023,12
CEDARBRAE,Disorder,9,2024,1
CEDARBRAE,Disorder,4,2024,2
CEDARBRAE,Disorder,14,2024,3
CEDARBRAE,Disorder,16,2024,4
CEDARBRAE,Disorder,18,2024,5
CHAPARRAL,Disorder,12,2018,1
CHAPARRAL,Disorder,12,2018,2
CHAPARRAL,Disorder,24,2018,3
CHAPARRAL,Disorder,33,2018,4
CHAPARRAL,Disorder,40,2018,5
CHAPARRAL,Disorder,31,2018,6
CHAPARRAL,Disorder,26,2018,7
CHAPARRAL,Disorder,32,2018,8
CHAPARRAL,Disorder,18,2018,9
CHAPARRAL,Disorder,18,2018,10
CHAPARRAL,Disorder,8,2018,11
CHAPARRAL,Disorder,28,2018,12
CHAPARRAL,Disorder,25,2019,1
CHAPARRAL,Disorder,24,2019,2
CHAPARRAL,Disorder,23,2019,3
CHAPARRAL,Disorder,18,2019,4
CHAPARRAL,Disorder,22,2019,5
CHAPARRAL,Disorder,25,2019,6
CHAPARRAL,Disorder,33,2019,7
CHAPARRAL,Disorder,21,2019,8
CHAPARRAL,Disorder,23,2019,9
CHAPARRAL,Disorder,22,2019,10
CHAPARRAL,Disorder,27,2019,11
CHAPARRAL,Disorder,17,2019,12
CHAPARRAL,Disorder,26,2020,1
CHAPARRAL,Disorder,8,2020,2
CHAPARRAL,Disorder,18,2020,3
CHAPARRAL,Disorder,29,2020,4
CHAPARRAL,Disorder,21,2020,5
CHAPARRAL,Disorder,20,2020,6
CHAPARRAL,Disorder,30,2020,7
CHAPARRAL,Disorder,43,2020,8
CHAPARRAL,Disorder,27,2020,9
CHAPARRAL,Disorder,21,2020,10
CHAPARRAL,Disorder,10,2020,11
CHAPARRAL,Disorder,12,2020,12
CHAPARRAL,Disorder,11,2021,1
CHAPARRAL,Disorder,11,2021,2
CHAPARRAL,Disorder,11,2021,3
CHAPARRAL,Disorder,16,2021,4
CHAPARRAL,Disorder,19,2021,5
CHAPARRAL,Disorder,27,2021,6
CHAPARRAL,Disorder,31,2021,7
CHAPARRAL,Disorder,23,2021,8
CHAPARRAL,Disorder,9,2021,9
CHAPARRAL,Disorder,15,2021,10
CHAPARRAL,Disorder,14,2021,11
CHAPARRAL,Disorder,6,2021,12
CHAPARRAL,Disorder,10,2022,1
CHAPARRAL,Disorder,14,2022,2
CHAPARRAL,Disorder,8,2022,3
CHAPARRAL,Disorder,10,2022,4
CHAPARRAL,Disorder,11,2022,5
CHAPARRAL,Disorder,20,2022,6
CHAPARRAL,Disorder,21,2022,7
CHAPARRAL,Disorder,21,2022,8
CHAPARRAL,Disorder,21,2022,9
CHAPARRAL,Disorder,13,2022,10
CHAPARRAL,Disorder,12,2022,11
CHAPARRAL,Disorder,4,2022,12
CHAPARRAL,Disorder,10,2023,1
CHAPARRAL,Disorder,5,2023,2
CHAPARRAL,Disorder,10,2023,3
CHAPARRAL,Disorder,17,2023,4
CHAPARRAL,Disorder,17,2023,5
CHAPARRAL,Disorder,18,2023,6
CHAPARRAL,Disorder,18,2023,7
CHAPARRAL,Disorder,21,2023,8
CHAPARRAL,Disorder,13,2023,9
CHAPARRAL,Disorder,13,2023,10
CHAPARRAL,Disorder,10,2023,11
CHAPARRAL,Disorder,9,2023,12
CHAPARRAL,Disorder,20,2024,1
CHAPARRAL,Disorder,13,2024,2
CHAPARRAL,Disorder,7,2024,3
CHAPARRAL,Disorder,6,2024,4
CHAPARRAL,Disorder,12,2024,5
CHARLESWOOD,Disorder,3,2018,1
CHARLESWOOD,Disorder,8,2018,2
CHARLESWOOD,Disorder,8,2018,3
CHARLESWOOD,Disorder,14,2018,4
CHARLESWOOD,Disorder,10,2018,5
CHARLESWOOD,Disorder,13,2018,6
CHARLESWOOD,Disorder,14,2018,7
CHARLESWOOD,Disorder,8,2018,8
CHARLESWOOD,Disorder,9,2018,9
CHARLESWOOD,Disorder,11,2018,10
CHARLESWOOD,Disorder,6,2018,11
CHARLESWOOD,Disorder,4,2018,12
CHARLESWOOD,Disorder,6,2019,1
CHARLESWOOD,Disorder,11,2019,2
CHARLESWOOD,Disorder,6,2019,3
CHARLESWOOD,Disorder,7,2019,4
CHARLESWOOD,Disorder,9,2019,5
CHARLESWOOD,Disorder,12,2019,6
CHARLESWOOD,Disorder,8,2019,7
CHARLESWOOD,Disorder,10,2019,8
CHARLESWOOD,Disorder,16,2019,9
CHARLESWOOD,Disorder,16,2019,10
CHARLESWOOD,Disorder,10,2019,11
CHARLESWOOD,Disorder,4,2019,12
CHARLESWOOD,Disorder,8,2020,1
CHARLESWOOD,Disorder,5,2020,2
CHARLESWOOD,Disorder,8,2020,3
CHARLESWOOD,Disorder,17,2020,4
CHARLESWOOD,Disorder,16,2020,5
CHARLESWOOD,Disorder,17,2020,6
CHARLESWOOD,Disorder,13,2020,7
CHARLESWOOD,Disorder,9,2020,8
CHARLESWOOD,Disorder,9,2020,9
CHARLESWOOD,Disorder,10,2020,10
CHARLESWOOD,Disorder,5,2020,11
CHARLESWOOD,Disorder,4,2020,12
CHARLESWOOD,Disorder,3,2021,1
CHARLESWOOD,Disorder,3,2021,2
CHARLESWOOD,Disorder,12,2021,3
CHARLESWOOD,Disorder,8,2021,4
CHARLESWOOD,Disorder,17,2021,5
CHARLESWOOD,Disorder,23,2021,6
CHARLESWOOD,Disorder,7,2021,7
CHARLESWOOD,Disorder,11,2021,8
CHARLESWOOD,Disorder,11,2021,9
CHARLESWOOD,Disorder,7,2021,10
CHARLESWOOD,Disorder,4,2021,11
CHARLESWOOD,Disorder,6,2021,12
CHARLESWOOD,Disorder,7,2022,1
CHARLESWOOD,Disorder,4,2022,2
CHARLESWOOD,Disorder,12,2022,3
CHARLESWOOD,Disorder,6,2022,4
CHARLESWOOD,Disorder,12,2022,5
CHARLESWOOD,Disorder,4,2022,6
CHARLESWOOD,Disorder,10,2022,7
CHARLESWOOD,Disorder,5,2022,8
CHARLESWOOD,Disorder,6,2022,9
CHARLESWOOD,Disorder,7,2022,10
CHARLESWOOD,Disorder,11,2022,11
CHARLESWOOD,Disorder,8,2022,12
CHARLESWOOD,Disorder,8,2023,1
CHARLESWOOD,Disorder,7,2023,2
CHARLESWOOD,Disorder,7,2023,3
CHARLESWOOD,Disorder,6,2023,4
CHARLESWOOD,Disorder,5,2023,5
CHARLESWOOD,Disorder,9,2023,6
CHARLESWOOD,Disorder,8,2023,7
CHARLESWOOD,Disorder,6,2023,8
CHARLESWOOD,Disorder,3,2023,9
CHARLESWOOD,Disorder,4,2023,10
CHARLESWOOD,Disorder,10,2023,11
CHARLESWOOD,Disorder,14,2023,12
CHARLESWOOD,Disorder,2,2024,1
CHARLESWOOD,Disorder,10,2024,2
CHARLESWOOD,Disorder,8,2024,3
CHARLESWOOD,Disorder,4,2024,4
CHARLESWOOD,Disorder,6,2024,5
CHINATOWN,Disorder,10,2018,1
CHINATOWN,Disorder,9,2018,2
CHINATOWN,Disorder,10,2018,3
CHINATOWN,Disorder,9,2018,4
CHINATOWN,Disorder,8,2018,5
CHINATOWN,Disorder,13,2018,6
CHINATOWN,Disorder,16,2018,7
CHINATOWN,Disorder,8,2018,8
CHINATOWN,Disorder,18,2018,9
CHINATOWN,Disorder,7,2018,10
CHINATOWN,Disorder,12,2018,11
CHINATOWN,Disorder,14,2018,12
CHINATOWN,Disorder,8,2019,1
CHINATOWN,Disorder,7,2019,2
CHINATOWN,Disorder,11,2019,3
CHINATOWN,Disorder,19,2019,4
CHINATOWN,Disorder,15,2019,5
CHINATOWN,Disorder,11,2019,6
CHINATOWN,Disorder,13,2019,7
CHINATOWN,Disorder,23,2019,8
CHINATOWN,Disorder,19,2019,9
CHINATOWN,Disorder,7,2019,10
CHINATOWN,Disorder,9,2019,11
CHINATOWN,Disorder,12,2019,12
CHINATOWN,Disorder,16,2020,1
CHINATOWN,Disorder,15,2020,2
CHINATOWN,Disorder,15,2020,3
CHINATOWN,Disorder,27,2020,4
CHINATOWN,Disorder,12,2020,5
CHINATOWN,Disorder,27,2020,6
CHINATOWN,Disorder,24,2020,7
CHINATOWN,Disorder,23,2020,8
CHINATOWN,Disorder,25,2020,9
CHINATOWN,Disorder,21,2020,10
CHINATOWN,Disorder,15,2020,11
CHINATOWN,Disorder,27,2020,12
CHINATOWN,Disorder,16,2021,1
CHINATOWN,Disorder,11,2021,2
CHINATOWN,Disorder,23,2021,3
CHINATOWN,Disorder,26,2021,4
CHINATOWN,Disorder,14,2021,5
CHINATOWN,Disorder,11,2021,6
CHINATOWN,Disorder,23,2021,7
CHINATOWN,Disorder,23,2021,8
CHINATOWN,Disorder,12,2021,9
CHINATOWN,Disorder,12,2021,10
CHINATOWN,Disorder,10,2021,11
CHINATOWN,Disorder,11,2021,12
CHINATOWN,Disorder,12,2022,1
CHINATOWN,Disorder,13,2022,2
CHINATOWN,Disorder,14,2022,3
CHINATOWN,Disorder,6,2022,4
CHINATOWN,Disorder,18,2022,5
CHINATOWN,Disorder,16,2022,6
CHINATOWN,Disorder,14,2022,7
CHINATOWN,Disorder,17,2022,8
CHINATOWN,Disorder,15,2022,9
CHINATOWN,Disorder,14,2022,10
CHINATOWN,Disorder,11,2022,11
CHINATOWN,Disorder,9,2022,12
CHINATOWN,Disorder,5,2023,1
CHINATOWN,Disorder,10,2023,2
CHINATOWN,Disorder,11,2023,3
CHINATOWN,Disorder,15,2023,4
CHINATOWN,Disorder,11,2023,5
CHINATOWN,Disorder,20,2023,6
CHINATOWN,Disorder,13,2023,7
CHINATOWN,Disorder,20,2023,8
CHINATOWN,Disorder,18,2023,9
CHINATOWN,Disorder,15,2023,10
CHINATOWN,Disorder,13,2023,11
CHINATOWN,Disorder,16,2023,12
CHINATOWN,Disorder,6,2024,1
CHINATOWN,Disorder,8,2024,2
CHINATOWN,Disorder,22,2024,3
CHINATOWN,Disorder,17,2024,4
CHINATOWN,Disorder,14,2024,5
CHINOOK PARK,Disorder,4,2018,1
CHINOOK PARK,Disorder,2,2018,2
CHINOOK PARK,Disorder,3,2018,3
CHINOOK PARK,Disorder,3,2018,4
CHINOOK PARK,Disorder,4,2018,5
CHINOOK PARK,Disorder,8,2018,6
CHINOOK PARK,Disorder,2,2018,8
CHINOOK PARK,Disorder,5,2018,9
CHINOOK PARK,Disorder,5,2018,10
CHINOOK PARK,Disorder,6,2018,11
CHINOOK PARK,Disorder,4,2018,12
CHINOOK PARK,Disorder,3,2019,1
CHINOOK PARK,Disorder,9,2019,2
CHINOOK PARK,Disorder,6,2019,3
CHINOOK PARK,Disorder,4,2019,4
CHINOOK PARK,Disorder,3,2019,5
CHINOOK PARK,Disorder,8,2019,6
CHINOOK PARK,Disorder,4,2019,7
CHINOOK PARK,Disorder,8,2019,8
CHINOOK PARK,Disorder,6,2019,9
CHINOOK PARK,Disorder,4,2019,10
CHINOOK PARK,Disorder,2,2019,11
CHINOOK PARK,Disorder,1,2019,12
CHINOOK PARK,Disorder,2,2020,1
CHINOOK PARK,Disorder,4,2020,2
CHINOOK PARK,Disorder,3,2020,3
CHINOOK PARK,Disorder,10,2020,4
CHINOOK PARK,Disorder,5,2020,5
CHINOOK PARK,Disorder,4,2020,6
CHINOOK PARK,Disorder,4,2020,7
CHINOOK PARK,Disorder,3,2020,8
CHINOOK PARK,Disorder,7,2020,9
CHINOOK PARK,Disorder,6,2020,10
CHINOOK PARK,Disorder,2,2020,11
CHINOOK PARK,Disorder,2,2020,12
CHINOOK PARK,Disorder,3,2021,1
CHINOOK PARK,Disorder,3,2021,2
CHINOOK PARK,Disorder,1,2021,3
CHINOOK PARK,Disorder,4,2021,4
CHINOOK PARK,Disorder,7,2021,5
CHINOOK PARK,Disorder,3,2021,6
CHINOOK PARK,Disorder,7,2021,7
CHINOOK PARK,Disorder,6,2021,8
CHINOOK PARK,Disorder,1,2021,9
CHINOOK PARK,Disorder,2,2021,10
CHINOOK PARK,Disorder,7,2021,11
CHINOOK PARK,Disorder,6,2021,12
CHINOOK PARK,Disorder,3,2022,1
CHINOOK PARK,Disorder,2,2022,2
CHINOOK PARK,Disorder,4,2022,3
CHINOOK PARK,Disorder,3,2022,4
CHINOOK PARK,Disorder,2,2022,5
CHINOOK PARK,Disorder,4,2022,6
CHINOOK PARK,Disorder,4,2022,7
CHINOOK PARK,Disorder,3,2022,8
CHINOOK PARK,Disorder,6,2022,9
CHINOOK PARK,Disorder,3,2022,10
CHINOOK PARK,Disorder,2,2022,11
CHINOOK PARK,Disorder,3,2022,12
CHINOOK PARK,Disorder,2,2023,1
CHINOOK PARK,Disorder,2,2023,2
CHINOOK PARK,Disorder,1,2023,3
CHINOOK PARK,Disorder,6,2023,4
CHINOOK PARK,Disorder,6,2023,5
CHINOOK PARK,Disorder,7,2023,6
CHINOOK PARK,Disorder,1,2023,7
CHINOOK PARK,Disorder,5,2023,8
CHINOOK PARK,Disorder,2,2023,9
CHINOOK PARK,Disorder,8,2023,10
CHINOOK PARK,Disorder,5,2023,11
CHINOOK PARK,Disorder,5,2023,12
CHINOOK PARK,Disorder,2,2024,1
CHINOOK PARK,Disorder,6,2024,2
CHINOOK PARK,Disorder,3,2024,3
CHINOOK PARK,Disorder,8,2024,4
CHINOOK PARK,Disorder,4,2024,5
CHRISTIE PARK,Disorder,3,2018,1
CHRISTIE PARK,Disorder,2,2018,2
CHRISTIE PARK,Disorder,6,2018,3
CHRISTIE PARK,Disorder,4,2018,4
CHRISTIE PARK,Disorder,2,2018,5
CHRISTIE PARK,Disorder,3,2018,6
CHRISTIE PARK,Disorder,7,2018,7
CHRISTIE PARK,Disorder,4,2018,8
CHRISTIE PARK,Disorder,2,2018,9
CHRISTIE PARK,Disorder,7,2018,10
CHRISTIE PARK,Disorder,8,2018,11
CHRISTIE PARK,Disorder,5,2019,1
CHRISTIE PARK,Disorder,1,2019,2
CHRISTIE PARK,Disorder,2,2019,3
CHRISTIE PARK,Disorder,4,2019,4
CHRISTIE PARK,Disorder,4,2019,5
CHRISTIE PARK,Disorder,2,2019,6
CHRISTIE PARK,Disorder,4,2019,7
CHRISTIE PARK,Disorder,4,2019,8
CHRISTIE PARK,Disorder,3,2019,9
CHRISTIE PARK,Disorder,2,2019,11
CHRISTIE PARK,Disorder,8,2019,12
CHRISTIE PARK,Disorder,3,2020,1
CHRISTIE PARK,Disorder,6,2020,2
CHRISTIE PARK,Disorder,3,2020,3
CHRISTIE PARK,Disorder,4,2020,4
CHRISTIE PARK,Disorder,4,2020,5
CHRISTIE PARK,Disorder,3,2020,6
CHRISTIE PARK,Disorder,5,2020,7
CHRISTIE PARK,Disorder,5,2020,8
CHRISTIE PARK,Disorder,6,2020,10
CHRISTIE PARK,Disorder,4,2020,11
CHRISTIE PARK,Disorder,3,2020,12
CHRISTIE PARK,Disorder,3,2021,1
CHRISTIE PARK,Disorder,1,2021,2
CHRISTIE PARK,Disorder,4,2021,3
CHRISTIE PARK,Disorder,2,2021,4
CHRISTIE PARK,Disorder,4,2021,5
CHRISTIE PARK,Disorder,5,2021,6
CHRISTIE PARK,Disorder,5,2021,7
CHRISTIE PARK,Disorder,4,2021,8
CHRISTIE PARK,Disorder,1,2021,9
CHRISTIE PARK,Disorder,6,2021,10
CHRISTIE PARK,Disorder,4,2021,11
CHRISTIE PARK,Disorder,3,2021,12
CHRISTIE PARK,Disorder,2,2022,1
CHRISTIE PARK,Disorder,3,2022,2
CHRISTIE PARK,Disorder,1,2022,3
CHRISTIE PARK,Disorder,2,2022,4
CHRISTIE PARK,Disorder,5,2022,5
CHRISTIE PARK,Disorder,5,2022,6
CHRISTIE PARK,Disorder,1,2022,8
CHRISTIE PARK,Disorder,1,2022,10
CHRISTIE PARK,Disorder,3,2022,11
CHRISTIE PARK,Disorder,3,2023,1
CHRISTIE PARK,Disorder,1,2023,2
CHRISTIE PARK,Disorder,2,2023,3
CHRISTIE PARK,Disorder,2,2023,4
CHRISTIE PARK,Disorder,2,2023,5
CHRISTIE PARK,Disorder,6,2023,6
CHRISTIE PARK,Disorder,2,2023,7
CHRISTIE PARK,Disorder,4,2023,8
CHRISTIE PARK,Disorder,2,2023,9
CHRISTIE PARK,Disorder,2,2023,10
CHRISTIE PARK,Disorder,2,2023,11
CHRISTIE PARK,Disorder,2,2024,2
CHRISTIE PARK,Disorder,6,2024,4
CHRISTIE PARK,Disorder,3,2024,5
CITADEL,Disorder,13,2018,1
CITADEL,Disorder,9,2018,2
CITADEL,Disorder,8,2018,3
CITADEL,Disorder,12,2018,4
CITADEL,Disorder,11,2018,5
CITADEL,Disorder,15,2018,6
CITADEL,Disorder,17,2018,7
CITADEL,Disorder,13,2018,8
CITADEL,Disorder,8,2018,9
CITADEL,Disorder,6,2018,10
CITADEL,Disorder,21,2018,11
CITADEL,Disorder,15,2018,12
CITADEL,Disorder,11,2019,1
CITADEL,Disorder,10,2019,2
CITADEL,Disorder,4,2019,3
CITADEL,Disorder,20,2019,4
CITADEL,Disorder,17,2019,5
CITADEL,Disorder,14,2019,6
CITADEL,Disorder,11,2019,7
CITADEL,Disorder,24,2019,8
CITADEL,Disorder,16,2019,9
CITADEL,Disorder,11,2019,10
CITADEL,Disorder,18,2019,11
CITADEL,Disorder,9,2019,12
CITADEL,Disorder,9,2020,1
CITADEL,Disorder,11,2020,2
CITADEL,Disorder,13,2020,3
CITADEL,Disorder,13,2020,4
CITADEL,Disorder,15,2020,5
CITADEL,Disorder,22,2020,6
CITADEL,Disorder,21,2020,7
CITADEL,Disorder,15,2020,8
CITADEL,Disorder,21,2020,9
CITADEL,Disorder,7,2020,10
CITADEL,Disorder,11,2020,11
CITADEL,Disorder,8,2020,12
CITADEL,Disorder,14,2021,1
CITADEL,Disorder,14,2021,2
CITADEL,Disorder,17,2021,3
CITADEL,Disorder,14,2021,4
CITADEL,Disorder,20,2021,5
CITADEL,Disorder,19,2021,6
CITADEL,Disorder,19,2021,7
CITADEL,Disorder,13,2021,8
CITADEL,Disorder,10,2021,9
CITADEL,Disorder,16,2021,10
CITADEL,Disorder,12,2021,11
CITADEL,Disorder,13,2021,12
CITADEL,Disorder,10,2022,1
CITADEL,Disorder,8,2022,2
CITADEL,Disorder,13,2022,3
CITADEL,Disorder,6,2022,4
CITADEL,Disorder,17,2022,5
CITADEL,Disorder,16,2022,6
CITADEL,Disorder,16,2022,7
CITADEL,Disorder,20,2022,8
CITADEL,Disorder,12,2022,9
CITADEL,Disorder,11,2022,10
CITADEL,Disorder,11,2022,11
CITADEL,Disorder,6,2022,12
CITADEL,Disorder,12,2023,1
CITADEL,Disorder,9,2023,2
CITADEL,Disorder,12,2023,3
CITADEL,Disorder,16,2023,4
CITADEL,Disorder,11,2023,5
CITADEL,Disorder,8,2023,6
CITADEL,Disorder,11,2023,7
CITADEL,Disorder,12,2023,8
CITADEL,Disorder,14,2023,9
CITADEL,Disorder,10,2023,10
CITADEL,Disorder,13,2023,11
CITADEL,Disorder,7,2023,12
CITADEL,Disorder,9,2024,1
CITADEL,Disorder,5,2024,2
CITADEL,Disorder,8,2024,3
CITADEL,Disorder,12,2024,4
CITADEL,Disorder,9,2024,5
CITYSCAPE,Disorder,5,2018,1
CITYSCAPE,Disorder,7,2018,2
CITYSCAPE,Disorder,8,2018,3
CITYSCAPE,Disorder,5,2018,4
CITYSCAPE,Disorder,4,2018,5
CITYSCAPE,Disorder,7,2018,6
CITYSCAPE,Disorder,1,2018,7
CITYSCAPE,Disorder,5,2018,8
CITYSCAPE,Disorder,8,2018,9
CITYSCAPE,Disorder,5,2018,10
CITYSCAPE,Disorder,4,2018,11
CITYSCAPE,Disorder,5,2018,12
CITYSCAPE,Disorder,7,2019,1
CITYSCAPE,Disorder,12,2019,2
CITYSCAPE,Disorder,5,2019,3
CITYSCAPE,Disorder,12,2019,4
CITYSCAPE,Disorder,4,2019,5
CITYSCAPE,Disorder,6,2019,6
CITYSCAPE,Disorder,5,2019,7
CITYSCAPE,Disorder,6,2019,8
CITYSCAPE,Disorder,5,2019,9
CITYSCAPE,Disorder,5,2019,10
CITYSCAPE,Disorder,4,2019,11
CITYSCAPE,Disorder,8,2019,12
CITYSCAPE,Disorder,5,2020,1
CITYSCAPE,Disorder,3,2020,2
CITYSCAPE,Disorder,6,2020,3
CITYSCAPE,Disorder,6,2020,4
CITYSCAPE,Disorder,4,2020,5
CITYSCAPE,Disorder,11,2020,6
CITYSCAPE,Disorder,6,2020,7
CITYSCAPE,Disorder,10,2020,8
CITYSCAPE,Disorder,6,2020,9
CITYSCAPE,Disorder,6,2020,10
CITYSCAPE,Disorder,7,2020,11
CITYSCAPE,Disorder,8,2020,12
CITYSCAPE,Disorder,11,2021,1
CITYSCAPE,Disorder,3,2021,3
CITYSCAPE,Disorder,12,2021,4
CITYSCAPE,Disorder,6,2021,5
CITYSCAPE,Disorder,7,2021,6
CITYSCAPE,Disorder,7,2021,7
CITYSCAPE,Disorder,6,2021,8
CITYSCAPE,Disorder,9,2021,9
CITYSCAPE,Disorder,11,2021,10
CITYSCAPE,Disorder,2,2021,11
CITYSCAPE,Disorder,2,2021,12
CITYSCAPE,Disorder,7,2022,1
CITYSCAPE,Disorder,6,2022,2
CITYSCAPE,Disorder,6,2022,3
CITYSCAPE,Disorder,3,2022,4
CITYSCAPE,Disorder,11,2022,5
CITYSCAPE,Disorder,8,2022,6
CITYSCAPE,Disorder,8,2022,7
CITYSCAPE,Disorder,12,2022,8
CITYSCAPE,Disorder,10,2022,9
CITYSCAPE,Disorder,13,2022,10
CITYSCAPE,Disorder,4,2022,11
CITYSCAPE,Disorder,2,2022,12
CITYSCAPE,Disorder,4,2023,1
CITYSCAPE,Disorder,8,2023,2
CITYSCAPE,Disorder,9,2023,3
CITYSCAPE,Disorder,11,2023,4
CITYSCAPE,Disorder,10,2023,5
CITYSCAPE,Disorder,6,2023,6
CITYSCAPE,Disorder,13,2023,7
CITYSCAPE,Disorder,10,2023,8
CITYSCAPE,Disorder,13,2023,9
CITYSCAPE,Disorder,8,2023,10
CITYSCAPE,Disorder,5,2023,11
CITYSCAPE,Disorder,17,2023,12
CITYSCAPE,Disorder,24,2024,1
CITYSCAPE,Disorder,7,2024,2
CITYSCAPE,Disorder,16,2024,3
CITYSCAPE,Disorder,10,2024,4
CITYSCAPE,Disorder,7,2024,5
CLIFF BUNGALOW,Disorder,63,2018,1
CLIFF BUNGALOW,Disorder,71,2018,2
CLIFF BUNGALOW,Disorder,89,2018,3
CLIFF BUNGALOW,Disorder,84,2018,4
CLIFF BUNGALOW,Disorder,74,2018,5
CLIFF BUNGALOW,Disorder,90,2018,6
CLIFF BUNGALOW,Disorder,84,2018,7
CLIFF BUNGALOW,Disorder,76,2018,8
CLIFF BUNGALOW,Disorder,99,2018,9
CLIFF BUNGALOW,Disorder,83,2018,10
CLIFF BUNGALOW,Disorder,57,2018,11
CLIFF BUNGALOW,Disorder,48,2018,12
CLIFF BUNGALOW,Disorder,43,2019,1
CLIFF BUNGALOW,Disorder,40,2019,2
CLIFF BUNGALOW,Disorder,71,2019,3
CLIFF BUNGALOW,Disorder,69,2019,4
CLIFF BUNGALOW,Disorder,82,2019,5
CLIFF BUNGALOW,Disorder,80,2019,6
CLIFF BUNGALOW,Disorder,74,2019,7
CLIFF BUNGALOW,Disorder,66,2019,8
CLIFF BUNGALOW,Disorder,58,2019,9
CLIFF BUNGALOW,Disorder,60,2019,10
CLIFF BUNGALOW,Disorder,51,2019,11
CLIFF BUNGALOW,Disorder,49,2019,12
CLIFF BUNGALOW,Disorder,56,2020,1
CLIFF BUNGALOW,Disorder,53,2020,2
CLIFF BUNGALOW,Disorder,68,2020,3
CLIFF BUNGALOW,Disorder,60,2020,4
CLIFF BUNGALOW,Disorder,88,2020,5
CLIFF BUNGALOW,Disorder,75,2020,6
CLIFF BUNGALOW,Disorder,73,2020,7
CLIFF BUNGALOW,Disorder,86,2020,8
CLIFF BUNGALOW,Disorder,101,2020,9
CLIFF BUNGALOW,Disorder,73,2020,10
CLIFF BUNGALOW,Disorder,53,2020,11
CLIFF BUNGALOW,Disorder,41,2020,12
CLIFF BUNGALOW,Disorder,34,2021,1
CLIFF BUNGALOW,Disorder,39,2021,2
CLIFF BUNGALOW,Disorder,61,2021,3
CLIFF BUNGALOW,Disorder,47,2021,4
CLIFF BUNGALOW,Disorder,69,2021,5
CLIFF BUNGALOW,Disorder,59,2021,6
CLIFF BUNGALOW,Disorder,42,2021,7
CLIFF BUNGALOW,Disorder,54,2021,8
CLIFF BUNGALOW,Disorder,66,2021,9
CLIFF BUNGALOW,Disorder,63,2021,10
CLIFF BUNGALOW,Disorder,53,2021,11
CLIFF BUNGALOW,Disorder,38,2021,12
CLIFF BUNGALOW,Disorder,35,2022,1
CLIFF BUNGALOW,Disorder,45,2022,2
CLIFF BUNGALOW,Disorder,41,2022,3
CLIFF BUNGALOW,Disorder,46,2022,4
CLIFF BUNGALOW,Disorder,48,2022,5
CLIFF BUNGALOW,Disorder,37,2022,6
CLIFF BUNGALOW,Disorder,43,2022,7
CLIFF BUNGALOW,Disorder,57,2022,8
CLIFF BUNGALOW,Disorder,61,2022,9
CLIFF BUNGALOW,Disorder,52,2022,10
CLIFF BUNGALOW,Disorder,42,2022,11
CLIFF BUNGALOW,Disorder,33,2022,12
CLIFF BUNGALOW,Disorder,43,2023,1
CLIFF BUNGALOW,Disorder,31,2023,2
CLIFF BUNGALOW,Disorder,28,2023,3
CLIFF BUNGALOW,Disorder,47,2023,4
CLIFF BUNGALOW,Disorder,44,2023,5
CLIFF BUNGALOW,Disorder,47,2023,6
CLIFF BUNGALOW,Disorder,43,2023,7
CLIFF BUNGALOW,Disorder,37,2023,8
CLIFF BUNGALOW,Disorder,27,2023,9
CLIFF BUNGALOW,Disorder,41,2023,10
CLIFF BUNGALOW,Disorder,42,2023,11
CLIFF BUNGALOW,Disorder,46,2023,12
CLIFF BUNGALOW,Disorder,24,2024,1
CLIFF BUNGALOW,Disorder,33,2024,2
CLIFF BUNGALOW,Disorder,32,2024,3
CLIFF BUNGALOW,Disorder,36,2024,4
CLIFF BUNGALOW,Disorder,41,2024,5
COACH HILL,Disorder,2,2018,1
COACH HILL,Disorder,3,2018,2
COACH HILL,Disorder,4,2018,3
COACH HILL,Disorder,9,2018,4
COACH HILL,Disorder,7,2018,5
COACH HILL,Disorder,8,2018,6
COACH HILL,Disorder,4,2018,7
COACH HILL,Disorder,12,2018,8
COACH HILL,Disorder,7,2018,9
COACH HILL,Disorder,3,2018,10
COACH HILL,Disorder,6,2018,11
COACH HILL,Disorder,3,2018,12
COACH HILL,Disorder,6,2019,1
COACH HILL,Disorder,9,2019,2
COACH HILL,Disorder,7,2019,3
COACH HILL,Disorder,6,2019,4
COACH HILL,Disorder,9,2019,5
COACH HILL,Disorder,5,2019,6
COACH HILL,Disorder,3,2019,7
COACH HILL,Disorder,8,2019,8
COACH HILL,Disorder,6,2019,9
COACH HILL,Disorder,2,2019,10
COACH HILL,Disorder,3,2019,11
COACH HILL,Disorder,2,2019,12
COACH HILL,Disorder,4,2020,1
COACH HILL,Disorder,8,2020,2
COACH HILL,Disorder,6,2020,3
COACH HILL,Disorder,8,2020,4
COACH HILL,Disorder,4,2020,5
COACH HILL,Disorder,5,2020,6
COACH HILL,Disorder,4,2020,7
COACH HILL,Disorder,6,2020,8
COACH HILL,Disorder,7,2020,9
COACH HILL,Disorder,2,2020,10
COACH HILL,Disorder,2,2020,11
COACH HILL,Disorder,4,2020,12
COACH HILL,Disorder,3,2021,2
COACH HILL,Disorder,8,2021,3
COACH HILL,Disorder,2,2021,4
COACH HILL,Disorder,3,2021,5
COACH HILL,Disorder,2,2021,6
COACH HILL,Disorder,5,2021,7
COACH HILL,Disorder,9,2021,8
COACH HILL,Disorder,6,2021,9
COACH HILL,Disorder,2,2021,10
COACH HILL,Disorder,4,2021,11
COACH HILL,Disorder,1,2021,12
COACH HILL,Disorder,3,2022,1
COACH HILL,Disorder,4,2022,2
COACH HILL,Disorder,2,2022,3
COACH HILL,Disorder,4,2022,4
COACH HILL,Disorder,4,2022,5
COACH HILL,Disorder,4,2022,6
COACH HILL,Disorder,3,2022,7
COACH HILL,Disorder,10,2022,8
COACH HILL,Disorder,9,2022,9
COACH HILL,Disorder,3,2022,10
COACH HILL,Disorder,3,2022,11
COACH HILL,Disorder,3,2022,12
COACH HILL,Disorder,3,2023,1
COACH HILL,Disorder,1,2023,2
COACH HILL,Disorder,1,2023,3
COACH HILL,Disorder,2,2023,4
COACH HILL,Disorder,2,2023,6
COACH HILL,Disorder,3,2023,7
COACH HILL,Disorder,1,2023,8
COACH HILL,Disorder,3,2023,9
COACH HILL,Disorder,4,2023,10
COACH HILL,Disorder,2,2023,12
COACH HILL,Disorder,1,2024,1
COACH HILL,Disorder,1,2024,2
COACH HILL,Disorder,6,2024,3
COACH HILL,Disorder,1,2024,4
COACH HILL,Disorder,1,2024,5
COLLINGWOOD,Disorder,9,2018,1
COLLINGWOOD,Disorder,11,2018,2
COLLINGWOOD,Disorder,12,2018,3
COLLINGWOOD,Disorder,12,2018,4
COLLINGWOOD,Disorder,9,2018,5
COLLINGWOOD,Disorder,13,2018,6
COLLINGWOOD,Disorder,12,2018,7
COLLINGWOOD,Disorder,8,2018,8
COLLINGWOOD,Disorder,5,2018,9
COLLINGWOOD,Disorder,9,2018,10
COLLINGWOOD,Disorder,5,2018,11
COLLINGWOOD,Disorder,4,2018,12
COLLINGWOOD,Disorder,5,2019,1
COLLINGWOOD,Disorder,2,2019,2
COLLINGWOOD,Disorder,6,2019,3
COLLINGWOOD,Disorder,8,2019,4
COLLINGWOOD,Disorder,6,2019,5
COLLINGWOOD,Disorder,4,2019,6
COLLINGWOOD,Disorder,7,2019,7
COLLINGWOOD,Disorder,5,2019,8
COLLINGWOOD,Disorder,17,2019,9
COLLINGWOOD,Disorder,3,2019,10
COLLINGWOOD,Disorder,8,2019,11
COLLINGWOOD,Disorder,3,2019,12
COLLINGWOOD,Disorder,5,2020,1
COLLINGWOOD,Disorder,3,2020,2
COLLINGWOOD,Disorder,8,2020,3
COLLINGWOOD,Disorder,4,2020,4
COLLINGWOOD,Disorder,9,2020,5
COLLINGWOOD,Disorder,13,2020,6
COLLINGWOOD,Disorder,10,2020,7
COLLINGWOOD,Disorder,6,2020,8
COLLINGWOOD,Disorder,8,2020,9
COLLINGWOOD,Disorder,6,2020,10
COLLINGWOOD,Disorder,6,2020,11
COLLINGWOOD,Disorder,3,2020,12
COLLINGWOOD,Disorder,5,2021,1
COLLINGWOOD,Disorder,4,2021,2
COLLINGWOOD,Disorder,14,2021,3
COLLINGWOOD,Disorder,16,2021,4
COLLINGWOOD,Disorder,9,2021,5
COLLINGWOOD,Disorder,10,2021,6
COLLINGWOOD,Disorder,8,2021,7
COLLINGWOOD,Disorder,14,2021,8
COLLINGWOOD,Disorder,4,2021,9
COLLINGWOOD,Disorder,16,2021,10
COLLINGWOOD,Disorder,8,2021,11
COLLINGWOOD,Disorder,6,2021,12
COLLINGWOOD,Disorder,8,2022,1
COLLINGWOOD,Disorder,7,2022,2
COLLINGWOOD,Disorder,14,2022,3
COLLINGWOOD,Disorder,10,2022,4
COLLINGWOOD,Disorder,12,2022,5
COLLINGWOOD,Disorder,9,2022,6
COLLINGWOOD,Disorder,13,2022,7
COLLINGWOOD,Disorder,10,2022,8
COLLINGWOOD,Disorder,7,2022,9
COLLINGWOOD,Disorder,11,2022,10
COLLINGWOOD,Disorder,8,2022,11
COLLINGWOOD,Disorder,6,2022,12
COLLINGWOOD,Disorder,7,2023,1
COLLINGWOOD,Disorder,6,2023,2
COLLINGWOOD,Disorder,6,2023,3
COLLINGWOOD,Disorder,7,2023,4
COLLINGWOOD,Disorder,11,2023,5
COLLINGWOOD,Disorder,11,2023,6
COLLINGWOOD,Disorder,7,2023,7
COLLINGWOOD,Disorder,6,2023,8
COLLINGWOOD,Disorder,3,2023,9
COLLINGWOOD,Disorder,6,2023,10
COLLINGWOOD,Disorder,8,2023,11
COLLINGWOOD,Disorder,7,2023,12
COLLINGWOOD,Disorder,4,2024,1
COLLINGWOOD,Disorder,3,2024,2
COLLINGWOOD,Disorder,5,2024,3
COLLINGWOOD,Disorder,5,2024,4
COLLINGWOOD,Disorder,4,2024,5
COPPERFIELD,Disorder,21,2018,1
COPPERFIELD,Disorder,31,2018,2
COPPERFIELD,Disorder,24,2018,3
COPPERFIELD,Disorder,24,2018,4
COPPERFIELD,Disorder,30,2018,5
COPPERFIELD,Disorder,29,2018,6
COPPERFIELD,Disorder,24,2018,7
COPPERFIELD,Disorder,43,2018,8
COPPERFIELD,Disorder,17,2018,9
COPPERFIELD,Disorder,30,2018,10
COPPERFIELD,Disorder,26,2018,11
COPPERFIELD,Disorder,23,2018,12
COPPERFIELD,Disorder,18,2019,1
COPPERFIELD,Disorder,17,2019,2
COPPERFIELD,Disorder,20,2019,3
COPPERFIELD,Disorder,16,2019,4
COPPERFIELD,Disorder,38,2019,5
COPPERFIELD,Disorder,26,2019,6
COPPERFIELD,Disorder,24,2019,7
COPPERFIELD,Disorder,37,2019,8
COPPERFIELD,Disorder,13,2019,9
COPPERFIELD,Disorder,31,2019,10
COPPERFIELD,Disorder,31,2019,11
COPPERFIELD,Disorder,20,2019,12
COPPERFIELD,Disorder,16,2020,1
COPPERFIELD,Disorder,16,2020,2
COPPERFIELD,Disorder,18,2020,3
COPPERFIELD,Disorder,37,2020,4
COPPERFIELD,Disorder,40,2020,5
COPPERFIELD,Disorder,30,2020,6
COPPERFIELD,Disorder,26,2020,7
COPPERFIELD,Disorder,23,2020,8
COPPERFIELD,Disorder,31,2020,9
COPPERFIELD,Disorder,23,2020,10
COPPERFIELD,Disorder,12,2020,11
COPPERFIELD,Disorder,20,2020,12
COPPERFIELD,Disorder,12,2021,1
COPPERFIELD,Disorder,16,2021,2
COPPERFIELD,Disorder,21,2021,3
COPPERFIELD,Disorder,15,2021,4
COPPERFIELD,Disorder,22,2021,5
COPPERFIELD,Disorder,22,2021,6
COPPERFIELD,Disorder,19,2021,7
COPPERFIELD,Disorder,15,2021,8
COPPERFIELD,Disorder,23,2021,9
COPPERFIELD,Disorder,20,2021,10
COPPERFIELD,Disorder,25,2021,11
COPPERFIELD,Disorder,10,2021,12
COPPERFIELD,Disorder,21,2022,1
COPPERFIELD,Disorder,12,2022,2
COPPERFIELD,Disorder,24,2022,3
COPPERFIELD,Disorder,14,2022,4
COPPERFIELD,Disorder,25,2022,5
COPPERFIELD,Disorder,23,2022,6
COPPERFIELD,Disorder,15,2022,7
COPPERFIELD,Disorder,20,2022,8
COPPERFIELD,Disorder,27,2022,9
COPPERFIELD,Disorder,23,2022,10
COPPERFIELD,Disorder,13,2022,11
COPPERFIELD,Disorder,19,2022,12
COPPERFIELD,Disorder,15,2023,1
COPPERFIELD,Disorder,15,2023,2
COPPERFIELD,Disorder,18,2023,3
COPPERFIELD,Disorder,26,2023,4
COPPERFIELD,Disorder,26,2023,5
COPPERFIELD,Disorder,25,2023,6
COPPERFIELD,Disorder,38,2023,7
COPPERFIELD,Disorder,30,2023,8
COPPERFIELD,Disorder,22,2023,9
COPPERFIELD,Disorder,25,2023,10
COPPERFIELD,Disorder,18,2023,11
COPPERFIELD,Disorder,14,2023,12
COPPERFIELD,Disorder,15,2024,1
COPPERFIELD,Disorder,19,2024,2
COPPERFIELD,Disorder,23,2024,3
COPPERFIELD,Disorder,21,2024,4
COPPERFIELD,Disorder,19,2024,5
CORAL SPRINGS,Disorder,13,2018,1
CORAL SPRINGS,Disorder,4,2018,2
CORAL SPRINGS,Disorder,6,2018,3
CORAL SPRINGS,Disorder,5,2018,4
CORAL SPRINGS,Disorder,18,2018,5
CORAL SPRINGS,Disorder,16,2018,6
CORAL SPRINGS,Disorder,17,2018,7
CORAL SPRINGS,Disorder,15,2018,8
CORAL SPRINGS,Disorder,7,2018,9
CORAL SPRINGS,Disorder,12,2018,10
CORAL SPRINGS,Disorder,11,2018,11
CORAL SPRINGS,Disorder,8,2018,12
CORAL SPRINGS,Disorder,8,2019,1
CORAL SPRINGS,Disorder,10,2019,2
CORAL SPRINGS,Disorder,17,2019,3
CORAL SPRINGS,Disorder,14,2019,4
CORAL SPRINGS,Disorder,9,2019,5
CORAL SPRINGS,Disorder,19,2019,6
CORAL SPRINGS,Disorder,24,2019,7
CORAL SPRINGS,Disorder,31,2019,8
CORAL SPRINGS,Disorder,12,2019,9
CORAL SPRINGS,Disorder,6,2019,10
CORAL SPRINGS,Disorder,11,2019,11
CORAL SPRINGS,Disorder,8,2019,12
CORAL SPRINGS,Disorder,23,2020,1
CORAL SPRINGS,Disorder,16,2020,2
CORAL SPRINGS,Disorder,13,2020,3
CORAL SPRINGS,Disorder,11,2020,4
CORAL SPRINGS,Disorder,9,2020,5
CORAL SPRINGS,Disorder,20,2020,6
CORAL SPRINGS,Disorder,24,2020,7
CORAL SPRINGS,Disorder,23,2020,8
CORAL SPRINGS,Disorder,12,2020,9
CORAL SPRINGS,Disorder,17,2020,10
CORAL SPRINGS,Disorder,13,2020,11
CORAL SPRINGS,Disorder,12,2020,12
CORAL SPRINGS,Disorder,8,2021,1
CORAL SPRINGS,Disorder,7,2021,2
CORAL SPRINGS,Disorder,14,2021,3
CORAL SPRINGS,Disorder,14,2021,4
CORAL SPRINGS,Disorder,16,2021,5
CORAL SPRINGS,Disorder,14,2021,6
CORAL SPRINGS,Disorder,12,2021,7
CORAL SPRINGS,Disorder,18,2021,8
CORAL SPRINGS,Disorder,18,2021,9
CORAL SPRINGS,Disorder,17,2021,10
CORAL SPRINGS,Disorder,8,2021,11
CORAL SPRINGS,Disorder,7,2021,12
CORAL SPRINGS,Disorder,8,2022,1
CORAL SPRINGS,Disorder,13,2022,2
CORAL SPRINGS,Disorder,16,2022,3
CORAL SPRINGS,Disorder,11,2022,4
CORAL SPRINGS,Disorder,17,2022,5
CORAL SPRINGS,Disorder,10,2022,6
CORAL SPRINGS,Disorder,15,2022,7
CORAL SPRINGS,Disorder,16,2022,8
CORAL SPRINGS,Disorder,11,2022,9
CORAL SPRINGS,Disorder,8,2022,10
CORAL SPRINGS,Disorder,8,2022,11
CORAL SPRINGS,Disorder,11,2022,12
CORAL SPRINGS,Disorder,8,2023,1
CORAL SPRINGS,Disorder,8,2023,2
CORAL SPRINGS,Disorder,9,2023,3
CORAL SPRINGS,Disorder,7,2023,4
CORAL SPRINGS,Disorder,7,2023,5
CORAL SPRINGS,Disorder,13,2023,6
CORAL SPRINGS,Disorder,10,2023,7
CORAL SPRINGS,Disorder,13,2023,8
CORAL SPRINGS,Disorder,5,2023,9
CORAL SPRINGS,Disorder,10,2023,10
CORAL SPRINGS,Disorder,8,2023,11
CORAL SPRINGS,Disorder,9,2023,12
CORAL SPRINGS,Disorder,9,2024,1
CORAL SPRINGS,Disorder,5,2024,2
CORAL SPRINGS,Disorder,4,2024,3
CORAL SPRINGS,Disorder,12,2024,4
CORAL SPRINGS,Disorder,5,2024,5
CORNERSTONE,Disorder,4,2018,2
CORNERSTONE,Disorder,5,2018,3
CORNERSTONE,Disorder,2,2018,4
CORNERSTONE,Disorder,2,2018,5
CORNERSTONE,Disorder,5,2018,6
CORNERSTONE,Disorder,3,2018,7
CORNERSTONE,Disorder,6,2018,8
CORNERSTONE,Disorder,2,2018,9
CORNERSTONE,Disorder,2,2018,10
CORNERSTONE,Disorder,1,2018,11
CORNERSTONE,Disorder,2,2018,12
CORNERSTONE,Disorder,3,2019,1
CORNERSTONE,Disorder,3,2019,2
CORNERSTONE,Disorder,2,2019,3
CORNERSTONE,Disorder,3,2019,4
CORNERSTONE,Disorder,3,2019,5
CORNERSTONE,Disorder,6,2019,6
CORNERSTONE,Disorder,9,2019,7
CORNERSTONE,Disorder,8,2019,8
CORNERSTONE,Disorder,4,2019,9
CORNERSTONE,Disorder,9,2019,10
CORNERSTONE,Disorder,7,2019,11
CORNERSTONE,Disorder,6,2019,12
CORNERSTONE,Disorder,6,2020,1
CORNERSTONE,Disorder,2,2020,2
CORNERSTONE,Disorder,9,2020,3
CORNERSTONE,Disorder,5,2020,4
CORNERSTONE,Disorder,7,2020,5
CORNERSTONE,Disorder,5,2020,6
CORNERSTONE,Disorder,12,2020,7
CORNERSTONE,Disorder,18,2020,8
CORNERSTONE,Disorder,11,2020,9
CORNERSTONE,Disorder,7,2020,10
CORNERSTONE,Disorder,8,2020,11
CORNERSTONE,Disorder,13,2020,12
CORNERSTONE,Disorder,7,2021,1
CORNERSTONE,Disorder,13,2021,2
CORNERSTONE,Disorder,13,2021,3
CORNERSTONE,Disorder,15,2021,4
CORNERSTONE,Disorder,17,2021,5
CORNERSTONE,Disorder,12,2021,6
CORNERSTONE,Disorder,17,2021,7
CORNERSTONE,Disorder,12,2021,8
CORNERSTONE,Disorder,18,2021,9
CORNERSTONE,Disorder,18,2021,10
CORNERSTONE,Disorder,14,2021,11
CORNERSTONE,Disorder,7,2021,12
CORNERSTONE,Disorder,17,2022,1
CORNERSTONE,Disorder,23,2022,2
CORNERSTONE,Disorder,16,2022,3
CORNERSTONE,Disorder,19,2022,4
CORNERSTONE,Disorder,18,2022,5
CORNERSTONE,Disorder,12,2022,6
CORNERSTONE,Disorder,15,2022,7
CORNERSTONE,Disorder,17,2022,8
CORNERSTONE,Disorder,21,2022,9
CORNERSTONE,Disorder,8,2022,10
CORNERSTONE,Disorder,14,2022,11
CORNERSTONE,Disorder,12,2022,12
CORNERSTONE,Disorder,11,2023,1
CORNERSTONE,Disorder,14,2023,2
CORNERSTONE,Disorder,10,2023,3
CORNERSTONE,Disorder,12,2023,4
CORNERSTONE,Disorder,17,2023,5
CORNERSTONE,Disorder,12,2023,6
CORNERSTONE,Disorder,13,2023,7
CORNERSTONE,Disorder,15,2023,8
CORNERSTONE,Disorder,25,2023,9
CORNERSTONE,Disorder,15,2023,10
CORNERSTONE,Disorder,23,2023,11
CORNERSTONE,Disorder,7,2023,12
CORNERSTONE,Disorder,14,2024,1
CORNERSTONE,Disorder,22,2024,2
CORNERSTONE,Disorder,16,2024,3
CORNERSTONE,Disorder,14,2024,4
CORNERSTONE,Disorder,28,2024,5
COUGAR RIDGE,Disorder,3,2018,1
COUGAR RIDGE,Disorder,3,2018,2
COUGAR RIDGE,Disorder,10,2018,3
COUGAR RIDGE,Disorder,12,2018,4
COUGAR RIDGE,Disorder,9,2018,5
COUGAR RIDGE,Disorder,3,2018,6
COUGAR RIDGE,Disorder,3,2018,7
COUGAR RIDGE,Disorder,9,2018,8
COUGAR RIDGE,Disorder,7,2018,9
COUGAR RIDGE,Disorder,11,2018,10
COUGAR RIDGE,Disorder,2,2018,11
COUGAR RIDGE,Disorder,7,2018,12
COUGAR RIDGE,Disorder,3,2019,1
COUGAR RIDGE,Disorder,3,2019,2
COUGAR RIDGE,Disorder,9,2019,3
COUGAR RIDGE,Disorder,10,2019,4
COUGAR RIDGE,Disorder,11,2019,5
COUGAR RIDGE,Disorder,11,2019,6
COUGAR RIDGE,Disorder,3,2019,7
COUGAR RIDGE,Disorder,6,2019,8
COUGAR RIDGE,Disorder,9,2019,9
COUGAR RIDGE,Disorder,7,2019,10
COUGAR RIDGE,Disorder,6,2019,11
COUGAR RIDGE,Disorder,8,2019,12
COUGAR RIDGE,Disorder,3,2020,1
COUGAR RIDGE,Disorder,7,2020,2
COUGAR RIDGE,Disorder,5,2020,3
COUGAR RIDGE,Disorder,7,2020,4
COUGAR RIDGE,Disorder,10,2020,5
COUGAR RIDGE,Disorder,7,2020,6
COUGAR RIDGE,Disorder,19,2020,7
COUGAR RIDGE,Disorder,15,2020,8
COUGAR RIDGE,Disorder,4,2020,9
COUGAR RIDGE,Disorder,6,2020,10
COUGAR RIDGE,Disorder,8,2020,11
COUGAR RIDGE,Disorder,8,2020,12
COUGAR RIDGE,Disorder,11,2021,1
COUGAR RIDGE,Disorder,7,2021,2
COUGAR RIDGE,Disorder,6,2021,3
COUGAR RIDGE,Disorder,10,2021,4
COUGAR RIDGE,Disorder,8,2021,5
COUGAR RIDGE,Disorder,4,2021,6
COUGAR RIDGE,Disorder,9,2021,7
COUGAR RIDGE,Disorder,13,2021,8
COUGAR RIDGE,Disorder,8,2021,9
COUGAR RIDGE,Disorder,9,2021,10
COUGAR RIDGE,Disorder,4,2021,11
COUGAR RIDGE,Disorder,4,2021,12
COUGAR RIDGE,Disorder,9,2022,1
COUGAR RIDGE,Disorder,4,2022,2
COUGAR RIDGE,Disorder,4,2022,3
COUGAR RIDGE,Disorder,8,2022,4
COUGAR RIDGE,Disorder,5,2022,5
COUGAR RIDGE,Disorder,6,2022,6
COUGAR RIDGE,Disorder,5,2022,7
COUGAR RIDGE,Disorder,4,2022,8
COUGAR RIDGE,Disorder,3,2022,9
COUGAR RIDGE,Disorder,2,2022,10
COUGAR RIDGE,Disorder,5,2022,11
COUGAR RIDGE,Disorder,8,2022,12
COUGAR RIDGE,Disorder,2,2023,1
COUGAR RIDGE,Disorder,4,2023,3
COUGAR RIDGE,Disorder,5,2023,4
COUGAR RIDGE,Disorder,8,2023,5
COUGAR RIDGE,Disorder,5,2023,6
COUGAR RIDGE,Disorder,3,2023,7
COUGAR RIDGE,Disorder,4,2023,8
COUGAR RIDGE,Disorder,9,2023,9
COUGAR RIDGE,Disorder,3,2023,10
COUGAR RIDGE,Disorder,8,2023,11
COUGAR RIDGE,Disorder,3,2023,12
COUGAR RIDGE,Disorder,6,2024,1
COUGAR RIDGE,Disorder,7,2024,2
COUGAR RIDGE,Disorder,7,2024,3
COUGAR RIDGE,Disorder,5,2024,4
COUGAR RIDGE,Disorder,3,2024,5
COUNTRY HILLS,Disorder,6,2018,1
COUNTRY HILLS,Disorder,8,2018,2
COUNTRY HILLS,Disorder,10,2018,3
COUNTRY HILLS,Disorder,10,2018,4
COUNTRY HILLS,Disorder,9,2018,5
COUNTRY HILLS,Disorder,9,2018,6
COUNTRY HILLS,Disorder,14,2018,7
COUNTRY HILLS,Disorder,11,2018,8
COUNTRY HILLS,Disorder,14,2018,9
COUNTRY HILLS,Disorder,7,2018,10
COUNTRY HILLS,Disorder,5,2018,11
COUNTRY HILLS,Disorder,1,2018,12
COUNTRY HILLS,Disorder,5,2019,1
COUNTRY HILLS,Disorder,5,2019,2
COUNTRY HILLS,Disorder,4,2019,3
COUNTRY HILLS,Disorder,5,2019,4
COUNTRY HILLS,Disorder,10,2019,5
COUNTRY HILLS,Disorder,6,2019,6
COUNTRY HILLS,Disorder,11,2019,7
COUNTRY HILLS,Disorder,11,2019,8
COUNTRY HILLS,Disorder,9,2019,9
COUNTRY HILLS,Disorder,3,2019,10
COUNTRY HILLS,Disorder,3,2019,11
COUNTRY HILLS,Disorder,5,2019,12
COUNTRY HILLS,Disorder,12,2020,1
COUNTRY HILLS,Disorder,3,2020,2
COUNTRY HILLS,Disorder,7,2020,3
COUNTRY HILLS,Disorder,11,2020,4
COUNTRY HILLS,Disorder,12,2020,5
COUNTRY HILLS,Disorder,14,2020,6
COUNTRY HILLS,Disorder,4,2020,7
COUNTRY HILLS,Disorder,7,2020,8
COUNTRY HILLS,Disorder,9,2020,9
COUNTRY HILLS,Disorder,15,2020,10
COUNTRY HILLS,Disorder,8,2020,11
COUNTRY HILLS,Disorder,5,2020,12
COUNTRY HILLS,Disorder,9,2021,1
COUNTRY HILLS,Disorder,3,2021,2
COUNTRY HILLS,Disorder,7,2021,3
COUNTRY HILLS,Disorder,11,2021,4
COUNTRY HILLS,Disorder,10,2021,5
COUNTRY HILLS,Disorder,4,2021,6
COUNTRY HILLS,Disorder,8,2021,7
COUNTRY HILLS,Disorder,8,2021,8
COUNTRY HILLS,Disorder,6,2021,9
COUNTRY HILLS,Disorder,5,2021,10
COUNTRY HILLS,Disorder,7,2021,11
COUNTRY HILLS,Disorder,7,2021,12
COUNTRY HILLS,Disorder,6,2022,1
COUNTRY HILLS,Disorder,5,2022,2
COUNTRY HILLS,Disorder,8,2022,3
COUNTRY HILLS,Disorder,7,2022,4
COUNTRY HILLS,Disorder,8,2022,5
COUNTRY HILLS,Disorder,15,2022,6
COUNTRY HILLS,Disorder,9,2022,7
COUNTRY HILLS,Disorder,9,2022,8
COUNTRY HILLS,Disorder,4,2022,9
COUNTRY HILLS,Disorder,6,2022,10
COUNTRY HILLS,Disorder,4,2022,11
COUNTRY HILLS,Disorder,4,2022,12
COUNTRY HILLS,Disorder,4,2023,1
COUNTRY HILLS,Disorder,3,2023,2
COUNTRY HILLS,Disorder,5,2023,3
COUNTRY HILLS,Disorder,4,2023,4
COUNTRY HILLS,Disorder,9,2023,5
COUNTRY HILLS,Disorder,7,2023,6
COUNTRY HILLS,Disorder,6,2023,7
COUNTRY HILLS,Disorder,7,2023,8
COUNTRY HILLS,Disorder,6,2023,9
COUNTRY HILLS,Disorder,6,2023,10
COUNTRY HILLS,Disorder,13,2023,11
COUNTRY HILLS,Disorder,5,2023,12
COUNTRY HILLS,Disorder,6,2024,1
COUNTRY HILLS,Disorder,9,2024,2
COUNTRY HILLS,Disorder,6,2024,3
COUNTRY HILLS,Disorder,8,2024,4
COUNTRY HILLS,Disorder,4,2024,5
COUNTRY HILLS VILLAGE,Disorder,14,2018,1
COUNTRY HILLS VILLAGE,Disorder,7,2018,2
COUNTRY HILLS VILLAGE,Disorder,11,2018,3
COUNTRY HILLS VILLAGE,Disorder,11,2018,4
COUNTRY HILLS VILLAGE,Disorder,20,2018,5
COUNTRY HILLS VILLAGE,Disorder,10,2018,6
COUNTRY HILLS VILLAGE,Disorder,17,2018,7
COUNTRY HILLS VILLAGE,Disorder,13,2018,8
COUNTRY HILLS VILLAGE,Disorder,13,2018,9
COUNTRY HILLS VILLAGE,Disorder,12,2018,10
COUNTRY HILLS VILLAGE,Disorder,14,2018,11
COUNTRY HILLS VILLAGE,Disorder,14,2018,12
COUNTRY HILLS VILLAGE,Disorder,26,2019,1
COUNTRY HILLS VILLAGE,Disorder,9,2019,2
COUNTRY HILLS VILLAGE,Disorder,20,2019,3
COUNTRY HILLS VILLAGE,Disorder,18,2019,4
COUNTRY HILLS VILLAGE,Disorder,15,2019,5
COUNTRY HILLS VILLAGE,Disorder,21,2019,6
COUNTRY HILLS VILLAGE,Disorder,12,2019,7
COUNTRY HILLS VILLAGE,Disorder,17,2019,8
COUNTRY HILLS VILLAGE,Disorder,9,2019,9
COUNTRY HILLS VILLAGE,Disorder,20,2019,10
COUNTRY HILLS VILLAGE,Disorder,15,2019,11
COUNTRY HILLS VILLAGE,Disorder,19,2019,12
COUNTRY HILLS VILLAGE,Disorder,18,2020,1
COUNTRY HILLS VILLAGE,Disorder,9,2020,2
COUNTRY HILLS VILLAGE,Disorder,16,2020,3
COUNTRY HILLS VILLAGE,Disorder,12,2020,4
COUNTRY HILLS VILLAGE,Disorder,22,2020,5
COUNTRY HILLS VILLAGE,Disorder,18,2020,6
COUNTRY HILLS VILLAGE,Disorder,20,2020,7
COUNTRY HILLS VILLAGE,Disorder,19,2020,8
COUNTRY HILLS VILLAGE,Disorder,25,2020,9
COUNTRY HILLS VILLAGE,Disorder,17,2020,10
COUNTRY HILLS VILLAGE,Disorder,23,2020,11
COUNTRY HILLS VILLAGE,Disorder,10,2020,12
COUNTRY HILLS VILLAGE,Disorder,10,2021,1
COUNTRY HILLS VILLAGE,Disorder,15,2021,2
COUNTRY HILLS VILLAGE,Disorder,13,2021,3
COUNTRY HILLS VILLAGE,Disorder,12,2021,4
COUNTRY HILLS VILLAGE,Disorder,17,2021,5
COUNTRY HILLS VILLAGE,Disorder,9,2021,6
COUNTRY HILLS VILLAGE,Disorder,16,2021,7
COUNTRY HILLS VILLAGE,Disorder,15,2021,8
COUNTRY HILLS VILLAGE,Disorder,21,2021,9
COUNTRY HILLS VILLAGE,Disorder,21,2021,10
COUNTRY HILLS VILLAGE,Disorder,16,2021,11
COUNTRY HILLS VILLAGE,Disorder,14,2021,12
COUNTRY HILLS VILLAGE,Disorder,10,2022,1
COUNTRY HILLS VILLAGE,Disorder,15,2022,2
COUNTRY HILLS VILLAGE,Disorder,17,2022,3
COUNTRY HILLS VILLAGE,Disorder,12,2022,4
COUNTRY HILLS VILLAGE,Disorder,15,2022,5
COUNTRY HILLS VILLAGE,Disorder,19,2022,6
COUNTRY HILLS VILLAGE,Disorder,11,2022,7
COUNTRY HILLS VILLAGE,Disorder,18,2022,8
COUNTRY HILLS VILLAGE,Disorder,12,2022,9
COUNTRY HILLS VILLAGE,Disorder,16,2022,10
COUNTRY HILLS VILLAGE,Disorder,7,2022,11
COUNTRY HILLS VILLAGE,Disorder,12,2022,12
COUNTRY HILLS VILLAGE,Disorder,16,2023,1
COUNTRY HILLS VILLAGE,Disorder,14,2023,2
COUNTRY HILLS VILLAGE,Disorder,11,2023,3
COUNTRY HILLS VILLAGE,Disorder,12,2023,4
COUNTRY HILLS VILLAGE,Disorder,24,2023,5
COUNTRY HILLS VILLAGE,Disorder,10,2023,6
COUNTRY HILLS VILLAGE,Disorder,12,2023,7
COUNTRY HILLS VILLAGE,Disorder,14,2023,8
COUNTRY HILLS VILLAGE,Disorder,10,2023,9
COUNTRY HILLS VILLAGE,Disorder,15,2023,10
COUNTRY HILLS VILLAGE,Disorder,30,2023,11
COUNTRY HILLS VILLAGE,Disorder,19,2023,12
COUNTRY HILLS VILLAGE,Disorder,20,2024,1
COUNTRY HILLS VILLAGE,Disorder,7,2024,2
COUNTRY HILLS VILLAGE,Disorder,14,2024,3
COUNTRY HILLS VILLAGE,Disorder,14,2024,4
COUNTRY HILLS VILLAGE,Disorder,16,2024,5
COVENTRY HILLS,Disorder,37,2018,1
COVENTRY HILLS,Disorder,34,2018,2
COVENTRY HILLS,Disorder,46,2018,3
COVENTRY HILLS,Disorder,49,2018,4
COVENTRY HILLS,Disorder,53,2018,5
COVENTRY HILLS,Disorder,59,2018,6
COVENTRY HILLS,Disorder,35,2018,7
COVENTRY HILLS,Disorder,44,2018,8
COVENTRY HILLS,Disorder,36,2018,9
COVENTRY HILLS,Disorder,43,2018,10
COVENTRY HILLS,Disorder,24,2018,11
COVENTRY HILLS,Disorder,34,2018,12
COVENTRY HILLS,Disorder,29,2019,1
COVENTRY HILLS,Disorder,30,2019,2
COVENTRY HILLS,Disorder,46,2019,3
COVENTRY HILLS,Disorder,34,2019,4
COVENTRY HILLS,Disorder,40,2019,5
COVENTRY HILLS,Disorder,53,2019,6
COVENTRY HILLS,Disorder,45,2019,7
COVENTRY HILLS,Disorder,41,2019,8
COVENTRY HILLS,Disorder,38,2019,9
COVENTRY HILLS,Disorder,40,2019,10
COVENTRY HILLS,Disorder,33,2019,11
COVENTRY HILLS,Disorder,34,2019,12
COVENTRY HILLS,Disorder,41,2020,1
COVENTRY HILLS,Disorder,26,2020,2
COVENTRY HILLS,Disorder,47,2020,3
COVENTRY HILLS,Disorder,38,2020,4
COVENTRY HILLS,Disorder,48,2020,5
COVENTRY HILLS,Disorder,37,2020,6
COVENTRY HILLS,Disorder,42,2020,7
COVENTRY HILLS,Disorder,39,2020,8
COVENTRY HILLS,Disorder,33,2020,9
COVENTRY HILLS,Disorder,27,2020,10
COVENTRY HILLS,Disorder,23,2020,11
COVENTRY HILLS,Disorder,17,2020,12
COVENTRY HILLS,Disorder,31,2021,1
COVENTRY HILLS,Disorder,16,2021,2
COVENTRY HILLS,Disorder,33,2021,3
COVENTRY HILLS,Disorder,26,2021,4
COVENTRY HILLS,Disorder,32,2021,5
COVENTRY HILLS,Disorder,29,2021,6
COVENTRY HILLS,Disorder,33,2021,7
COVENTRY HILLS,Disorder,41,2021,8
COVENTRY HILLS,Disorder,31,2021,9
COVENTRY HILLS,Disorder,36,2021,10
COVENTRY HILLS,Disorder,34,2021,11
COVENTRY HILLS,Disorder,17,2021,12
COVENTRY HILLS,Disorder,33,2022,1
COVENTRY HILLS,Disorder,24,2022,2
COVENTRY HILLS,Disorder,31,2022,3
COVENTRY HILLS,Disorder,25,2022,4
COVENTRY HILLS,Disorder,33,2022,5
COVENTRY HILLS,Disorder,34,2022,6
COVENTRY HILLS,Disorder,32,2022,7
COVENTRY HILLS,Disorder,41,2022,8
COVENTRY HILLS,Disorder,24,2022,9
COVENTRY HILLS,Disorder,14,2022,10
COVENTRY HILLS,Disorder,11,2022,11
COVENTRY HILLS,Disorder,19,2022,12
COVENTRY HILLS,Disorder,20,2023,1
COVENTRY HILLS,Disorder,21,2023,2
COVENTRY HILLS,Disorder,22,2023,3
COVENTRY HILLS,Disorder,28,2023,4
COVENTRY HILLS,Disorder,39,2023,5
COVENTRY HILLS,Disorder,39,2023,6
COVENTRY HILLS,Disorder,34,2023,7
COVENTRY HILLS,Disorder,37,2023,8
COVENTRY HILLS,Disorder,20,2023,9
COVENTRY HILLS,Disorder,30,2023,10
COVENTRY HILLS,Disorder,25,2023,11
COVENTRY HILLS,Disorder,27,2023,12
COVENTRY HILLS,Disorder,28,2024,1
COVENTRY HILLS,Disorder,32,2024,2
COVENTRY HILLS,Disorder,20,2024,3
COVENTRY HILLS,Disorder,32,2024,4
COVENTRY HILLS,Disorder,17,2024,5
CRANSTON,Disorder,32,2018,1
CRANSTON,Disorder,14,2018,2
CRANSTON,Disorder,27,2018,3
CRANSTON,Disorder,16,2018,4
CRANSTON,Disorder,28,2018,5
CRANSTON,Disorder,41,2018,6
CRANSTON,Disorder,50,2018,7
CRANSTON,Disorder,35,2018,8
CRANSTON,Disorder,27,2018,9
CRANSTON,Disorder,29,2018,10
CRANSTON,Disorder,31,2018,11
CRANSTON,Disorder,28,2018,12
CRANSTON,Disorder,24,2019,1
CRANSTON,Disorder,21,2019,2
CRANSTON,Disorder,23,2019,3
CRANSTON,Disorder,27,2019,4
CRANSTON,Disorder,39,2019,5
CRANSTON,Disorder,39,2019,6
CRANSTON,Disorder,59,2019,7
CRANSTON,Disorder,51,2019,8
CRANSTON,Disorder,42,2019,9
CRANSTON,Disorder,35,2019,10
CRANSTON,Disorder,26,2019,11
CRANSTON,Disorder,15,2019,12
CRANSTON,Disorder,24,2020,1
CRANSTON,Disorder,29,2020,2
CRANSTON,Disorder,27,2020,3
CRANSTON,Disorder,47,2020,4
CRANSTON,Disorder,49,2020,5
CRANSTON,Disorder,52,2020,6
CRANSTON,Disorder,30,2020,7
CRANSTON,Disorder,43,2020,8
CRANSTON,Disorder,37,2020,9
CRANSTON,Disorder,31,2020,10
CRANSTON,Disorder,23,2020,11
CRANSTON,Disorder,26,2020,12
CRANSTON,Disorder,21,2021,1
CRANSTON,Disorder,19,2021,2
CRANSTON,Disorder,39,2021,3
CRANSTON,Disorder,23,2021,4
CRANSTON,Disorder,33,2021,5
CRANSTON,Disorder,41,2021,6
CRANSTON,Disorder,31,2021,7
CRANSTON,Disorder,28,2021,8
CRANSTON,Disorder,44,2021,9
CRANSTON,Disorder,40,2021,10
CRANSTON,Disorder,27,2021,11
CRANSTON,Disorder,16,2021,12
CRANSTON,Disorder,22,2022,1
CRANSTON,Disorder,20,2022,2
CRANSTON,Disorder,25,2022,3
CRANSTON,Disorder,38,2022,4
CRANSTON,Disorder,24,2022,5
CRANSTON,Disorder,28,2022,6
CRANSTON,Disorder,25,2022,7
CRANSTON,Disorder,34,2022,8
CRANSTON,Disorder,23,2022,9
CRANSTON,Disorder,27,2022,10
CRANSTON,Disorder,17,2022,11
CRANSTON,Disorder,21,2022,12
CRANSTON,Disorder,23,2023,1
CRANSTON,Disorder,22,2023,2
CRANSTON,Disorder,15,2023,3
CRANSTON,Disorder,23,2023,4
CRANSTON,Disorder,32,2023,5
CRANSTON,Disorder,33,2023,6
CRANSTON,Disorder,32,2023,7
CRANSTON,Disorder,39,2023,8
CRANSTON,Disorder,32,2023,9
CRANSTON,Disorder,33,2023,10
CRANSTON,Disorder,32,2023,11
CRANSTON,Disorder,32,2023,12
CRANSTON,Disorder,21,2024,1
CRANSTON,Disorder,13,2024,2
CRANSTON,Disorder,20,2024,3
CRANSTON,Disorder,30,2024,4
CRANSTON,Disorder,28,2024,5
CRESCENT HEIGHTS,Disorder,59,2018,1
CRESCENT HEIGHTS,Disorder,47,2018,2
CRESCENT HEIGHTS,Disorder,55,2018,3
CRESCENT HEIGHTS,Disorder,47,2018,4
CRESCENT HEIGHTS,Disorder,70,2018,5
CRESCENT HEIGHTS,Disorder,62,2018,6
CRESCENT HEIGHTS,Disorder,84,2018,7
CRESCENT HEIGHTS,Disorder,93,2018,8
CRESCENT HEIGHTS,Disorder,75,2018,9
CRESCENT HEIGHTS,Disorder,57,2018,10
CRESCENT HEIGHTS,Disorder,52,2018,11
CRESCENT HEIGHTS,Disorder,28,2018,12
CRESCENT HEIGHTS,Disorder,63,2019,1
CRESCENT HEIGHTS,Disorder,26,2019,2
CRESCENT HEIGHTS,Disorder,56,2019,3
CRESCENT HEIGHTS,Disorder,59,2019,4
CRESCENT HEIGHTS,Disorder,65,2019,5
CRESCENT HEIGHTS,Disorder,77,2019,6
CRESCENT HEIGHTS,Disorder,92,2019,7
CRESCENT HEIGHTS,Disorder,86,2019,8
CRESCENT HEIGHTS,Disorder,88,2019,9
CRESCENT HEIGHTS,Disorder,68,2019,10
CRESCENT HEIGHTS,Disorder,56,2019,11
CRESCENT HEIGHTS,Disorder,55,2019,12
CRESCENT HEIGHTS,Disorder,85,2020,1
CRESCENT HEIGHTS,Disorder,56,2020,2
CRESCENT HEIGHTS,Disorder,55,2020,3
CRESCENT HEIGHTS,Disorder,111,2020,4
CRESCENT HEIGHTS,Disorder,111,2020,5
CRESCENT HEIGHTS,Disorder,118,2020,6
CRESCENT HEIGHTS,Disorder,93,2020,7
CRESCENT HEIGHTS,Disorder,73,2020,8
CRESCENT HEIGHTS,Disorder,76,2020,9
CRESCENT HEIGHTS,Disorder,90,2020,10
CRESCENT HEIGHTS,Disorder,91,2020,11
CRESCENT HEIGHTS,Disorder,77,2020,12
CRESCENT HEIGHTS,Disorder,73,2021,1
CRESCENT HEIGHTS,Disorder,49,2021,2
CRESCENT HEIGHTS,Disorder,127,2021,3
CRESCENT HEIGHTS,Disorder,121,2021,4
CRESCENT HEIGHTS,Disorder,87,2021,5
CRESCENT HEIGHTS,Disorder,80,2021,6
CRESCENT HEIGHTS,Disorder,105,2021,7
CRESCENT HEIGHTS,Disorder,118,2021,8
CRESCENT HEIGHTS,Disorder,107,2021,9
CRESCENT HEIGHTS,Disorder,86,2021,10
CRESCENT HEIGHTS,Disorder,95,2021,11
CRESCENT HEIGHTS,Disorder,80,2021,12
CRESCENT HEIGHTS,Disorder,71,2022,1
CRESCENT HEIGHTS,Disorder,65,2022,2
CRESCENT HEIGHTS,Disorder,69,2022,3
CRESCENT HEIGHTS,Disorder,95,2022,4
CRESCENT HEIGHTS,Disorder,105,2022,5
CRESCENT HEIGHTS,Disorder,109,2022,6
CRESCENT HEIGHTS,Disorder,87,2022,7
CRESCENT HEIGHTS,Disorder,104,2022,8
CRESCENT HEIGHTS,Disorder,95,2022,9
CRESCENT HEIGHTS,Disorder,70,2022,10
CRESCENT HEIGHTS,Disorder,56,2022,11
CRESCENT HEIGHTS,Disorder,34,2022,12
CRESCENT HEIGHTS,Disorder,59,2023,1
CRESCENT HEIGHTS,Disorder,58,2023,2
CRESCENT HEIGHTS,Disorder,56,2023,3
CRESCENT HEIGHTS,Disorder,58,2023,4
CRESCENT HEIGHTS,Disorder,65,2023,5
CRESCENT HEIGHTS,Disorder,69,2023,6
CRESCENT HEIGHTS,Disorder,89,2023,7
CRESCENT HEIGHTS,Disorder,87,2023,8
CRESCENT HEIGHTS,Disorder,57,2023,9
CRESCENT HEIGHTS,Disorder,69,2023,10
CRESCENT HEIGHTS,Disorder,53,2023,11
CRESCENT HEIGHTS,Disorder,57,2023,12
CRESCENT HEIGHTS,Disorder,51,2024,1
CRESCENT HEIGHTS,Disorder,51,2024,2
CRESCENT HEIGHTS,Disorder,73,2024,3
CRESCENT HEIGHTS,Disorder,51,2024,4
CRESCENT HEIGHTS,Disorder,70,2024,5
CRESTMONT,Disorder,1,2018,1
CRESTMONT,Disorder,3,2018,2
CRESTMONT,Disorder,3,2018,3
CRESTMONT,Disorder,4,2018,4
CRESTMONT,Disorder,3,2018,5
CRESTMONT,Disorder,1,2018,6
CRESTMONT,Disorder,3,2018,7
CRESTMONT,Disorder,8,2018,8
CRESTMONT,Disorder,4,2018,9
CRESTMONT,Disorder,4,2018,10
CRESTMONT,Disorder,2,2018,11
CRESTMONT,Disorder,2,2018,12
CRESTMONT,Disorder,2,2019,1
CRESTMONT,Disorder,2,2019,3
CRESTMONT,Disorder,4,2019,5
CRESTMONT,Disorder,5,2019,6
CRESTMONT,Disorder,1,2019,7
CRESTMONT,Disorder,5,2019,8
CRESTMONT,Disorder,1,2019,9
CRESTMONT,Disorder,2,2019,10
CRESTMONT,Disorder,6,2019,11
CRESTMONT,Disorder,3,2019,12
CRESTMONT,Disorder,5,2020,1
CRESTMONT,Disorder,3,2020,2
CRESTMONT,Disorder,2,2020,3
CRESTMONT,Disorder,3,2020,4
CRESTMONT,Disorder,3,2020,5
CRESTMONT,Disorder,2,2020,7
CRESTMONT,Disorder,2,2020,8
CRESTMONT,Disorder,2,2020,9
CRESTMONT,Disorder,2,2020,10
CRESTMONT,Disorder,2,2020,11
CRESTMONT,Disorder,1,2020,12
CRESTMONT,Disorder,2,2021,1
CRESTMONT,Disorder,1,2021,2
CRESTMONT,Disorder,2,2021,3
CRESTMONT,Disorder,3,2021,4
CRESTMONT,Disorder,6,2021,5
CRESTMONT,Disorder,8,2021,6
CRESTMONT,Disorder,7,2021,7
CRESTMONT,Disorder,6,2021,8
CRESTMONT,Disorder,5,2021,9
CRESTMONT,Disorder,5,2021,10
CRESTMONT,Disorder,3,2021,11
CRESTMONT,Disorder,3,2021,12
CRESTMONT,Disorder,1,2022,1
CRESTMONT,Disorder,2,2022,3
CRESTMONT,Disorder,1,2022,4
CRESTMONT,Disorder,9,2022,5
CRESTMONT,Disorder,4,2022,6
CRESTMONT,Disorder,5,2022,7
CRESTMONT,Disorder,2,2022,8
CRESTMONT,Disorder,2,2022,9
CRESTMONT,Disorder,1,2022,10
CRESTMONT,Disorder,3,2022,11
CRESTMONT,Disorder,2,2022,12
CRESTMONT,Disorder,4,2023,1
CRESTMONT,Disorder,2,2023,3
CRESTMONT,Disorder,3,2023,4
CRESTMONT,Disorder,1,2023,5
CRESTMONT,Disorder,2,2023,6
CRESTMONT,Disorder,4,2023,7
CRESTMONT,Disorder,5,2023,8
CRESTMONT,Disorder,4,2023,9
CRESTMONT,Disorder,1,2023,10
CRESTMONT,Disorder,4,2023,12
CRESTMONT,Disorder,1,2024,1
CRESTMONT,Disorder,3,2024,2
CRESTMONT,Disorder,4,2024,3
CRESTMONT,Disorder,3,2024,4
CRESTMONT,Disorder,2,2024,5
CURRIE BARRACKS,Disorder,3,2020,10
CURRIE BARRACKS,Disorder,4,2020,11
CURRIE BARRACKS,Disorder,4,2020,12
CURRIE BARRACKS,Disorder,8,2021,1
CURRIE BARRACKS,Disorder,3,2021,2
CURRIE BARRACKS,Disorder,8,2021,3
CURRIE BARRACKS,Disorder,3,2021,4
CURRIE BARRACKS,Disorder,3,2021,5
CURRIE BARRACKS,Disorder,4,2021,6
CURRIE BARRACKS,Disorder,6,2021,7
CURRIE BARRACKS,Disorder,5,2021,8
CURRIE BARRACKS,Disorder,4,2021,9
CURRIE BARRACKS,Disorder,2,2021,10
CURRIE BARRACKS,Disorder,3,2021,11
CURRIE BARRACKS,Disorder,1,2021,12
CURRIE BARRACKS,Disorder,1,2022,1
CURRIE BARRACKS,Disorder,4,2022,2
CURRIE BARRACKS,Disorder,4,2022,3
CURRIE BARRACKS,Disorder,5,2022,4
CURRIE BARRACKS,Disorder,2,2022,6
CURRIE BARRACKS,Disorder,1,2022,7
CURRIE BARRACKS,Disorder,3,2022,8
CURRIE BARRACKS,Disorder,1,2022,10
CURRIE BARRACKS,Disorder,2,2022,11
CURRIE BARRACKS,Disorder,2,2022,12
CURRIE BARRACKS,Disorder,4,2023,3
CURRIE BARRACKS,Disorder,2,2023,4
CURRIE BARRACKS,Disorder,2,2023,5
CURRIE BARRACKS,Disorder,4,2023,6
CURRIE BARRACKS,Disorder,4,2023,7
CURRIE BARRACKS,Disorder,5,2023,8
CURRIE BARRACKS,Disorder,1,2023,9
CURRIE BARRACKS,Disorder,5,2023,10
CURRIE BARRACKS,Disorder,1,2023,11
CURRIE BARRACKS,Disorder,5,2023,12
CURRIE BARRACKS,Disorder,3,2024,1
CURRIE BARRACKS,Disorder,1,2024,2
CURRIE BARRACKS,Disorder,1,2024,3
CURRIE BARRACKS,Disorder,3,2024,4
CURRIE BARRACKS,Disorder,4,2024,5
DALHOUSIE,Disorder,28,2018,1
DALHOUSIE,Disorder,30,2018,2
DALHOUSIE,Disorder,40,2018,3
DALHOUSIE,Disorder,34,2018,4
DALHOUSIE,Disorder,42,2018,5
DALHOUSIE,Disorder,48,2018,6
DALHOUSIE,Disorder,59,2018,7
DALHOUSIE,Disorder,38,2018,8
DALHOUSIE,Disorder,40,2018,9
DALHOUSIE,Disorder,20,2018,10
DALHOUSIE,Disorder,29,2018,11
DALHOUSIE,Disorder,27,2018,12
DALHOUSIE,Disorder,31,2019,1
DALHOUSIE,Disorder,21,2019,2
DALHOUSIE,Disorder,37,2019,3
DALHOUSIE,Disorder,21,2019,4
DALHOUSIE,Disorder,25,2019,5
DALHOUSIE,Disorder,27,2019,6
DALHOUSIE,Disorder,35,2019,7
DALHOUSIE,Disorder,33,2019,8
DALHOUSIE,Disorder,31,2019,9
DALHOUSIE,Disorder,34,2019,10
DALHOUSIE,Disorder,33,2019,11
DALHOUSIE,Disorder,31,2019,12
DALHOUSIE,Disorder,14,2020,1
DALHOUSIE,Disorder,19,2020,2
DALHOUSIE,Disorder,40,2020,3
DALHOUSIE,Disorder,41,2020,4
DALHOUSIE,Disorder,45,2020,5
DALHOUSIE,Disorder,34,2020,6
DALHOUSIE,Disorder,40,2020,7
DALHOUSIE,Disorder,47,2020,8
DALHOUSIE,Disorder,44,2020,9
DALHOUSIE,Disorder,48,2020,10
DALHOUSIE,Disorder,41,2020,11
DALHOUSIE,Disorder,39,2020,12
DALHOUSIE,Disorder,36,2021,1
DALHOUSIE,Disorder,45,2021,2
DALHOUSIE,Disorder,35,2021,3
DALHOUSIE,Disorder,37,2021,4
DALHOUSIE,Disorder,40,2021,5
DALHOUSIE,Disorder,43,2021,6
DALHOUSIE,Disorder,26,2021,7
DALHOUSIE,Disorder,33,2021,8
DALHOUSIE,Disorder,32,2021,9
DALHOUSIE,Disorder,21,2021,10
DALHOUSIE,Disorder,28,2021,11
DALHOUSIE,Disorder,36,2021,12
DALHOUSIE,Disorder,38,2022,1
DALHOUSIE,Disorder,23,2022,2
DALHOUSIE,Disorder,29,2022,3
DALHOUSIE,Disorder,33,2022,4
DALHOUSIE,Disorder,39,2022,5
DALHOUSIE,Disorder,27,2022,6
DALHOUSIE,Disorder,36,2022,7
DALHOUSIE,Disorder,30,2022,8
DALHOUSIE,Disorder,28,2022,9
DALHOUSIE,Disorder,35,2022,10
DALHOUSIE,Disorder,52,2022,11
DALHOUSIE,Disorder,42,2022,12
DALHOUSIE,Disorder,40,2023,1
DALHOUSIE,Disorder,26,2023,2
DALHOUSIE,Disorder,33,2023,3
DALHOUSIE,Disorder,49,2023,4
DALHOUSIE,Disorder,38,2023,5
DALHOUSIE,Disorder,41,2023,6
DALHOUSIE,Disorder,37,2023,7
DALHOUSIE,Disorder,31,2023,8
DALHOUSIE,Disorder,24,2023,9
DALHOUSIE,Disorder,34,2023,10
DALHOUSIE,Disorder,16,2023,11
DALHOUSIE,Disorder,22,2023,12
DALHOUSIE,Disorder,16,2024,1
DALHOUSIE,Disorder,18,2024,2
DALHOUSIE,Disorder,26,2024,3
DALHOUSIE,Disorder,25,2024,4
DALHOUSIE,Disorder,29,2024,5
DEER RIDGE,Disorder,8,2018,1
DEER RIDGE,Disorder,10,2018,2
DEER RIDGE,Disorder,8,2018,3
DEER RIDGE,Disorder,12,2018,4
DEER RIDGE,Disorder,18,2018,5
DEER RIDGE,Disorder,15,2018,6
DEER RIDGE,Disorder,24,2018,7
DEER RIDGE,Disorder,27,2018,8
DEER RIDGE,Disorder,22,2018,9
DEER RIDGE,Disorder,18,2018,10
DEER RIDGE,Disorder,10,2018,11
DEER RIDGE,Disorder,14,2018,12
DEER RIDGE,Disorder,13,2019,1
DEER RIDGE,Disorder,26,2019,2
DEER RIDGE,Disorder,18,2019,3
DEER RIDGE,Disorder,25,2019,4
DEER RIDGE,Disorder,26,2019,5
DEER RIDGE,Disorder,39,2019,6
DEER RIDGE,Disorder,26,2019,7
DEER RIDGE,Disorder,24,2019,8
DEER RIDGE,Disorder,21,2019,9
DEER RIDGE,Disorder,17,2019,10
DEER RIDGE,Disorder,12,2019,11
DEER RIDGE,Disorder,9,2019,12
DEER RIDGE,Disorder,17,2020,1
DEER RIDGE,Disorder,22,2020,2
DEER RIDGE,Disorder,19,2020,3
DEER RIDGE,Disorder,16,2020,4
DEER RIDGE,Disorder,24,2020,5
DEER RIDGE,Disorder,25,2020,6
DEER RIDGE,Disorder,25,2020,7
DEER RIDGE,Disorder,27,2020,8
DEER RIDGE,Disorder,21,2020,9
DEER RIDGE,Disorder,17,2020,10
DEER RIDGE,Disorder,17,2020,11
DEER RIDGE,Disorder,8,2020,12
DEER RIDGE,Disorder,15,2021,1
DEER RIDGE,Disorder,17,2021,2
DEER RIDGE,Disorder,23,2021,3
DEER RIDGE,Disorder,20,2021,4
DEER RIDGE,Disorder,13,2021,5
DEER RIDGE,Disorder,16,2021,6
DEER RIDGE,Disorder,12,2021,7
DEER RIDGE,Disorder,13,2021,8
DEER RIDGE,Disorder,14,2021,9
DEER RIDGE,Disorder,8,2021,10
DEER RIDGE,Disorder,10,2021,11
DEER RIDGE,Disorder,11,2021,12
DEER RIDGE,Disorder,9,2022,1
DEER RIDGE,Disorder,9,2022,2
DEER RIDGE,Disorder,8,2022,3
DEER RIDGE,Disorder,14,2022,4
DEER RIDGE,Disorder,10,2022,5
DEER RIDGE,Disorder,13,2022,6
DEER RIDGE,Disorder,17,2022,7
DEER RIDGE,Disorder,12,2022,8
DEER RIDGE,Disorder,11,2022,9
DEER RIDGE,Disorder,9,2022,10
DEER RIDGE,Disorder,11,2022,11
DEER RIDGE,Disorder,4,2022,12
DEER RIDGE,Disorder,6,2023,1
DEER RIDGE,Disorder,18,2023,2
DEER RIDGE,Disorder,12,2023,3
DEER RIDGE,Disorder,9,2023,4
DEER RIDGE,Disorder,11,2023,5
DEER RIDGE,Disorder,14,2023,6
DEER RIDGE,Disorder,16,2023,7
DEER RIDGE,Disorder,26,2023,8
DEER RIDGE,Disorder,26,2023,9
DEER RIDGE,Disorder,14,2023,10
DEER RIDGE,Disorder,14,2023,11
DEER RIDGE,Disorder,8,2023,12
DEER RIDGE,Disorder,8,2024,1
DEER RIDGE,Disorder,6,2024,2
DEER RIDGE,Disorder,17,2024,3
DEER RIDGE,Disorder,15,2024,4
DEER RIDGE,Disorder,19,2024,5
DEER RUN,Disorder,5,2018,1
DEER RUN,Disorder,8,2018,2
DEER RUN,Disorder,6,2018,3
DEER RUN,Disorder,8,2018,4
DEER RUN,Disorder,17,2018,5
DEER RUN,Disorder,17,2018,6
DEER RUN,Disorder,15,2018,7
DEER RUN,Disorder,20,2018,8
DEER RUN,Disorder,14,2018,9
DEER RUN,Disorder,8,2018,10
DEER RUN,Disorder,9,2018,11
DEER RUN,Disorder,8,2018,12
DEER RUN,Disorder,12,2019,1
DEER RUN,Disorder,6,2019,2
DEER RUN,Disorder,7,2019,3
DEER RUN,Disorder,6,2019,4
DEER RUN,Disorder,24,2019,5
DEER RUN,Disorder,10,2019,6
DEER RUN,Disorder,16,2019,7
DEER RUN,Disorder,6,2019,8
DEER RUN,Disorder,12,2019,9
DEER RUN,Disorder,6,2019,10
DEER RUN,Disorder,13,2019,11
DEER RUN,Disorder,5,2019,12
DEER RUN,Disorder,5,2020,1
DEER RUN,Disorder,9,2020,2
DEER RUN,Disorder,9,2020,3
DEER RUN,Disorder,7,2020,4
DEER RUN,Disorder,18,2020,5
DEER RUN,Disorder,14,2020,6
DEER RUN,Disorder,23,2020,7
DEER RUN,Disorder,16,2020,8
DEER RUN,Disorder,14,2020,9
DEER RUN,Disorder,10,2020,10
DEER RUN,Disorder,10,2020,11
DEER RUN,Disorder,5,2020,12
DEER RUN,Disorder,4,2021,1
DEER RUN,Disorder,5,2021,2
DEER RUN,Disorder,10,2021,3
DEER RUN,Disorder,9,2021,4
DEER RUN,Disorder,9,2021,5
DEER RUN,Disorder,17,2021,6
DEER RUN,Disorder,14,2021,7
DEER RUN,Disorder,12,2021,8
DEER RUN,Disorder,6,2021,9
DEER RUN,Disorder,7,2021,10
DEER RUN,Disorder,6,2021,11
DEER RUN,Disorder,4,2021,12
DEER RUN,Disorder,4,2022,1
DEER RUN,Disorder,5,2022,2
DEER RUN,Disorder,7,2022,3
DEER RUN,Disorder,8,2022,4
DEER RUN,Disorder,4,2022,5
DEER RUN,Disorder,14,2022,6
DEER RUN,Disorder,10,2022,7
DEER RUN,Disorder,6,2022,8
DEER RUN,Disorder,11,2022,9
DEER RUN,Disorder,6,2022,10
DEER RUN,Disorder,1,2022,11
DEER RUN,Disorder,2,2022,12
DEER RUN,Disorder,6,2023,1
DEER RUN,Disorder,5,2023,2
DEER RUN,Disorder,3,2023,3
DEER RUN,Disorder,9,2023,4
DEER RUN,Disorder,11,2023,5
DEER RUN,Disorder,13,2023,6
DEER RUN,Disorder,11,2023,7
DEER RUN,Disorder,9,2023,8
DEER RUN,Disorder,13,2023,9
DEER RUN,Disorder,10,2023,10
DEER RUN,Disorder,5,2023,11
DEER RUN,Disorder,3,2023,12
DEER RUN,Disorder,3,2024,1
DEER RUN,Disorder,7,2024,2
DEER RUN,Disorder,6,2024,3
DEER RUN,Disorder,1,2024,4
DEER RUN,Disorder,6,2024,5
DEERFOOT BUSINESS CENTRE,Disorder,11,2018,1
DEERFOOT BUSINESS CENTRE,Disorder,7,2018,2
DEERFOOT BUSINESS CENTRE,Disorder,6,2018,3
DEERFOOT BUSINESS CENTRE,Disorder,16,2018,4
DEERFOOT BUSINESS CENTRE,Disorder,6,2018,5
DEERFOOT BUSINESS CENTRE,Disorder,13,2018,6
DEERFOOT BUSINESS CENTRE,Disorder,10,2018,7
DEERFOOT BUSINESS CENTRE,Disorder,9,2018,8
DEERFOOT BUSINESS CENTRE,Disorder,8,2018,9
DEERFOOT BUSINESS CENTRE,Disorder,5,2018,10
DEERFOOT BUSINESS CENTRE,Disorder,4,2018,11
DEERFOOT BUSINESS CENTRE,Disorder,12,2018,12
DEERFOOT BUSINESS CENTRE,Disorder,8,2019,1
DEERFOOT BUSINESS CENTRE,Disorder,5,2019,2
DEERFOOT BUSINESS CENTRE,Disorder,9,2019,3
DEERFOOT BUSINESS CENTRE,Disorder,11,2019,4
DEERFOOT BUSINESS CENTRE,Disorder,10,2019,5
DEERFOOT BUSINESS CENTRE,Disorder,10,2019,6
DEERFOOT BUSINESS CENTRE,Disorder,10,2019,7
DEERFOOT BUSINESS CENTRE,Disorder,6,2019,8
DEERFOOT BUSINESS CENTRE,Disorder,6,2019,9
DEERFOOT BUSINESS CENTRE,Disorder,11,2019,10
DEERFOOT BUSINESS CENTRE,Disorder,8,2019,11
DEERFOOT BUSINESS CENTRE,Disorder,7,2019,12
DEERFOOT BUSINESS CENTRE,Disorder,7,2020,1
DEERFOOT BUSINESS CENTRE,Disorder,4,2020,2
DEERFOOT BUSINESS CENTRE,Disorder,8,2020,3
DEERFOOT BUSINESS CENTRE,Disorder,11,2020,4
DEERFOOT BUSINESS CENTRE,Disorder,10,2020,5
DEERFOOT BUSINESS CENTRE,Disorder,11,2020,6
DEERFOOT BUSINESS CENTRE,Disorder,5,2020,7
DEERFOOT BUSINESS CENTRE,Disorder,15,2020,8
DEERFOOT BUSINESS CENTRE,Disorder,7,2020,9
DEERFOOT BUSINESS CENTRE,Disorder,3,2020,10
DEERFOOT BUSINESS CENTRE,Disorder,8,2020,11
DEERFOOT BUSINESS CENTRE,Disorder,5,2020,12
DEERFOOT BUSINESS CENTRE,Disorder,7,2021,1
DEERFOOT BUSINESS CENTRE,Disorder,2,2021,2
DEERFOOT BUSINESS CENTRE,Disorder,3,2021,3
DEERFOOT BUSINESS CENTRE,Disorder,14,2021,4
DEERFOOT BUSINESS CENTRE,Disorder,17,2021,5
DEERFOOT BUSINESS CENTRE,Disorder,7,2021,6
DEERFOOT BUSINESS CENTRE,Disorder,9,2021,7
DEERFOOT BUSINESS CENTRE,Disorder,9,2021,8
DEERFOOT BUSINESS CENTRE,Disorder,8,2021,9
DEERFOOT BUSINESS CENTRE,Disorder,9,2021,10
DEERFOOT BUSINESS CENTRE,Disorder,7,2021,11
DEERFOOT BUSINESS CENTRE,Disorder,5,2021,12
DEERFOOT BUSINESS CENTRE,Disorder,14,2022,1
DEERFOOT BUSINESS CENTRE,Disorder,12,2022,2
DEERFOOT BUSINESS CENTRE,Disorder,14,2022,3
DEERFOOT BUSINESS CENTRE,Disorder,10,2022,4
DEERFOOT BUSINESS CENTRE,Disorder,16,2022,5
DEERFOOT BUSINESS CENTRE,Disorder,6,2022,6
DEERFOOT BUSINESS CENTRE,Disorder,9,2022,7
DEERFOOT BUSINESS CENTRE,Disorder,6,2022,8
DEERFOOT BUSINESS CENTRE,Disorder,10,2022,9
DEERFOOT BUSINESS CENTRE,Disorder,6,2022,10
DEERFOOT BUSINESS CENTRE,Disorder,7,2022,11
DEERFOOT BUSINESS CENTRE,Disorder,3,2022,12
DEERFOOT BUSINESS CENTRE,Disorder,7,2023,1
DEERFOOT BUSINESS CENTRE,Disorder,9,2023,2
DEERFOOT BUSINESS CENTRE,Disorder,6,2023,3
DEERFOOT BUSINESS CENTRE,Disorder,7,2023,4
DEERFOOT BUSINESS CENTRE,Disorder,6,2023,5
DEERFOOT BUSINESS CENTRE,Disorder,6,2023,6
DEERFOOT BUSINESS CENTRE,Disorder,10,2023,7
DEERFOOT BUSINESS CENTRE,Disorder,11,2023,8
DEERFOOT BUSINESS CENTRE,Disorder,7,2023,9
DEERFOOT BUSINESS CENTRE,Disorder,11,2023,10
DEERFOOT BUSINESS CENTRE,Disorder,13,2023,11
DEERFOOT BUSINESS CENTRE,Disorder,5,2023,12
DEERFOOT BUSINESS CENTRE,Disorder,8,2024,1
DEERFOOT BUSINESS CENTRE,Disorder,5,2024,2
DEERFOOT BUSINESS CENTRE,Disorder,11,2024,3
DEERFOOT BUSINESS CENTRE,Disorder,6,2024,4
DEERFOOT BUSINESS CENTRE,Disorder,17,2024,5
DIAMOND COVE,Disorder,1,2018,1
DIAMOND COVE,Disorder,2,2018,2
DIAMOND COVE,Disorder,1,2018,3
DIAMOND COVE,Disorder,5,2018,4
DIAMOND COVE,Disorder,2,2018,5
DIAMOND COVE,Disorder,1,2018,7
DIAMOND COVE,Disorder,2,2018,8
DIAMOND COVE,Disorder,2,2018,11
DIAMOND COVE,Disorder,2,2018,12
DIAMOND COVE,Disorder,2,2019,1
DIAMOND COVE,Disorder,1,2019,3
DIAMOND COVE,Disorder,2,2019,4
DIAMOND COVE,Disorder,1,2019,6
DIAMOND COVE,Disorder,1,2019,7
DIAMOND COVE,Disorder,2,2019,8
DIAMOND COVE,Disorder,2,2019,9
DIAMOND COVE,Disorder,1,2019,10
DIAMOND COVE,Disorder,3,2019,11
DIAMOND COVE,Disorder,2,2020,2
DIAMOND COVE,Disorder,1,2020,4
DIAMOND COVE,Disorder,1,2020,5
DIAMOND COVE,Disorder,2,2020,6
DIAMOND COVE,Disorder,1,2020,7
DIAMOND COVE,Disorder,3,2020,9
DIAMOND COVE,Disorder,1,2020,10
DIAMOND COVE,Disorder,1,2020,11
DIAMOND COVE,Disorder,1,2020,12
DIAMOND COVE,Disorder,2,2021,1
DIAMOND COVE,Disorder,4,2021,3
DIAMOND COVE,Disorder,2,2021,4
DIAMOND COVE,Disorder,3,2021,6
DIAMOND COVE,Disorder,1,2021,7
DIAMOND COVE,Disorder,1,2021,8
DIAMOND COVE,Disorder,4,2021,9
DIAMOND COVE,Disorder,2,2021,10
DIAMOND COVE,Disorder,1,2021,12
DIAMOND COVE,Disorder,1,2022,1
DIAMOND COVE,Disorder,1,2022,2
DIAMOND COVE,Disorder,2,2022,3
DIAMOND COVE,Disorder,3,2022,9
DIAMOND COVE,Disorder,2,2022,10
DIAMOND COVE,Disorder,1,2022,12
DIAMOND COVE,Disorder,2,2023,1
DIAMOND COVE,Disorder,2,2023,2
DIAMOND COVE,Disorder,4,2023,5
DIAMOND COVE,Disorder,2,2023,8
DIAMOND COVE,Disorder,1,2023,9
DIAMOND COVE,Disorder,3,2023,10
DIAMOND COVE,Disorder,1,2023,12
DIAMOND COVE,Disorder,3,2024,1
DIAMOND COVE,Disorder,1,2024,2
DIAMOND COVE,Disorder,1,2024,3
DISCOVERY RIDGE,Disorder,1,2018,1
DISCOVERY RIDGE,Disorder,2,2018,2
DISCOVERY RIDGE,Disorder,9,2018,3
DISCOVERY RIDGE,Disorder,8,2018,4
DISCOVERY RIDGE,Disorder,11,2018,5
DISCOVERY RIDGE,Disorder,4,2018,6
DISCOVERY RIDGE,Disorder,5,2018,7
DISCOVERY RIDGE,Disorder,6,2018,8
DISCOVERY RIDGE,Disorder,5,2018,9
DISCOVERY RIDGE,Disorder,9,2018,10
DISCOVERY RIDGE,Disorder,10,2018,11
DISCOVERY RIDGE,Disorder,1,2018,12
DISCOVERY RIDGE,Disorder,3,2019,1
DISCOVERY RIDGE,Disorder,1,2019,2
DISCOVERY RIDGE,Disorder,1,2019,3
DISCOVERY RIDGE,Disorder,3,2019,4
DISCOVERY RIDGE,Disorder,12,2019,5
DISCOVERY RIDGE,Disorder,2,2019,6
DISCOVERY RIDGE,Disorder,6,2019,7
DISCOVERY RIDGE,Disorder,9,2019,8
DISCOVERY RIDGE,Disorder,5,2019,9
DISCOVERY RIDGE,Disorder,2,2019,10
DISCOVERY RIDGE,Disorder,2,2019,11
DISCOVERY RIDGE,Disorder,2,2019,12
DISCOVERY RIDGE,Disorder,2,2020,1
DISCOVERY RIDGE,Disorder,3,2020,2
DISCOVERY RIDGE,Disorder,9,2020,3
DISCOVERY RIDGE,Disorder,9,2020,4
DISCOVERY RIDGE,Disorder,16,2020,5
DISCOVERY RIDGE,Disorder,7,2020,6
DISCOVERY RIDGE,Disorder,19,2020,7
DISCOVERY RIDGE,Disorder,14,2020,8
DISCOVERY RIDGE,Disorder,7,2020,9
DISCOVERY RIDGE,Disorder,6,2020,10
DISCOVERY RIDGE,Disorder,4,2020,11
DISCOVERY RIDGE,Disorder,4,2020,12
DISCOVERY RIDGE,Disorder,2,2021,1
DISCOVERY RIDGE,Disorder,4,2021,2
DISCOVERY RIDGE,Disorder,8,2021,3
DISCOVERY RIDGE,Disorder,5,2021,4
DISCOVERY RIDGE,Disorder,5,2021,5
DISCOVERY RIDGE,Disorder,8,2021,6
DISCOVERY RIDGE,Disorder,7,2021,7
DISCOVERY RIDGE,Disorder,6,2021,8
DISCOVERY RIDGE,Disorder,6,2021,9
DISCOVERY RIDGE,Disorder,14,2021,10
DISCOVERY RIDGE,Disorder,5,2021,11
DISCOVERY RIDGE,Disorder,4,2021,12
DISCOVERY RIDGE,Disorder,4,2022,1
DISCOVERY RIDGE,Disorder,4,2022,2
DISCOVERY RIDGE,Disorder,15,2022,3
DISCOVERY RIDGE,Disorder,9,2022,4
DISCOVERY RIDGE,Disorder,7,2022,5
DISCOVERY RIDGE,Disorder,4,2022,6
DISCOVERY RIDGE,Disorder,9,2022,7
DISCOVERY RIDGE,Disorder,4,2022,8
DISCOVERY RIDGE,Disorder,4,2022,9
DISCOVERY RIDGE,Disorder,5,2022,10
DISCOVERY RIDGE,Disorder,1,2022,12
DISCOVERY RIDGE,Disorder,1,2023,1
DISCOVERY RIDGE,Disorder,3,2023,2
DISCOVERY RIDGE,Disorder,2,2023,3
DISCOVERY RIDGE,Disorder,6,2023,4
DISCOVERY RIDGE,Disorder,6,2023,5
DISCOVERY RIDGE,Disorder,10,2023,6
DISCOVERY RIDGE,Disorder,6,2023,7
DISCOVERY RIDGE,Disorder,8,2023,8
DISCOVERY RIDGE,Disorder,6,2023,9
DISCOVERY RIDGE,Disorder,6,2023,10
DISCOVERY RIDGE,Disorder,2,2023,11
DISCOVERY RIDGE,Disorder,2,2023,12
DISCOVERY RIDGE,Disorder,2,2024,1
DISCOVERY RIDGE,Disorder,2,2024,2
DISCOVERY RIDGE,Disorder,1,2024,3
DISCOVERY RIDGE,Disorder,3,2024,4
DISCOVERY RIDGE,Disorder,4,2024,5
DOUGLASDALE/GLEN,Disorder,17,2018,1
DOUGLASDALE/GLEN,Disorder,23,2018,2
DOUGLASDALE/GLEN,Disorder,28,2018,3
DOUGLASDALE/GLEN,Disorder,20,2018,4
DOUGLASDALE/GLEN,Disorder,21,2018,5
DOUGLASDALE/GLEN,Disorder,27,2018,6
DOUGLASDALE/GLEN,Disorder,32,2018,7
DOUGLASDALE/GLEN,Disorder,32,2018,8
DOUGLASDALE/GLEN,Disorder,18,2018,9
DOUGLASDALE/GLEN,Disorder,28,2018,10
DOUGLASDALE/GLEN,Disorder,24,2018,11
DOUGLASDALE/GLEN,Disorder,22,2018,12
DOUGLASDALE/GLEN,Disorder,18,2019,1
DOUGLASDALE/GLEN,Disorder,20,2019,2
DOUGLASDALE/GLEN,Disorder,19,2019,3
DOUGLASDALE/GLEN,Disorder,21,2019,4
DOUGLASDALE/GLEN,Disorder,31,2019,5
DOUGLASDALE/GLEN,Disorder,23,2019,6
DOUGLASDALE/GLEN,Disorder,27,2019,7
DOUGLASDALE/GLEN,Disorder,21,2019,8
DOUGLASDALE/GLEN,Disorder,27,2019,9
DOUGLASDALE/GLEN,Disorder,24,2019,10
DOUGLASDALE/GLEN,Disorder,10,2019,11
DOUGLASDALE/GLEN,Disorder,14,2019,12
DOUGLASDALE/GLEN,Disorder,22,2020,1
DOUGLASDALE/GLEN,Disorder,18,2020,2
DOUGLASDALE/GLEN,Disorder,20,2020,3
DOUGLASDALE/GLEN,Disorder,20,2020,4
DOUGLASDALE/GLEN,Disorder,24,2020,5
DOUGLASDALE/GLEN,Disorder,15,2020,6
DOUGLASDALE/GLEN,Disorder,25,2020,7
DOUGLASDALE/GLEN,Disorder,29,2020,8
DOUGLASDALE/GLEN,Disorder,26,2020,9
DOUGLASDALE/GLEN,Disorder,22,2020,10
DOUGLASDALE/GLEN,Disorder,10,2020,11
DOUGLASDALE/GLEN,Disorder,8,2020,12
DOUGLASDALE/GLEN,Disorder,12,2021,1
DOUGLASDALE/GLEN,Disorder,12,2021,2
DOUGLASDALE/GLEN,Disorder,19,2021,3
DOUGLASDALE/GLEN,Disorder,22,2021,4
DOUGLASDALE/GLEN,Disorder,14,2021,5
DOUGLASDALE/GLEN,Disorder,25,2021,6
DOUGLASDALE/GLEN,Disorder,20,2021,7
DOUGLASDALE/GLEN,Disorder,16,2021,8
DOUGLASDALE/GLEN,Disorder,15,2021,9
DOUGLASDALE/GLEN,Disorder,17,2021,10
DOUGLASDALE/GLEN,Disorder,14,2021,11
DOUGLASDALE/GLEN,Disorder,19,2021,12
DOUGLASDALE/GLEN,Disorder,10,2022,1
DOUGLASDALE/GLEN,Disorder,15,2022,2
DOUGLASDALE/GLEN,Disorder,19,2022,3
DOUGLASDALE/GLEN,Disorder,12,2022,4
DOUGLASDALE/GLEN,Disorder,16,2022,5
DOUGLASDALE/GLEN,Disorder,20,2022,6
DOUGLASDALE/GLEN,Disorder,17,2022,7
DOUGLASDALE/GLEN,Disorder,17,2022,8
DOUGLASDALE/GLEN,Disorder,19,2022,9
DOUGLASDALE/GLEN,Disorder,17,2022,10
DOUGLASDALE/GLEN,Disorder,10,2022,11
DOUGLASDALE/GLEN,Disorder,13,2022,12
DOUGLASDALE/GLEN,Disorder,15,2023,1
DOUGLASDALE/GLEN,Disorder,16,2023,2
DOUGLASDALE/GLEN,Disorder,20,2023,3
DOUGLASDALE/GLEN,Disorder,16,2023,4
DOUGLASDALE/GLEN,Disorder,23,2023,5
DOUGLASDALE/GLEN,Disorder,23,2023,6
DOUGLASDALE/GLEN,Disorder,17,2023,7
DOUGLASDALE/GLEN,Disorder,28,2023,8
DOUGLASDALE/GLEN,Disorder,14,2023,9
DOUGLASDALE/GLEN,Disorder,19,2023,10
DOUGLASDALE/GLEN,Disorder,11,2023,11
DOUGLASDALE/GLEN,Disorder,19,2023,12
DOUGLASDALE/GLEN,Disorder,16,2024,1
DOUGLASDALE/GLEN,Disorder,9,2024,2
DOUGLASDALE/GLEN,Disorder,22,2024,3
DOUGLASDALE/GLEN,Disorder,13,2024,4
DOUGLASDALE/GLEN,Disorder,16,2024,5
DOVER,Disorder,81,2018,1
DOVER,Disorder,58,2018,2
DOVER,Disorder,80,2018,3
DOVER,Disorder,83,2018,4
DOVER,Disorder,133,2018,5
DOVER,Disorder,126,2018,6
DOVER,Disorder,116,2018,7
DOVER,Disorder,88,2018,8
DOVER,Disorder,99,2018,9
DOVER,Disorder,104,2018,10
DOVER,Disorder,76,2018,11
DOVER,Disorder,92,2018,12
DOVER,Disorder,79,2019,1
DOVER,Disorder,64,2019,2
DOVER,Disorder,91,2019,3
DOVER,Disorder,128,2019,4
DOVER,Disorder,121,2019,5
DOVER,Disorder,112,2019,6
DOVER,Disorder,113,2019,7
DOVER,Disorder,119,2019,8
DOVER,Disorder,104,2019,9
DOVER,Disorder,68,2019,10
DOVER,Disorder,81,2019,11
DOVER,Disorder,77,2019,12
DOVER,Disorder,50,2020,1
DOVER,Disorder,49,2020,2
DOVER,Disorder,111,2020,3
DOVER,Disorder,108,2020,4
DOVER,Disorder,109,2020,5
DOVER,Disorder,93,2020,6
DOVER,Disorder,145,2020,7
DOVER,Disorder,109,2020,8
DOVER,Disorder,108,2020,9
DOVER,Disorder,86,2020,10
DOVER,Disorder,68,2020,11
DOVER,Disorder,83,2020,12
DOVER,Disorder,81,2021,1
DOVER,Disorder,47,2021,2
DOVER,Disorder,86,2021,3
DOVER,Disorder,91,2021,4
DOVER,Disorder,93,2021,5
DOVER,Disorder,92,2021,6
DOVER,Disorder,119,2021,7
DOVER,Disorder,108,2021,8
DOVER,Disorder,96,2021,9
DOVER,Disorder,82,2021,10
DOVER,Disorder,76,2021,11
DOVER,Disorder,65,2021,12
DOVER,Disorder,57,2022,1
DOVER,Disorder,52,2022,2
DOVER,Disorder,72,2022,3
DOVER,Disorder,77,2022,4
DOVER,Disorder,65,2022,5
DOVER,Disorder,102,2022,6
DOVER,Disorder,92,2022,7
DOVER,Disorder,93,2022,8
DOVER,Disorder,96,2022,9
DOVER,Disorder,79,2022,10
DOVER,Disorder,48,2022,11
DOVER,Disorder,68,2022,12
DOVER,Disorder,64,2023,1
DOVER,Disorder,59,2023,2
DOVER,Disorder,58,2023,3
DOVER,Disorder,84,2023,4
DOVER,Disorder,81,2023,5
DOVER,Disorder,83,2023,6
DOVER,Disorder,77,2023,7
DOVER,Disorder,102,2023,8
DOVER,Disorder,83,2023,9
DOVER,Disorder,59,2023,10
DOVER,Disorder,61,2023,11
DOVER,Disorder,42,2023,12
DOVER,Disorder,34,2024,1
DOVER,Disorder,35,2024,2
DOVER,Disorder,58,2024,3
DOVER,Disorder,58,2024,4
DOVER,Disorder,80,2024,5
DOWNTOWN COMMERCIAL CORE,Disorder,545,2018,1
DOWNTOWN COMMERCIAL CORE,Disorder,556,2018,2
DOWNTOWN COMMERCIAL CORE,Disorder,622,2018,3
DOWNTOWN COMMERCIAL CORE,Disorder,542,2018,4
DOWNTOWN COMMERCIAL CORE,Disorder,474,2018,5
DOWNTOWN COMMERCIAL CORE,Disorder,465,2018,6
DOWNTOWN COMMERCIAL CORE,Disorder,487,2018,7
DOWNTOWN COMMERCIAL CORE,Disorder,453,2018,8
DOWNTOWN COMMERCIAL CORE,Disorder,376,2018,9
DOWNTOWN COMMERCIAL CORE,Disorder,446,2018,10
DOWNTOWN COMMERCIAL CORE,Disorder,376,2018,11
DOWNTOWN COMMERCIAL CORE,Disorder,425,2018,12
DOWNTOWN COMMERCIAL CORE,Disorder,421,2019,1
DOWNTOWN COMMERCIAL CORE,Disorder,438,2019,2
DOWNTOWN COMMERCIAL CORE,Disorder,485,2019,3
DOWNTOWN COMMERCIAL CORE,Disorder,406,2019,4
DOWNTOWN COMMERCIAL CORE,Disorder,458,2019,5
DOWNTOWN COMMERCIAL CORE,Disorder,431,2019,6
DOWNTOWN COMMERCIAL CORE,Disorder,487,2019,7
DOWNTOWN COMMERCIAL CORE,Disorder,410,2019,8
DOWNTOWN COMMERCIAL CORE,Disorder,440,2019,9
DOWNTOWN COMMERCIAL CORE,Disorder,452,2019,10
DOWNTOWN COMMERCIAL CORE,Disorder,461,2019,11
DOWNTOWN COMMERCIAL CORE,Disorder,513,2019,12
DOWNTOWN COMMERCIAL CORE,Disorder,550,2020,1
DOWNTOWN COMMERCIAL CORE,Disorder,473,2020,2
DOWNTOWN COMMERCIAL CORE,Disorder,465,2020,3
DOWNTOWN COMMERCIAL CORE,Disorder,373,2020,4
DOWNTOWN COMMERCIAL CORE,Disorder,362,2020,5
DOWNTOWN COMMERCIAL CORE,Disorder,359,2020,6
DOWNTOWN COMMERCIAL CORE,Disorder,404,2020,7
DOWNTOWN COMMERCIAL CORE,Disorder,377,2020,8
DOWNTOWN COMMERCIAL CORE,Disorder,387,2020,9
DOWNTOWN COMMERCIAL CORE,Disorder,357,2020,10
DOWNTOWN COMMERCIAL CORE,Disorder,434,2020,11
DOWNTOWN COMMERCIAL CORE,Disorder,449,2020,12
DOWNTOWN COMMERCIAL CORE,Disorder,466,2021,1
DOWNTOWN COMMERCIAL CORE,Disorder,405,2021,2
DOWNTOWN COMMERCIAL CORE,Disorder,465,2021,3
DOWNTOWN COMMERCIAL CORE,Disorder,443,2021,4
DOWNTOWN COMMERCIAL CORE,Disorder,492,2021,5
DOWNTOWN COMMERCIAL CORE,Disorder,460,2021,6
DOWNTOWN COMMERCIAL CORE,Disorder,504,2021,7
DOWNTOWN COMMERCIAL CORE,Disorder,477,2021,8
DOWNTOWN COMMERCIAL CORE,Disorder,511,2021,9
DOWNTOWN COMMERCIAL CORE,Disorder,567,2021,10
DOWNTOWN COMMERCIAL CORE,Disorder,535,2021,11
DOWNTOWN COMMERCIAL CORE,Disorder,510,2021,12
DOWNTOWN COMMERCIAL CORE,Disorder,433,2022,1
DOWNTOWN COMMERCIAL CORE,Disorder,428,2022,2
DOWNTOWN COMMERCIAL CORE,Disorder,489,2022,3
DOWNTOWN COMMERCIAL CORE,Disorder,449,2022,4
DOWNTOWN COMMERCIAL CORE,Disorder,380,2022,5
DOWNTOWN COMMERCIAL CORE,Disorder,417,2022,6
DOWNTOWN COMMERCIAL CORE,Disorder,474,2022,7
DOWNTOWN COMMERCIAL CORE,Disorder,424,2022,8
DOWNTOWN COMMERCIAL CORE,Disorder,417,2022,9
DOWNTOWN COMMERCIAL CORE,Disorder,429,2022,10
DOWNTOWN COMMERCIAL CORE,Disorder,471,2022,11
DOWNTOWN COMMERCIAL CORE,Disorder,393,2022,12
DOWNTOWN COMMERCIAL CORE,Disorder,384,2023,1
DOWNTOWN COMMERCIAL CORE,Disorder,426,2023,2
DOWNTOWN COMMERCIAL CORE,Disorder,486,2023,3
DOWNTOWN COMMERCIAL CORE,Disorder,424,2023,4
DOWNTOWN COMMERCIAL CORE,Disorder,468,2023,5
DOWNTOWN COMMERCIAL CORE,Disorder,477,2023,6
DOWNTOWN COMMERCIAL CORE,Disorder,558,2023,7
DOWNTOWN COMMERCIAL CORE,Disorder,464,2023,8
DOWNTOWN COMMERCIAL CORE,Disorder,448,2023,9
DOWNTOWN COMMERCIAL CORE,Disorder,411,2023,10
DOWNTOWN COMMERCIAL CORE,Disorder,426,2023,11
DOWNTOWN COMMERCIAL CORE,Disorder,466,2023,12
DOWNTOWN COMMERCIAL CORE,Disorder,429,2024,1
DOWNTOWN COMMERCIAL CORE,Disorder,380,2024,2
DOWNTOWN COMMERCIAL CORE,Disorder,498,2024,3
DOWNTOWN COMMERCIAL CORE,Disorder,425,2024,4
DOWNTOWN COMMERCIAL CORE,Disorder,483,2024,5
DOWNTOWN EAST VILLAGE,Disorder,80,2018,1
DOWNTOWN EAST VILLAGE,Disorder,83,2018,2
DOWNTOWN EAST VILLAGE,Disorder,79,2018,3
DOWNTOWN EAST VILLAGE,Disorder,104,2018,4
DOWNTOWN EAST VILLAGE,Disorder,120,2018,5
DOWNTOWN EAST VILLAGE,Disorder,91,2018,6
DOWNTOWN EAST VILLAGE,Disorder,123,2018,7
DOWNTOWN EAST VILLAGE,Disorder,131,2018,8
DOWNTOWN EAST VILLAGE,Disorder,116,2018,9
DOWNTOWN EAST VILLAGE,Disorder,105,2018,10
DOWNTOWN EAST VILLAGE,Disorder,110,2018,11
DOWNTOWN EAST VILLAGE,Disorder,94,2018,12
DOWNTOWN EAST VILLAGE,Disorder,139,2019,1
DOWNTOWN EAST VILLAGE,Disorder,93,2019,2
DOWNTOWN EAST VILLAGE,Disorder,161,2019,3
DOWNTOWN EAST VILLAGE,Disorder,139,2019,4
DOWNTOWN EAST VILLAGE,Disorder,219,2019,5
DOWNTOWN EAST VILLAGE,Disorder,272,2019,6
DOWNTOWN EAST VILLAGE,Disorder,229,2019,7
DOWNTOWN EAST VILLAGE,Disorder,178,2019,8
DOWNTOWN EAST VILLAGE,Disorder,146,2019,9
DOWNTOWN EAST VILLAGE,Disorder,169,2019,10
DOWNTOWN EAST VILLAGE,Disorder,132,2019,11
DOWNTOWN EAST VILLAGE,Disorder,153,2019,12
DOWNTOWN EAST VILLAGE,Disorder,164,2020,1
DOWNTOWN EAST VILLAGE,Disorder,234,2020,2
DOWNTOWN EAST VILLAGE,Disorder,193,2020,3
DOWNTOWN EAST VILLAGE,Disorder,216,2020,4
DOWNTOWN EAST VILLAGE,Disorder,136,2020,5
DOWNTOWN EAST VILLAGE,Disorder,120,2020,6
DOWNTOWN EAST VILLAGE,Disorder,140,2020,7
DOWNTOWN EAST VILLAGE,Disorder,143,2020,8
DOWNTOWN EAST VILLAGE,Disorder,129,2020,9
DOWNTOWN EAST VILLAGE,Disorder,140,2020,10
DOWNTOWN EAST VILLAGE,Disorder,131,2020,11
DOWNTOWN EAST VILLAGE,Disorder,139,2020,12
DOWNTOWN EAST VILLAGE,Disorder,153,2021,1
DOWNTOWN EAST VILLAGE,Disorder,185,2021,2
DOWNTOWN EAST VILLAGE,Disorder,151,2021,3
DOWNTOWN EAST VILLAGE,Disorder,138,2021,4
DOWNTOWN EAST VILLAGE,Disorder,190,2021,5
DOWNTOWN EAST VILLAGE,Disorder,166,2021,6
DOWNTOWN EAST VILLAGE,Disorder,186,2021,7
DOWNTOWN EAST VILLAGE,Disorder,165,2021,8
DOWNTOWN EAST VILLAGE,Disorder,180,2021,9
DOWNTOWN EAST VILLAGE,Disorder,189,2021,10
DOWNTOWN EAST VILLAGE,Disorder,164,2021,11
DOWNTOWN EAST VILLAGE,Disorder,189,2021,12
DOWNTOWN EAST VILLAGE,Disorder,203,2022,1
DOWNTOWN EAST VILLAGE,Disorder,222,2022,2
DOWNTOWN EAST VILLAGE,Disorder,212,2022,3
DOWNTOWN EAST VILLAGE,Disorder,208,2022,4
DOWNTOWN EAST VILLAGE,Disorder,192,2022,5
DOWNTOWN EAST VILLAGE,Disorder,183,2022,6
DOWNTOWN EAST VILLAGE,Disorder,236,2022,7
DOWNTOWN EAST VILLAGE,Disorder,191,2022,8
DOWNTOWN EAST VILLAGE,Disorder,176,2022,9
DOWNTOWN EAST VILLAGE,Disorder,169,2022,10
DOWNTOWN EAST VILLAGE,Disorder,181,2022,11
DOWNTOWN EAST VILLAGE,Disorder,188,2022,12
DOWNTOWN EAST VILLAGE,Disorder,212,2023,1
DOWNTOWN EAST VILLAGE,Disorder,211,2023,2
DOWNTOWN EAST VILLAGE,Disorder,255,2023,3
DOWNTOWN EAST VILLAGE,Disorder,240,2023,4
DOWNTOWN EAST VILLAGE,Disorder,223,2023,5
DOWNTOWN EAST VILLAGE,Disorder,197,2023,6
DOWNTOWN EAST VILLAGE,Disorder,209,2023,7
DOWNTOWN EAST VILLAGE,Disorder,251,2023,8
DOWNTOWN EAST VILLAGE,Disorder,218,2023,9
DOWNTOWN EAST VILLAGE,Disorder,190,2023,10
DOWNTOWN EAST VILLAGE,Disorder,198,2023,11
DOWNTOWN EAST VILLAGE,Disorder,241,2023,12
DOWNTOWN EAST VILLAGE,Disorder,191,2024,1
DOWNTOWN EAST VILLAGE,Disorder,175,2024,2
DOWNTOWN EAST VILLAGE,Disorder,271,2024,3
DOWNTOWN EAST VILLAGE,Disorder,225,2024,4
DOWNTOWN EAST VILLAGE,Disorder,224,2024,5
DOWNTOWN WEST END,Disorder,19,2018,1
DOWNTOWN WEST END,Disorder,14,2018,2
DOWNTOWN WEST END,Disorder,19,2018,3
DOWNTOWN WEST END,Disorder,48,2018,4
DOWNTOWN WEST END,Disorder,44,2018,5
DOWNTOWN WEST END,Disorder,38,2018,6
DOWNTOWN WEST END,Disorder,65,2018,7
DOWNTOWN WEST END,Disorder,35,2018,8
DOWNTOWN WEST END,Disorder,27,2018,9
DOWNTOWN WEST END,Disorder,32,2018,10
DOWNTOWN WEST END,Disorder,24,2018,11
DOWNTOWN WEST END,Disorder,34,2018,12
DOWNTOWN WEST END,Disorder,24,2019,1
DOWNTOWN WEST END,Disorder,18,2019,2
DOWNTOWN WEST END,Disorder,34,2019,3
DOWNTOWN WEST END,Disorder,27,2019,4
DOWNTOWN WEST END,Disorder,26,2019,5
DOWNTOWN WEST END,Disorder,32,2019,6
DOWNTOWN WEST END,Disorder,35,2019,7
DOWNTOWN WEST END,Disorder,32,2019,8
DOWNTOWN WEST END,Disorder,28,2019,9
DOWNTOWN WEST END,Disorder,24,2019,10
DOWNTOWN WEST END,Disorder,25,2019,11
DOWNTOWN WEST END,Disorder,26,2019,12
DOWNTOWN WEST END,Disorder,23,2020,1
DOWNTOWN WEST END,Disorder,21,2020,2
DOWNTOWN WEST END,Disorder,29,2020,3
DOWNTOWN WEST END,Disorder,36,2020,4
DOWNTOWN WEST END,Disorder,56,2020,5
DOWNTOWN WEST END,Disorder,45,2020,6
DOWNTOWN WEST END,Disorder,42,2020,7
DOWNTOWN WEST END,Disorder,52,2020,8
DOWNTOWN WEST END,Disorder,48,2020,9
DOWNTOWN WEST END,Disorder,50,2020,10
DOWNTOWN WEST END,Disorder,23,2020,11
DOWNTOWN WEST END,Disorder,18,2020,12
DOWNTOWN WEST END,Disorder,24,2021,1
DOWNTOWN WEST END,Disorder,14,2021,2
DOWNTOWN WEST END,Disorder,24,2021,3
DOWNTOWN WEST END,Disorder,27,2021,4
DOWNTOWN WEST END,Disorder,44,2021,5
DOWNTOWN WEST END,Disorder,32,2021,6
DOWNTOWN WEST END,Disorder,37,2021,7
DOWNTOWN WEST END,Disorder,37,2021,8
DOWNTOWN WEST END,Disorder,38,2021,9
DOWNTOWN WEST END,Disorder,28,2021,10
DOWNTOWN WEST END,Disorder,23,2021,11
DOWNTOWN WEST END,Disorder,13,2021,12
DOWNTOWN WEST END,Disorder,23,2022,1
DOWNTOWN WEST END,Disorder,23,2022,2
DOWNTOWN WEST END,Disorder,28,2022,3
DOWNTOWN WEST END,Disorder,35,2022,4
DOWNTOWN WEST END,Disorder,42,2022,5
DOWNTOWN WEST END,Disorder,31,2022,6
DOWNTOWN WEST END,Disorder,26,2022,7
DOWNTOWN WEST END,Disorder,18,2022,8
DOWNTOWN WEST END,Disorder,29,2022,9
DOWNTOWN WEST END,Disorder,27,2022,10
DOWNTOWN WEST END,Disorder,15,2022,11
DOWNTOWN WEST END,Disorder,21,2022,12
DOWNTOWN WEST END,Disorder,31,2023,1
DOWNTOWN WEST END,Disorder,21,2023,2
DOWNTOWN WEST END,Disorder,24,2023,3
DOWNTOWN WEST END,Disorder,24,2023,4
DOWNTOWN WEST END,Disorder,31,2023,5
DOWNTOWN WEST END,Disorder,39,2023,6
DOWNTOWN WEST END,Disorder,57,2023,7
DOWNTOWN WEST END,Disorder,52,2023,8
DOWNTOWN WEST END,Disorder,26,2023,9
DOWNTOWN WEST END,Disorder,13,2023,10
DOWNTOWN WEST END,Disorder,28,2023,11
DOWNTOWN WEST END,Disorder,16,2023,12
DOWNTOWN WEST END,Disorder,21,2024,1
DOWNTOWN WEST END,Disorder,14,2024,2
DOWNTOWN WEST END,Disorder,17,2024,3
DOWNTOWN WEST END,Disorder,20,2024,4
DOWNTOWN WEST END,Disorder,34,2024,5
EAGLE RIDGE,Disorder,9,2018,1
EAGLE RIDGE,Disorder,9,2018,2
EAGLE RIDGE,Disorder,8,2018,3
EAGLE RIDGE,Disorder,17,2018,4
EAGLE RIDGE,Disorder,11,2018,5
EAGLE RIDGE,Disorder,9,2018,6
EAGLE RIDGE,Disorder,13,2018,7
EAGLE RIDGE,Disorder,7,2018,8
EAGLE RIDGE,Disorder,9,2018,9
EAGLE RIDGE,Disorder,8,2018,10
EAGLE RIDGE,Disorder,7,2018,11
EAGLE RIDGE,Disorder,13,2018,12
EAGLE RIDGE,Disorder,10,2019,1
EAGLE RIDGE,Disorder,7,2019,2
EAGLE RIDGE,Disorder,15,2019,3
EAGLE RIDGE,Disorder,6,2019,4
EAGLE RIDGE,Disorder,13,2019,5
EAGLE RIDGE,Disorder,7,2019,6
EAGLE RIDGE,Disorder,8,2019,7
EAGLE RIDGE,Disorder,11,2019,8
EAGLE RIDGE,Disorder,13,2019,9
EAGLE RIDGE,Disorder,10,2019,10
EAGLE RIDGE,Disorder,9,2019,11
EAGLE RIDGE,Disorder,15,2019,12
EAGLE RIDGE,Disorder,9,2020,1
EAGLE RIDGE,Disorder,10,2020,2
EAGLE RIDGE,Disorder,8,2020,3
EAGLE RIDGE,Disorder,7,2020,4
EAGLE RIDGE,Disorder,9,2020,5
EAGLE RIDGE,Disorder,7,2020,6
EAGLE RIDGE,Disorder,14,2020,7
EAGLE RIDGE,Disorder,8,2020,8
EAGLE RIDGE,Disorder,14,2020,9
EAGLE RIDGE,Disorder,3,2020,10
EAGLE RIDGE,Disorder,7,2020,11
EAGLE RIDGE,Disorder,6,2020,12
EAGLE RIDGE,Disorder,9,2021,1
EAGLE RIDGE,Disorder,8,2021,2
EAGLE RIDGE,Disorder,8,2021,3
EAGLE RIDGE,Disorder,7,2021,4
EAGLE RIDGE,Disorder,7,2021,5
EAGLE RIDGE,Disorder,10,2021,6
EAGLE RIDGE,Disorder,10,2021,7
EAGLE RIDGE,Disorder,7,2021,8
EAGLE RIDGE,Disorder,11,2021,9
EAGLE RIDGE,Disorder,11,2021,10
EAGLE RIDGE,Disorder,11,2021,11
EAGLE RIDGE,Disorder,9,2021,12
EAGLE RIDGE,Disorder,8,2022,1
EAGLE RIDGE,Disorder,4,2022,2
EAGLE RIDGE,Disorder,8,2022,3
EAGLE RIDGE,Disorder,3,2022,4
EAGLE RIDGE,Disorder,9,2022,5
EAGLE RIDGE,Disorder,13,2022,6
EAGLE RIDGE,Disorder,6,2022,7
EAGLE RIDGE,Disorder,8,2022,8
EAGLE RIDGE,Disorder,4,2022,9
EAGLE RIDGE,Disorder,9,2022,10
EAGLE RIDGE,Disorder,7,2022,11
EAGLE RIDGE,Disorder,6,2022,12
EAGLE RIDGE,Disorder,9,2023,1
EAGLE RIDGE,Disorder,7,2023,2
EAGLE RIDGE,Disorder,5,2023,3
EAGLE RIDGE,Disorder,7,2023,4
EAGLE RIDGE,Disorder,9,2023,5
EAGLE RIDGE,Disorder,6,2023,6
EAGLE RIDGE,Disorder,15,2023,7
EAGLE RIDGE,Disorder,6,2023,8
EAGLE RIDGE,Disorder,8,2023,9
EAGLE RIDGE,Disorder,8,2023,10
EAGLE RIDGE,Disorder,11,2023,11
EAGLE RIDGE,Disorder,8,2023,12
EAGLE RIDGE,Disorder,16,2024,1
EAGLE RIDGE,Disorder,5,2024,2
EAGLE RIDGE,Disorder,4,2024,3
EAGLE RIDGE,Disorder,7,2024,4
EAGLE RIDGE,Disorder,14,2024,5
EAST FAIRVIEW INDUSTRIAL,Disorder,13,2018,1
EAST FAIRVIEW INDUSTRIAL,Disorder,23,2018,2
EAST FAIRVIEW INDUSTRIAL,Disorder,18,2018,3
EAST FAIRVIEW INDUSTRIAL,Disorder,11,2018,4
EAST FAIRVIEW INDUSTRIAL,Disorder,18,2018,5
EAST FAIRVIEW INDUSTRIAL,Disorder,5,2018,6
EAST FAIRVIEW INDUSTRIAL,Disorder,22,2018,7
EAST FAIRVIEW INDUSTRIAL,Disorder,19,2018,8
EAST FAIRVIEW INDUSTRIAL,Disorder,15,2018,9
EAST FAIRVIEW INDUSTRIAL,Disorder,8,2018,10
EAST FAIRVIEW INDUSTRIAL,Disorder,20,2018,11
EAST FAIRVIEW INDUSTRIAL,Disorder,17,2018,12
EAST FAIRVIEW INDUSTRIAL,Disorder,14,2019,1
EAST FAIRVIEW INDUSTRIAL,Disorder,9,2019,2
EAST FAIRVIEW INDUSTRIAL,Disorder,19,2019,3
EAST FAIRVIEW INDUSTRIAL,Disorder,21,2019,4
EAST FAIRVIEW INDUSTRIAL,Disorder,12,2019,5
EAST FAIRVIEW INDUSTRIAL,Disorder,22,2019,6
EAST FAIRVIEW INDUSTRIAL,Disorder,23,2019,7
EAST FAIRVIEW INDUSTRIAL,Disorder,22,2019,8
EAST FAIRVIEW INDUSTRIAL,Disorder,19,2019,9
EAST FAIRVIEW INDUSTRIAL,Disorder,19,2019,10
EAST FAIRVIEW INDUSTRIAL,Disorder,14,2019,11
EAST FAIRVIEW INDUSTRIAL,Disorder,14,2019,12
EAST FAIRVIEW INDUSTRIAL,Disorder,21,2020,1
EAST FAIRVIEW INDUSTRIAL,Disorder,20,2020,2
EAST FAIRVIEW INDUSTRIAL,Disorder,19,2020,3
EAST FAIRVIEW INDUSTRIAL,Disorder,19,2020,4
EAST FAIRVIEW INDUSTRIAL,Disorder,14,2020,5
EAST FAIRVIEW INDUSTRIAL,Disorder,11,2020,6
EAST FAIRVIEW INDUSTRIAL,Disorder,16,2020,7
EAST FAIRVIEW INDUSTRIAL,Disorder,16,2020,8
EAST FAIRVIEW INDUSTRIAL,Disorder,16,2020,9
EAST FAIRVIEW INDUSTRIAL,Disorder,20,2020,10
EAST FAIRVIEW INDUSTRIAL,Disorder,19,2020,11
EAST FAIRVIEW INDUSTRIAL,Disorder,13,2020,12
EAST FAIRVIEW INDUSTRIAL,Disorder,11,2021,1
EAST FAIRVIEW INDUSTRIAL,Disorder,20,2021,2
EAST FAIRVIEW INDUSTRIAL,Disorder,34,2021,3
EAST FAIRVIEW INDUSTRIAL,Disorder,16,2021,4
EAST FAIRVIEW INDUSTRIAL,Disorder,24,2021,5
EAST FAIRVIEW INDUSTRIAL,Disorder,27,2021,6
EAST FAIRVIEW INDUSTRIAL,Disorder,23,2021,7
EAST FAIRVIEW INDUSTRIAL,Disorder,22,2021,8
EAST FAIRVIEW INDUSTRIAL,Disorder,16,2021,9
EAST FAIRVIEW INDUSTRIAL,Disorder,22,2021,10
EAST FAIRVIEW INDUSTRIAL,Disorder,28,2021,11
EAST FAIRVIEW INDUSTRIAL,Disorder,17,2021,12
EAST FAIRVIEW INDUSTRIAL,Disorder,17,2022,1
EAST FAIRVIEW INDUSTRIAL,Disorder,15,2022,2
EAST FAIRVIEW INDUSTRIAL,Disorder,13,2022,3
EAST FAIRVIEW INDUSTRIAL,Disorder,24,2022,4
EAST FAIRVIEW INDUSTRIAL,Disorder,11,2022,5
EAST FAIRVIEW INDUSTRIAL,Disorder,18,2022,6
EAST FAIRVIEW INDUSTRIAL,Disorder,11,2022,7
EAST FAIRVIEW INDUSTRIAL,Disorder,23,2022,8
EAST FAIRVIEW INDUSTRIAL,Disorder,17,2022,9
EAST FAIRVIEW INDUSTRIAL,Disorder,18,2022,10
EAST FAIRVIEW INDUSTRIAL,Disorder,7,2022,11
EAST FAIRVIEW INDUSTRIAL,Disorder,23,2022,12
EAST FAIRVIEW INDUSTRIAL,Disorder,12,2023,1
EAST FAIRVIEW INDUSTRIAL,Disorder,8,2023,2
EAST FAIRVIEW INDUSTRIAL,Disorder,15,2023,3
EAST FAIRVIEW INDUSTRIAL,Disorder,10,2023,4
EAST FAIRVIEW INDUSTRIAL,Disorder,22,2023,5
EAST FAIRVIEW INDUSTRIAL,Disorder,15,2023,6
EAST FAIRVIEW INDUSTRIAL,Disorder,15,2023,7
EAST FAIRVIEW INDUSTRIAL,Disorder,18,2023,8
EAST FAIRVIEW INDUSTRIAL,Disorder,21,2023,9
EAST FAIRVIEW INDUSTRIAL,Disorder,16,2023,10
EAST FAIRVIEW INDUSTRIAL,Disorder,20,2023,11
EAST FAIRVIEW INDUSTRIAL,Disorder,14,2023,12
EAST FAIRVIEW INDUSTRIAL,Disorder,15,2024,1
EAST FAIRVIEW INDUSTRIAL,Disorder,15,2024,2
EAST FAIRVIEW INDUSTRIAL,Disorder,15,2024,3
EAST FAIRVIEW INDUSTRIAL,Disorder,15,2024,4
EAST FAIRVIEW INDUSTRIAL,Disorder,20,2024,5
EAST SHEPARD INDUSTRIAL,Disorder,14,2018,1
EAST SHEPARD INDUSTRIAL,Disorder,14,2018,2
EAST SHEPARD INDUSTRIAL,Disorder,16,2018,3
EAST SHEPARD INDUSTRIAL,Disorder,14,2018,4
EAST SHEPARD INDUSTRIAL,Disorder,14,2018,5
EAST SHEPARD INDUSTRIAL,Disorder,14,2018,6
EAST SHEPARD INDUSTRIAL,Disorder,17,2018,7
EAST SHEPARD INDUSTRIAL,Disorder,21,2018,8
EAST SHEPARD INDUSTRIAL,Disorder,19,2018,9
EAST SHEPARD INDUSTRIAL,Disorder,18,2018,10
EAST SHEPARD INDUSTRIAL,Disorder,4,2018,11
EAST SHEPARD INDUSTRIAL,Disorder,20,2018,12
EAST SHEPARD INDUSTRIAL,Disorder,17,2019,1
EAST SHEPARD INDUSTRIAL,Disorder,16,2019,2
EAST SHEPARD INDUSTRIAL,Disorder,12,2019,3
EAST SHEPARD INDUSTRIAL,Disorder,11,2019,4
EAST SHEPARD INDUSTRIAL,Disorder,13,2019,5
EAST SHEPARD INDUSTRIAL,Disorder,22,2019,6
EAST SHEPARD INDUSTRIAL,Disorder,17,2019,7
EAST SHEPARD INDUSTRIAL,Disorder,20,2019,8
EAST SHEPARD INDUSTRIAL,Disorder,18,2019,9
EAST SHEPARD INDUSTRIAL,Disorder,18,2019,10
EAST SHEPARD INDUSTRIAL,Disorder,11,2019,11
EAST SHEPARD INDUSTRIAL,Disorder,12,2019,12
EAST SHEPARD INDUSTRIAL,Disorder,16,2020,1
EAST SHEPARD INDUSTRIAL,Disorder,18,2020,2
EAST SHEPARD INDUSTRIAL,Disorder,19,2020,3
EAST SHEPARD INDUSTRIAL,Disorder,18,2020,4
EAST SHEPARD INDUSTRIAL,Disorder,16,2020,5
EAST SHEPARD INDUSTRIAL,Disorder,11,2020,6
EAST SHEPARD INDUSTRIAL,Disorder,14,2020,7
EAST SHEPARD INDUSTRIAL,Disorder,15,2020,8
EAST SHEPARD INDUSTRIAL,Disorder,16,2020,9
EAST SHEPARD INDUSTRIAL,Disorder,13,2020,10
EAST SHEPARD INDUSTRIAL,Disorder,13,2020,11
EAST SHEPARD INDUSTRIAL,Disorder,20,2020,12
EAST SHEPARD INDUSTRIAL,Disorder,17,2021,1
EAST SHEPARD INDUSTRIAL,Disorder,11,2021,2
EAST SHEPARD INDUSTRIAL,Disorder,21,2021,3
EAST SHEPARD INDUSTRIAL,Disorder,26,2021,4
EAST SHEPARD INDUSTRIAL,Disorder,11,2021,5
EAST SHEPARD INDUSTRIAL,Disorder,20,2021,6
EAST SHEPARD INDUSTRIAL,Disorder,19,2021,7
EAST SHEPARD INDUSTRIAL,Disorder,19,2021,8
EAST SHEPARD INDUSTRIAL,Disorder,23,2021,9
EAST SHEPARD INDUSTRIAL,Disorder,15,2021,10
EAST SHEPARD INDUSTRIAL,Disorder,32,2021,11
EAST SHEPARD INDUSTRIAL,Disorder,21,2021,12
EAST SHEPARD INDUSTRIAL,Disorder,15,2022,1
EAST SHEPARD INDUSTRIAL,Disorder,18,2022,2
EAST SHEPARD INDUSTRIAL,Disorder,13,2022,3
EAST SHEPARD INDUSTRIAL,Disorder,17,2022,4
EAST SHEPARD INDUSTRIAL,Disorder,21,2022,5
EAST SHEPARD INDUSTRIAL,Disorder,22,2022,6
EAST SHEPARD INDUSTRIAL,Disorder,15,2022,7
EAST SHEPARD INDUSTRIAL,Disorder,24,2022,8
EAST SHEPARD INDUSTRIAL,Disorder,13,2022,9
EAST SHEPARD INDUSTRIAL,Disorder,12,2022,10
EAST SHEPARD INDUSTRIAL,Disorder,16,2022,11
EAST SHEPARD INDUSTRIAL,Disorder,21,2022,12
EAST SHEPARD INDUSTRIAL,Disorder,17,2023,1
EAST SHEPARD INDUSTRIAL,Disorder,21,2023,2
EAST SHEPARD INDUSTRIAL,Disorder,19,2023,3
EAST SHEPARD INDUSTRIAL,Disorder,15,2023,4
EAST SHEPARD INDUSTRIAL,Disorder,13,2023,5
EAST SHEPARD INDUSTRIAL,Disorder,19,2023,6
EAST SHEPARD INDUSTRIAL,Disorder,19,2023,7
EAST SHEPARD INDUSTRIAL,Disorder,20,2023,8
EAST SHEPARD INDUSTRIAL,Disorder,11,2023,9
EAST SHEPARD INDUSTRIAL,Disorder,12,2023,10
EAST SHEPARD INDUSTRIAL,Disorder,16,2023,11
EAST SHEPARD INDUSTRIAL,Disorder,20,2023,12
EAST SHEPARD INDUSTRIAL,Disorder,12,2024,1
EAST SHEPARD INDUSTRIAL,Disorder,11,2024,2
EAST SHEPARD INDUSTRIAL,Disorder,12,2024,3
EAST SHEPARD INDUSTRIAL,Disorder,16,2024,4
EAST SHEPARD INDUSTRIAL,Disorder,17,2024,5
EASTFIELD,Disorder,1,2018,1
EASTFIELD,Disorder,2,2018,2
EASTFIELD,Disorder,3,2018,4
EASTFIELD,Disorder,2,2018,5
EASTFIELD,Disorder,5,2018,6
EASTFIELD,Disorder,5,2018,7
EASTFIELD,Disorder,5,2018,8
EASTFIELD,Disorder,2,2018,9
EASTFIELD,Disorder,3,2018,10
EASTFIELD,Disorder,4,2018,11
EASTFIELD,Disorder,1,2018,12
EASTFIELD,Disorder,1,2019,1
EASTFIELD,Disorder,1,2019,2
EASTFIELD,Disorder,5,2019,3
EASTFIELD,Disorder,4,2019,4
EASTFIELD,Disorder,2,2019,5
EASTFIELD,Disorder,3,2019,6
EASTFIELD,Disorder,2,2019,8
EASTFIELD,Disorder,1,2019,9
EASTFIELD,Disorder,4,2019,10
EASTFIELD,Disorder,3,2019,12
EASTFIELD,Disorder,3,2020,1
EASTFIELD,Disorder,1,2020,2
EASTFIELD,Disorder,2,2020,3
EASTFIELD,Disorder,4,2020,4
EASTFIELD,Disorder,1,2020,5
EASTFIELD,Disorder,2,2020,6
EASTFIELD,Disorder,2,2020,7
EASTFIELD,Disorder,3,2020,8
EASTFIELD,Disorder,2,2020,10
EASTFIELD,Disorder,1,2020,11
EASTFIELD,Disorder,2,2021,1
EASTFIELD,Disorder,2,2021,2
EASTFIELD,Disorder,3,2021,3
EASTFIELD,Disorder,1,2021,4
EASTFIELD,Disorder,2,2021,6
EASTFIELD,Disorder,2,2021,7
EASTFIELD,Disorder,1,2021,8
EASTFIELD,Disorder,5,2021,10
EASTFIELD,Disorder,2,2021,12
EASTFIELD,Disorder,2,2022,1
EASTFIELD,Disorder,2,2022,2
EASTFIELD,Disorder,4,2022,3
EASTFIELD,Disorder,1,2022,4
EASTFIELD,Disorder,1,2022,5
EASTFIELD,Disorder,1,2022,6
EASTFIELD,Disorder,3,2022,8
EASTFIELD,Disorder,4,2022,9
EASTFIELD,Disorder,2,2022,10
EASTFIELD,Disorder,1,2022,11
EASTFIELD,Disorder,1,2022,12
EASTFIELD,Disorder,1,2023,1
EASTFIELD,Disorder,2,2023,2
EASTFIELD,Disorder,3,2023,3
EASTFIELD,Disorder,4,2023,4
EASTFIELD,Disorder,4,2023,5
EASTFIELD,Disorder,5,2023,6
EASTFIELD,Disorder,3,2023,7
EASTFIELD,Disorder,1,2023,8
EASTFIELD,Disorder,3,2023,9
EASTFIELD,Disorder,1,2023,10
EASTFIELD,Disorder,1,2023,11
EASTFIELD,Disorder,2,2023,12
EASTFIELD,Disorder,1,2024,1
EASTFIELD,Disorder,2,2024,3
EASTFIELD,Disorder,1,2024,4
EASTFIELD,Disorder,1,2024,5
EAU CLAIRE,Disorder,14,2018,1
EAU CLAIRE,Disorder,16,2018,2
EAU CLAIRE,Disorder,7,2018,3
EAU CLAIRE,Disorder,22,2018,4
EAU CLAIRE,Disorder,43,2018,5
EAU CLAIRE,Disorder,35,2018,6
EAU CLAIRE,Disorder,34,2018,7
EAU CLAIRE,Disorder,34,2018,8
EAU CLAIRE,Disorder,22,2018,9
EAU CLAIRE,Disorder,24,2018,10
EAU CLAIRE,Disorder,7,2018,11
EAU CLAIRE,Disorder,12,2018,12
EAU CLAIRE,Disorder,10,2019,1
EAU CLAIRE,Disorder,10,2019,2
EAU CLAIRE,Disorder,12,2019,3
EAU CLAIRE,Disorder,26,2019,4
EAU CLAIRE,Disorder,33,2019,5
EAU CLAIRE,Disorder,40,2019,6
EAU CLAIRE,Disorder,38,2019,7
EAU CLAIRE,Disorder,36,2019,8
EAU CLAIRE,Disorder,35,2019,9
EAU CLAIRE,Disorder,23,2019,10
EAU CLAIRE,Disorder,13,2019,11
EAU CLAIRE,Disorder,36,2019,12
EAU CLAIRE,Disorder,9,2020,1
EAU CLAIRE,Disorder,4,2020,2
EAU CLAIRE,Disorder,15,2020,3
EAU CLAIRE,Disorder,16,2020,4
EAU CLAIRE,Disorder,32,2020,5
EAU CLAIRE,Disorder,36,2020,6
EAU CLAIRE,Disorder,28,2020,7
EAU CLAIRE,Disorder,52,2020,8
EAU CLAIRE,Disorder,25,2020,9
EAU CLAIRE,Disorder,19,2020,10
EAU CLAIRE,Disorder,19,2020,11
EAU CLAIRE,Disorder,21,2020,12
EAU CLAIRE,Disorder,17,2021,1
EAU CLAIRE,Disorder,8,2021,2
EAU CLAIRE,Disorder,19,2021,3
EAU CLAIRE,Disorder,20,2021,4
EAU CLAIRE,Disorder,24,2021,5
EAU CLAIRE,Disorder,40,2021,6
EAU CLAIRE,Disorder,56,2021,7
EAU CLAIRE,Disorder,27,2021,8
EAU CLAIRE,Disorder,21,2021,9
EAU CLAIRE,Disorder,31,2021,10
EAU CLAIRE,Disorder,21,2021,11
EAU CLAIRE,Disorder,8,2021,12
EAU CLAIRE,Disorder,12,2022,1
EAU CLAIRE,Disorder,18,2022,2
EAU CLAIRE,Disorder,19,2022,3
EAU CLAIRE,Disorder,15,2022,4
EAU CLAIRE,Disorder,23,2022,5
EAU CLAIRE,Disorder,27,2022,6
EAU CLAIRE,Disorder,21,2022,7
EAU CLAIRE,Disorder,29,2022,8
EAU CLAIRE,Disorder,25,2022,9
EAU CLAIRE,Disorder,8,2022,10
EAU CLAIRE,Disorder,11,2022,11
EAU CLAIRE,Disorder,6,2022,12
EAU CLAIRE,Disorder,16,2023,1
EAU CLAIRE,Disorder,10,2023,2
EAU CLAIRE,Disorder,10,2023,3
EAU CLAIRE,Disorder,14,2023,4
EAU CLAIRE,Disorder,37,2023,5
EAU CLAIRE,Disorder,15,2023,6
EAU CLAIRE,Disorder,22,2023,7
EAU CLAIRE,Disorder,28,2023,8
EAU CLAIRE,Disorder,21,2023,9
EAU CLAIRE,Disorder,9,2023,10
EAU CLAIRE,Disorder,10,2023,11
EAU CLAIRE,Disorder,22,2023,12
EAU CLAIRE,Disorder,17,2024,1
EAU CLAIRE,Disorder,12,2024,2
EAU CLAIRE,Disorder,22,2024,3
EAU CLAIRE,Disorder,12,2024,4
EAU CLAIRE,Disorder,24,2024,5
EDGEMONT,Disorder,18,2018,1
EDGEMONT,Disorder,10,2018,2
EDGEMONT,Disorder,36,2018,3
EDGEMONT,Disorder,26,2018,4
EDGEMONT,Disorder,33,2018,5
EDGEMONT,Disorder,30,2018,6
EDGEMONT,Disorder,27,2018,7
EDGEMONT,Disorder,34,2018,8
EDGEMONT,Disorder,24,2018,9
EDGEMONT,Disorder,17,2018,10
EDGEMONT,Disorder,23,2018,11
EDGEMONT,Disorder,19,2018,12
EDGEMONT,Disorder,22,2019,1
EDGEMONT,Disorder,17,2019,2
EDGEMONT,Disorder,19,2019,3
EDGEMONT,Disorder,26,2019,4
EDGEMONT,Disorder,31,2019,5
EDGEMONT,Disorder,16,2019,6
EDGEMONT,Disorder,28,2019,7
EDGEMONT,Disorder,21,2019,8
EDGEMONT,Disorder,26,2019,9
EDGEMONT,Disorder,17,2019,10
EDGEMONT,Disorder,21,2019,11
EDGEMONT,Disorder,19,2019,12
EDGEMONT,Disorder,24,2020,1
EDGEMONT,Disorder,23,2020,2
EDGEMONT,Disorder,17,2020,3
EDGEMONT,Disorder,38,2020,4
EDGEMONT,Disorder,31,2020,5
EDGEMONT,Disorder,28,2020,6
EDGEMONT,Disorder,27,2020,7
EDGEMONT,Disorder,40,2020,8
EDGEMONT,Disorder,27,2020,9
EDGEMONT,Disorder,17,2020,10
EDGEMONT,Disorder,18,2020,11
EDGEMONT,Disorder,22,2020,12
EDGEMONT,Disorder,12,2021,1
EDGEMONT,Disorder,11,2021,2
EDGEMONT,Disorder,22,2021,3
EDGEMONT,Disorder,11,2021,4
EDGEMONT,Disorder,21,2021,5
EDGEMONT,Disorder,21,2021,6
EDGEMONT,Disorder,27,2021,7
EDGEMONT,Disorder,13,2021,8
EDGEMONT,Disorder,19,2021,9
EDGEMONT,Disorder,21,2021,10
EDGEMONT,Disorder,16,2021,11
EDGEMONT,Disorder,11,2021,12
EDGEMONT,Disorder,16,2022,1
EDGEMONT,Disorder,9,2022,2
EDGEMONT,Disorder,21,2022,3
EDGEMONT,Disorder,12,2022,4
EDGEMONT,Disorder,21,2022,5
EDGEMONT,Disorder,13,2022,6
EDGEMONT,Disorder,24,2022,7
EDGEMONT,Disorder,20,2022,8
EDGEMONT,Disorder,14,2022,9
EDGEMONT,Disorder,23,2022,10
EDGEMONT,Disorder,11,2022,11
EDGEMONT,Disorder,12,2022,12
EDGEMONT,Disorder,16,2023,1
EDGEMONT,Disorder,19,2023,2
EDGEMONT,Disorder,17,2023,3
EDGEMONT,Disorder,12,2023,4
EDGEMONT,Disorder,19,2023,5
EDGEMONT,Disorder,27,2023,6
EDGEMONT,Disorder,21,2023,7
EDGEMONT,Disorder,16,2023,8
EDGEMONT,Disorder,18,2023,9
EDGEMONT,Disorder,13,2023,10
EDGEMONT,Disorder,13,2023,11
EDGEMONT,Disorder,20,2023,12
EDGEMONT,Disorder,11,2024,1
EDGEMONT,Disorder,11,2024,2
EDGEMONT,Disorder,11,2024,3
EDGEMONT,Disorder,10,2024,4
EDGEMONT,Disorder,21,2024,5
ELBOW PARK,Disorder,2,2018,1
ELBOW PARK,Disorder,2,2018,2
ELBOW PARK,Disorder,4,2018,3
ELBOW PARK,Disorder,7,2018,4
ELBOW PARK,Disorder,25,2018,5
ELBOW PARK,Disorder,21,2018,6
ELBOW PARK,Disorder,14,2018,7
ELBOW PARK,Disorder,20,2018,8
ELBOW PARK,Disorder,16,2018,9
ELBOW PARK,Disorder,16,2018,10
ELBOW PARK,Disorder,3,2018,11
ELBOW PARK,Disorder,7,2018,12
ELBOW PARK,Disorder,11,2019,1
ELBOW PARK,Disorder,9,2019,2
ELBOW PARK,Disorder,9,2019,3
ELBOW PARK,Disorder,6,2019,4
ELBOW PARK,Disorder,9,2019,5
ELBOW PARK,Disorder,8,2019,6
ELBOW PARK,Disorder,5,2019,7
ELBOW PARK,Disorder,20,2019,8
ELBOW PARK,Disorder,11,2019,9
ELBOW PARK,Disorder,10,2019,10
ELBOW PARK,Disorder,2,2019,11
ELBOW PARK,Disorder,5,2019,12
ELBOW PARK,Disorder,2,2020,1
ELBOW PARK,Disorder,9,2020,2
ELBOW PARK,Disorder,6,2020,3
ELBOW PARK,Disorder,10,2020,4
ELBOW PARK,Disorder,22,2020,5
ELBOW PARK,Disorder,12,2020,6
ELBOW PARK,Disorder,16,2020,7
ELBOW PARK,Disorder,16,2020,8
ELBOW PARK,Disorder,19,2020,9
ELBOW PARK,Disorder,7,2020,10
ELBOW PARK,Disorder,5,2020,11
ELBOW PARK,Disorder,5,2020,12
ELBOW PARK,Disorder,6,2021,1
ELBOW PARK,Disorder,2,2021,2
ELBOW PARK,Disorder,6,2021,3
ELBOW PARK,Disorder,4,2021,4
ELBOW PARK,Disorder,20,2021,5
ELBOW PARK,Disorder,25,2021,6
ELBOW PARK,Disorder,16,2021,7
ELBOW PARK,Disorder,7,2021,8
ELBOW PARK,Disorder,10,2021,9
ELBOW PARK,Disorder,6,2021,10
ELBOW PARK,Disorder,3,2021,11
ELBOW PARK,Disorder,3,2021,12
ELBOW PARK,Disorder,5,2022,1
ELBOW PARK,Disorder,1,2022,2
ELBOW PARK,Disorder,3,2022,3
ELBOW PARK,Disorder,5,2022,4
ELBOW PARK,Disorder,8,2022,5
ELBOW PARK,Disorder,11,2022,6
ELBOW PARK,Disorder,8,2022,7
ELBOW PARK,Disorder,8,2022,8
ELBOW PARK,Disorder,6,2022,9
ELBOW PARK,Disorder,9,2022,10
ELBOW PARK,Disorder,7,2022,11
ELBOW PARK,Disorder,9,2022,12
ELBOW PARK,Disorder,6,2023,1
ELBOW PARK,Disorder,2,2023,2
ELBOW PARK,Disorder,3,2023,3
ELBOW PARK,Disorder,8,2023,4
ELBOW PARK,Disorder,7,2023,5
ELBOW PARK,Disorder,7,2023,6
ELBOW PARK,Disorder,7,2023,7
ELBOW PARK,Disorder,11,2023,8
ELBOW PARK,Disorder,9,2023,9
ELBOW PARK,Disorder,9,2023,10
ELBOW PARK,Disorder,6,2023,11
ELBOW PARK,Disorder,1,2023,12
ELBOW PARK,Disorder,4,2024,1
ELBOW PARK,Disorder,2,2024,2
ELBOW PARK,Disorder,1,2024,3
ELBOW PARK,Disorder,3,2024,4
ELBOW PARK,Disorder,8,2024,5
ELBOYA,Disorder,9,2018,1
ELBOYA,Disorder,5,2018,2
ELBOYA,Disorder,9,2018,3
ELBOYA,Disorder,13,2018,4
ELBOYA,Disorder,12,2018,5
ELBOYA,Disorder,16,2018,6
ELBOYA,Disorder,28,2018,7
ELBOYA,Disorder,17,2018,8
ELBOYA,Disorder,10,2018,9
ELBOYA,Disorder,7,2018,10
ELBOYA,Disorder,7,2018,11
ELBOYA,Disorder,7,2018,12
ELBOYA,Disorder,5,2019,1
ELBOYA,Disorder,3,2019,2
ELBOYA,Disorder,13,2019,3
ELBOYA,Disorder,10,2019,4
ELBOYA,Disorder,8,2019,5
ELBOYA,Disorder,5,2019,6
ELBOYA,Disorder,10,2019,7
ELBOYA,Disorder,15,2019,8
ELBOYA,Disorder,14,2019,9
ELBOYA,Disorder,6,2019,10
ELBOYA,Disorder,10,2019,11
ELBOYA,Disorder,6,2019,12
ELBOYA,Disorder,11,2020,1
ELBOYA,Disorder,5,2020,2
ELBOYA,Disorder,7,2020,3
ELBOYA,Disorder,25,2020,4
ELBOYA,Disorder,26,2020,5
ELBOYA,Disorder,13,2020,6
ELBOYA,Disorder,13,2020,7
ELBOYA,Disorder,23,2020,8
ELBOYA,Disorder,15,2020,9
ELBOYA,Disorder,9,2020,10
ELBOYA,Disorder,2,2020,11
ELBOYA,Disorder,7,2020,12
ELBOYA,Disorder,7,2021,1
ELBOYA,Disorder,7,2021,2
ELBOYA,Disorder,6,2021,3
ELBOYA,Disorder,9,2021,4
ELBOYA,Disorder,11,2021,5
ELBOYA,Disorder,15,2021,6
ELBOYA,Disorder,15,2021,7
ELBOYA,Disorder,13,2021,8
ELBOYA,Disorder,14,2021,9
ELBOYA,Disorder,4,2021,10
ELBOYA,Disorder,11,2021,11
ELBOYA,Disorder,6,2021,12
ELBOYA,Disorder,3,2022,1
ELBOYA,Disorder,12,2022,2
ELBOYA,Disorder,7,2022,3
ELBOYA,Disorder,6,2022,4
ELBOYA,Disorder,7,2022,5
ELBOYA,Disorder,10,2022,6
ELBOYA,Disorder,8,2022,7
ELBOYA,Disorder,7,2022,8
ELBOYA,Disorder,5,2022,9
ELBOYA,Disorder,7,2022,10
ELBOYA,Disorder,10,2022,11
ELBOYA,Disorder,4,2022,12
ELBOYA,Disorder,3,2023,1
ELBOYA,Disorder,7,2023,2
ELBOYA,Disorder,2,2023,3
ELBOYA,Disorder,6,2023,4
ELBOYA,Disorder,9,2023,5
ELBOYA,Disorder,12,2023,6
ELBOYA,Disorder,13,2023,7
ELBOYA,Disorder,10,2023,8
ELBOYA,Disorder,5,2023,9
ELBOYA,Disorder,8,2023,10
ELBOYA,Disorder,2,2023,11
ELBOYA,Disorder,6,2023,12
ELBOYA,Disorder,8,2024,1
ELBOYA,Disorder,10,2024,2
ELBOYA,Disorder,3,2024,3
ELBOYA,Disorder,7,2024,4
ELBOYA,Disorder,6,2024,5
ERIN WOODS,Disorder,26,2018,1
ERIN WOODS,Disorder,22,2018,2
ERIN WOODS,Disorder,29,2018,3
ERIN WOODS,Disorder,28,2018,4
ERIN WOODS,Disorder,38,2018,5
ERIN WOODS,Disorder,29,2018,6
ERIN WOODS,Disorder,32,2018,7
ERIN WOODS,Disorder,41,2018,8
ERIN WOODS,Disorder,32,2018,9
ERIN WOODS,Disorder,31,2018,10
ERIN WOODS,Disorder,34,2018,11
ERIN WOODS,Disorder,23,2018,12
ERIN WOODS,Disorder,25,2019,1
ERIN WOODS,Disorder,19,2019,2
ERIN WOODS,Disorder,27,2019,3
ERIN WOODS,Disorder,33,2019,4
ERIN WOODS,Disorder,45,2019,5
ERIN WOODS,Disorder,43,2019,6
ERIN WOODS,Disorder,53,2019,7
ERIN WOODS,Disorder,45,2019,8
ERIN WOODS,Disorder,49,2019,9
ERIN WOODS,Disorder,35,2019,10
ERIN WOODS,Disorder,24,2019,11
ERIN WOODS,Disorder,28,2019,12
ERIN WOODS,Disorder,24,2020,1
ERIN WOODS,Disorder,36,2020,2
ERIN WOODS,Disorder,45,2020,3
ERIN WOODS,Disorder,46,2020,4
ERIN WOODS,Disorder,46,2020,5
ERIN WOODS,Disorder,32,2020,6
ERIN WOODS,Disorder,27,2020,7
ERIN WOODS,Disorder,36,2020,8
ERIN WOODS,Disorder,25,2020,9
ERIN WOODS,Disorder,23,2020,10
ERIN WOODS,Disorder,19,2020,11
ERIN WOODS,Disorder,24,2020,12
ERIN WOODS,Disorder,21,2021,1
ERIN WOODS,Disorder,29,2021,2
ERIN WOODS,Disorder,18,2021,3
ERIN WOODS,Disorder,33,2021,4
ERIN WOODS,Disorder,31,2021,5
ERIN WOODS,Disorder,28,2021,6
ERIN WOODS,Disorder,41,2021,7
ERIN WOODS,Disorder,30,2021,8
ERIN WOODS,Disorder,25,2021,9
ERIN WOODS,Disorder,31,2021,10
ERIN WOODS,Disorder,27,2021,11
ERIN WOODS,Disorder,25,2021,12
ERIN WOODS,Disorder,19,2022,1
ERIN WOODS,Disorder,35,2022,2
ERIN WOODS,Disorder,16,2022,3
ERIN WOODS,Disorder,25,2022,4
ERIN WOODS,Disorder,36,2022,5
ERIN WOODS,Disorder,31,2022,6
ERIN WOODS,Disorder,47,2022,7
ERIN WOODS,Disorder,39,2022,8
ERIN WOODS,Disorder,28,2022,9
ERIN WOODS,Disorder,22,2022,10
ERIN WOODS,Disorder,16,2022,11
ERIN WOODS,Disorder,16,2022,12
ERIN WOODS,Disorder,12,2023,1
ERIN WOODS,Disorder,19,2023,2
ERIN WOODS,Disorder,20,2023,3
ERIN WOODS,Disorder,24,2023,4
ERIN WOODS,Disorder,23,2023,5
ERIN WOODS,Disorder,29,2023,6
ERIN WOODS,Disorder,27,2023,7
ERIN WOODS,Disorder,31,2023,8
ERIN WOODS,Disorder,33,2023,9
ERIN WOODS,Disorder,29,2023,10
ERIN WOODS,Disorder,32,2023,11
ERIN WOODS,Disorder,21,2023,12
ERIN WOODS,Disorder,10,2024,1
ERIN WOODS,Disorder,17,2024,2
ERIN WOODS,Disorder,19,2024,3
ERIN WOODS,Disorder,29,2024,4
ERIN WOODS,Disorder,36,2024,5
ERLTON,Disorder,3,2018,1
ERLTON,Disorder,5,2018,2
ERLTON,Disorder,7,2018,3
ERLTON,Disorder,11,2018,4
ERLTON,Disorder,20,2018,5
ERLTON,Disorder,14,2018,6
ERLTON,Disorder,18,2018,7
ERLTON,Disorder,19,2018,8
ERLTON,Disorder,19,2018,9
ERLTON,Disorder,14,2018,10
ERLTON,Disorder,10,2018,11
ERLTON,Disorder,9,2018,12
ERLTON,Disorder,10,2019,1
ERLTON,Disorder,8,2019,2
ERLTON,Disorder,8,2019,3
ERLTON,Disorder,6,2019,4
ERLTON,Disorder,12,2019,5
ERLTON,Disorder,15,2019,6
ERLTON,Disorder,26,2019,7
ERLTON,Disorder,19,2019,8
ERLTON,Disorder,16,2019,9
ERLTON,Disorder,10,2019,10
ERLTON,Disorder,6,2019,11
ERLTON,Disorder,8,2019,12
ERLTON,Disorder,7,2020,1
ERLTON,Disorder,8,2020,2
ERLTON,Disorder,16,2020,3
ERLTON,Disorder,14,2020,4
ERLTON,Disorder,24,2020,5
ERLTON,Disorder,14,2020,6
ERLTON,Disorder,17,2020,7
ERLTON,Disorder,15,2020,8
ERLTON,Disorder,24,2020,9
ERLTON,Disorder,13,2020,10
ERLTON,Disorder,3,2020,11
ERLTON,Disorder,9,2020,12
ERLTON,Disorder,6,2021,1
ERLTON,Disorder,3,2021,2
ERLTON,Disorder,7,2021,3
ERLTON,Disorder,8,2021,4
ERLTON,Disorder,21,2021,5
ERLTON,Disorder,11,2021,6
ERLTON,Disorder,15,2021,7
ERLTON,Disorder,20,2021,8
ERLTON,Disorder,12,2021,9
ERLTON,Disorder,9,2021,10
ERLTON,Disorder,5,2021,11
ERLTON,Disorder,6,2021,12
ERLTON,Disorder,3,2022,1
ERLTON,Disorder,6,2022,2
ERLTON,Disorder,5,2022,3
ERLTON,Disorder,7,2022,4
ERLTON,Disorder,4,2022,5
ERLTON,Disorder,12,2022,6
ERLTON,Disorder,20,2022,7
ERLTON,Disorder,6,2022,8
ERLTON,Disorder,11,2022,9
ERLTON,Disorder,8,2022,10
ERLTON,Disorder,5,2022,11
ERLTON,Disorder,5,2022,12
ERLTON,Disorder,7,2023,1
ERLTON,Disorder,6,2023,2
ERLTON,Disorder,13,2023,3
ERLTON,Disorder,9,2023,4
ERLTON,Disorder,9,2023,5
ERLTON,Disorder,12,2023,6
ERLTON,Disorder,17,2023,7
ERLTON,Disorder,11,2023,8
ERLTON,Disorder,7,2023,9
ERLTON,Disorder,6,2023,10
ERLTON,Disorder,10,2023,11
ERLTON,Disorder,12,2023,12
ERLTON,Disorder,29,2024,1
ERLTON,Disorder,19,2024,2
ERLTON,Disorder,11,2024,3
ERLTON,Disorder,19,2024,4
ERLTON,Disorder,7,2024,5
EVANSTON,Disorder,23,2018,1
EVANSTON,Disorder,26,2018,2
EVANSTON,Disorder,33,2018,3
EVANSTON,Disorder,30,2018,4
EVANSTON,Disorder,35,2018,5
EVANSTON,Disorder,25,2018,6
EVANSTON,Disorder,33,2018,7
EVANSTON,Disorder,37,2018,8
EVANSTON,Disorder,22,2018,9
EVANSTON,Disorder,30,2018,10
EVANSTON,Disorder,25,2018,11
EVANSTON,Disorder,23,2018,12
EVANSTON,Disorder,20,2019,1
EVANSTON,Disorder,18,2019,2
EVANSTON,Disorder,22,2019,3
EVANSTON,Disorder,20,2019,4
EVANSTON,Disorder,31,2019,5
EVANSTON,Disorder,31,2019,6
EVANSTON,Disorder,26,2019,7
EVANSTON,Disorder,36,2019,8
EVANSTON,Disorder,28,2019,9
EVANSTON,Disorder,24,2019,10
EVANSTON,Disorder,23,2019,11
EVANSTON,Disorder,21,2019,12
EVANSTON,Disorder,21,2020,1
EVANSTON,Disorder,29,2020,2
EVANSTON,Disorder,31,2020,3
EVANSTON,Disorder,33,2020,4
EVANSTON,Disorder,34,2020,5
EVANSTON,Disorder,27,2020,6
EVANSTON,Disorder,35,2020,7
EVANSTON,Disorder,27,2020,8
EVANSTON,Disorder,38,2020,9
EVANSTON,Disorder,22,2020,10
EVANSTON,Disorder,21,2020,11
EVANSTON,Disorder,22,2020,12
EVANSTON,Disorder,27,2021,1
EVANSTON,Disorder,14,2021,2
EVANSTON,Disorder,16,2021,3
EVANSTON,Disorder,16,2021,4
EVANSTON,Disorder,21,2021,5
EVANSTON,Disorder,20,2021,6
EVANSTON,Disorder,21,2021,7
EVANSTON,Disorder,19,2021,8
EVANSTON,Disorder,19,2021,9
EVANSTON,Disorder,12,2021,10
EVANSTON,Disorder,21,2021,11
EVANSTON,Disorder,24,2021,12
EVANSTON,Disorder,17,2022,1
EVANSTON,Disorder,19,2022,2
EVANSTON,Disorder,24,2022,3
EVANSTON,Disorder,22,2022,4
EVANSTON,Disorder,28,2022,5
EVANSTON,Disorder,25,2022,6
EVANSTON,Disorder,42,2022,7
EVANSTON,Disorder,22,2022,8
EVANSTON,Disorder,44,2022,9
EVANSTON,Disorder,28,2022,10
EVANSTON,Disorder,17,2022,11
EVANSTON,Disorder,19,2022,12
EVANSTON,Disorder,22,2023,1
EVANSTON,Disorder,23,2023,2
EVANSTON,Disorder,21,2023,3
EVANSTON,Disorder,23,2023,4
EVANSTON,Disorder,18,2023,5
EVANSTON,Disorder,28,2023,6
EVANSTON,Disorder,35,2023,7
EVANSTON,Disorder,17,2023,8
EVANSTON,Disorder,30,2023,9
EVANSTON,Disorder,28,2023,10
EVANSTON,Disorder,19,2023,11
EVANSTON,Disorder,19,2023,12
EVANSTON,Disorder,15,2024,1
EVANSTON,Disorder,16,2024,2
EVANSTON,Disorder,17,2024,3
EVANSTON,Disorder,21,2024,4
EVANSTON,Disorder,39,2024,5
EVERGREEN,Disorder,20,2018,1
EVERGREEN,Disorder,17,2018,2
EVERGREEN,Disorder,17,2018,3
EVERGREEN,Disorder,25,2018,4
EVERGREEN,Disorder,30,2018,5
EVERGREEN,Disorder,32,2018,6
EVERGREEN,Disorder,34,2018,7
EVERGREEN,Disorder,45,2018,8
EVERGREEN,Disorder,19,2018,9
EVERGREEN,Disorder,28,2018,10
EVERGREEN,Disorder,26,2018,11
EVERGREEN,Disorder,16,2018,12
EVERGREEN,Disorder,18,2019,1
EVERGREEN,Disorder,19,2019,2
EVERGREEN,Disorder,27,2019,3
EVERGREEN,Disorder,21,2019,4
EVERGREEN,Disorder,30,2019,5
EVERGREEN,Disorder,32,2019,6
EVERGREEN,Disorder,43,2019,7
EVERGREEN,Disorder,32,2019,8
EVERGREEN,Disorder,30,2019,9
EVERGREEN,Disorder,26,2019,10
EVERGREEN,Disorder,23,2019,11
EVERGREEN,Disorder,21,2019,12
EVERGREEN,Disorder,18,2020,1
EVERGREEN,Disorder,24,2020,2
EVERGREEN,Disorder,18,2020,3
EVERGREEN,Disorder,50,2020,4
EVERGREEN,Disorder,31,2020,5
EVERGREEN,Disorder,41,2020,6
EVERGREEN,Disorder,23,2020,7
EVERGREEN,Disorder,45,2020,8
EVERGREEN,Disorder,22,2020,9
EVERGREEN,Disorder,34,2020,10
EVERGREEN,Disorder,25,2020,11
EVERGREEN,Disorder,22,2020,12
EVERGREEN,Disorder,26,2021,1
EVERGREEN,Disorder,20,2021,2
EVERGREEN,Disorder,23,2021,3
EVERGREEN,Disorder,24,2021,4
EVERGREEN,Disorder,22,2021,5
EVERGREEN,Disorder,25,2021,6
EVERGREEN,Disorder,28,2021,7
EVERGREEN,Disorder,31,2021,8
EVERGREEN,Disorder,38,2021,9
EVERGREEN,Disorder,26,2021,10
EVERGREEN,Disorder,27,2021,11
EVERGREEN,Disorder,21,2021,12
EVERGREEN,Disorder,24,2022,1
EVERGREEN,Disorder,23,2022,2
EVERGREEN,Disorder,26,2022,3
EVERGREEN,Disorder,18,2022,4
EVERGREEN,Disorder,15,2022,5
EVERGREEN,Disorder,23,2022,6
EVERGREEN,Disorder,34,2022,7
EVERGREEN,Disorder,44,2022,8
EVERGREEN,Disorder,32,2022,9
EVERGREEN,Disorder,23,2022,10
EVERGREEN,Disorder,20,2022,11
EVERGREEN,Disorder,13,2022,12
EVERGREEN,Disorder,17,2023,1
EVERGREEN,Disorder,10,2023,2
EVERGREEN,Disorder,33,2023,3
EVERGREEN,Disorder,28,2023,4
EVERGREEN,Disorder,23,2023,5
EVERGREEN,Disorder,37,2023,6
EVERGREEN,Disorder,23,2023,7
EVERGREEN,Disorder,28,2023,8
EVERGREEN,Disorder,20,2023,9
EVERGREEN,Disorder,19,2023,10
EVERGREEN,Disorder,15,2023,11
EVERGREEN,Disorder,11,2023,12
EVERGREEN,Disorder,11,2024,1
EVERGREEN,Disorder,12,2024,2
EVERGREEN,Disorder,21,2024,3
EVERGREEN,Disorder,26,2024,4
EVERGREEN,Disorder,20,2024,5
FAIRVIEW,Disorder,20,2018,1
FAIRVIEW,Disorder,16,2018,2
FAIRVIEW,Disorder,16,2018,3
FAIRVIEW,Disorder,18,2018,4
FAIRVIEW,Disorder,27,2018,5
FAIRVIEW,Disorder,25,2018,6
FAIRVIEW,Disorder,26,2018,7
FAIRVIEW,Disorder,27,2018,8
FAIRVIEW,Disorder,16,2018,9
FAIRVIEW,Disorder,19,2018,10
FAIRVIEW,Disorder,19,2018,11
FAIRVIEW,Disorder,17,2018,12
FAIRVIEW,Disorder,18,2019,1
FAIRVIEW,Disorder,7,2019,2
FAIRVIEW,Disorder,26,2019,3
FAIRVIEW,Disorder,23,2019,4
FAIRVIEW,Disorder,26,2019,5
FAIRVIEW,Disorder,26,2019,6
FAIRVIEW,Disorder,31,2019,7
FAIRVIEW,Disorder,18,2019,8
FAIRVIEW,Disorder,30,2019,9
FAIRVIEW,Disorder,26,2019,10
FAIRVIEW,Disorder,30,2019,11
FAIRVIEW,Disorder,19,2019,12
FAIRVIEW,Disorder,11,2020,1
FAIRVIEW,Disorder,24,2020,2
FAIRVIEW,Disorder,27,2020,3
FAIRVIEW,Disorder,28,2020,4
FAIRVIEW,Disorder,33,2020,5
FAIRVIEW,Disorder,35,2020,6
FAIRVIEW,Disorder,27,2020,7
FAIRVIEW,Disorder,28,2020,8
FAIRVIEW,Disorder,20,2020,9
FAIRVIEW,Disorder,14,2020,10
FAIRVIEW,Disorder,11,2020,11
FAIRVIEW,Disorder,10,2020,12
FAIRVIEW,Disorder,11,2021,1
FAIRVIEW,Disorder,17,2021,2
FAIRVIEW,Disorder,8,2021,3
FAIRVIEW,Disorder,17,2021,4
FAIRVIEW,Disorder,26,2021,5
FAIRVIEW,Disorder,27,2021,6
FAIRVIEW,Disorder,22,2021,7
FAIRVIEW,Disorder,12,2021,8
FAIRVIEW,Disorder,20,2021,9
FAIRVIEW,Disorder,21,2021,10
FAIRVIEW,Disorder,16,2021,11
FAIRVIEW,Disorder,19,2021,12
FAIRVIEW,Disorder,20,2022,1
FAIRVIEW,Disorder,28,2022,2
FAIRVIEW,Disorder,18,2022,3
FAIRVIEW,Disorder,12,2022,4
FAIRVIEW,Disorder,14,2022,5
FAIRVIEW,Disorder,23,2022,6
FAIRVIEW,Disorder,21,2022,7
FAIRVIEW,Disorder,20,2022,8
FAIRVIEW,Disorder,25,2022,9
FAIRVIEW,Disorder,20,2022,10
FAIRVIEW,Disorder,8,2022,11
FAIRVIEW,Disorder,16,2022,12
FAIRVIEW,Disorder,16,2023,1
FAIRVIEW,Disorder,14,2023,2
FAIRVIEW,Disorder,32,2023,3
FAIRVIEW,Disorder,22,2023,4
FAIRVIEW,Disorder,25,2023,5
FAIRVIEW,Disorder,18,2023,6
FAIRVIEW,Disorder,23,2023,7
FAIRVIEW,Disorder,26,2023,8
FAIRVIEW,Disorder,20,2023,9
FAIRVIEW,Disorder,19,2023,10
FAIRVIEW,Disorder,17,2023,11
FAIRVIEW,Disorder,23,2023,12
FAIRVIEW,Disorder,13,2024,1
FAIRVIEW,Disorder,15,2024,2
FAIRVIEW,Disorder,8,2024,3
FAIRVIEW,Disorder,10,2024,4
FAIRVIEW,Disorder,12,2024,5
FAIRVIEW INDUSTRIAL,Disorder,14,2018,1
FAIRVIEW INDUSTRIAL,Disorder,11,2018,2
FAIRVIEW INDUSTRIAL,Disorder,11,2018,3
FAIRVIEW INDUSTRIAL,Disorder,15,2018,4
FAIRVIEW INDUSTRIAL,Disorder,13,2018,5
FAIRVIEW INDUSTRIAL,Disorder,21,2018,6
FAIRVIEW INDUSTRIAL,Disorder,21,2018,7
FAIRVIEW INDUSTRIAL,Disorder,31,2018,8
FAIRVIEW INDUSTRIAL,Disorder,19,2018,9
FAIRVIEW INDUSTRIAL,Disorder,18,2018,10
FAIRVIEW INDUSTRIAL,Disorder,17,2018,11
FAIRVIEW INDUSTRIAL,Disorder,10,2018,12
FAIRVIEW INDUSTRIAL,Disorder,10,2019,1
FAIRVIEW INDUSTRIAL,Disorder,10,2019,2
FAIRVIEW INDUSTRIAL,Disorder,12,2019,3
FAIRVIEW INDUSTRIAL,Disorder,22,2019,4
FAIRVIEW INDUSTRIAL,Disorder,19,2019,5
FAIRVIEW INDUSTRIAL,Disorder,16,2019,6
FAIRVIEW INDUSTRIAL,Disorder,19,2019,7
FAIRVIEW INDUSTRIAL,Disorder,22,2019,8
FAIRVIEW INDUSTRIAL,Disorder,13,2019,9
FAIRVIEW INDUSTRIAL,Disorder,16,2019,10
FAIRVIEW INDUSTRIAL,Disorder,9,2019,11
FAIRVIEW INDUSTRIAL,Disorder,19,2019,12
FAIRVIEW INDUSTRIAL,Disorder,24,2020,1
FAIRVIEW INDUSTRIAL,Disorder,18,2020,2
FAIRVIEW INDUSTRIAL,Disorder,8,2020,3
FAIRVIEW INDUSTRIAL,Disorder,20,2020,4
FAIRVIEW INDUSTRIAL,Disorder,14,2020,5
FAIRVIEW INDUSTRIAL,Disorder,22,2020,6
FAIRVIEW INDUSTRIAL,Disorder,16,2020,7
FAIRVIEW INDUSTRIAL,Disorder,12,2020,8
FAIRVIEW INDUSTRIAL,Disorder,23,2020,9
FAIRVIEW INDUSTRIAL,Disorder,10,2020,10
FAIRVIEW INDUSTRIAL,Disorder,18,2020,11
FAIRVIEW INDUSTRIAL,Disorder,14,2020,12
FAIRVIEW INDUSTRIAL,Disorder,11,2021,1
FAIRVIEW INDUSTRIAL,Disorder,4,2021,2
FAIRVIEW INDUSTRIAL,Disorder,14,2021,3
FAIRVIEW INDUSTRIAL,Disorder,12,2021,4
FAIRVIEW INDUSTRIAL,Disorder,11,2021,5
FAIRVIEW INDUSTRIAL,Disorder,13,2021,6
FAIRVIEW INDUSTRIAL,Disorder,15,2021,7
FAIRVIEW INDUSTRIAL,Disorder,18,2021,8
FAIRVIEW INDUSTRIAL,Disorder,13,2021,9
FAIRVIEW INDUSTRIAL,Disorder,14,2021,10
FAIRVIEW INDUSTRIAL,Disorder,10,2021,11
FAIRVIEW INDUSTRIAL,Disorder,7,2021,12
FAIRVIEW INDUSTRIAL,Disorder,13,2022,1
FAIRVIEW INDUSTRIAL,Disorder,10,2022,2
FAIRVIEW INDUSTRIAL,Disorder,18,2022,3
FAIRVIEW INDUSTRIAL,Disorder,13,2022,4
FAIRVIEW INDUSTRIAL,Disorder,9,2022,5
FAIRVIEW INDUSTRIAL,Disorder,13,2022,6
FAIRVIEW INDUSTRIAL,Disorder,8,2022,7
FAIRVIEW INDUSTRIAL,Disorder,18,2022,8
FAIRVIEW INDUSTRIAL,Disorder,20,2022,9
FAIRVIEW INDUSTRIAL,Disorder,24,2022,10
FAIRVIEW INDUSTRIAL,Disorder,8,2022,11
FAIRVIEW INDUSTRIAL,Disorder,10,2022,12
FAIRVIEW INDUSTRIAL,Disorder,13,2023,1
FAIRVIEW INDUSTRIAL,Disorder,11,2023,2
FAIRVIEW INDUSTRIAL,Disorder,10,2023,3
FAIRVIEW INDUSTRIAL,Disorder,15,2023,4
FAIRVIEW INDUSTRIAL,Disorder,27,2023,5
FAIRVIEW INDUSTRIAL,Disorder,27,2023,6
FAIRVIEW INDUSTRIAL,Disorder,20,2023,7
FAIRVIEW INDUSTRIAL,Disorder,23,2023,8
FAIRVIEW INDUSTRIAL,Disorder,11,2023,9
FAIRVIEW INDUSTRIAL,Disorder,7,2023,10
FAIRVIEW INDUSTRIAL,Disorder,17,2023,11
FAIRVIEW INDUSTRIAL,Disorder,10,2023,12
FAIRVIEW INDUSTRIAL,Disorder,4,2024,1
FAIRVIEW INDUSTRIAL,Disorder,11,2024,2
FAIRVIEW INDUSTRIAL,Disorder,12,2024,3
FAIRVIEW INDUSTRIAL,Disorder,11,2024,4
FAIRVIEW INDUSTRIAL,Disorder,14,2024,5
FALCONRIDGE,Disorder,79,2018,1
FALCONRIDGE,Disorder,55,2018,2
FALCONRIDGE,Disorder,90,2018,3
FALCONRIDGE,Disorder,103,2018,4
FALCONRIDGE,Disorder,100,2018,5
FALCONRIDGE,Disorder,85,2018,6
FALCONRIDGE,Disorder,97,2018,7
FALCONRIDGE,Disorder,94,2018,8
FALCONRIDGE,Disorder,68,2018,9
FALCONRIDGE,Disorder,95,2018,10
FALCONRIDGE,Disorder,93,2018,11
FALCONRIDGE,Disorder,89,2018,12
FALCONRIDGE,Disorder,102,2019,1
FALCONRIDGE,Disorder,77,2019,2
FALCONRIDGE,Disorder,95,2019,3
FALCONRIDGE,Disorder,101,2019,4
FALCONRIDGE,Disorder,96,2019,5
FALCONRIDGE,Disorder,106,2019,6
FALCONRIDGE,Disorder,129,2019,7
FALCONRIDGE,Disorder,102,2019,8
FALCONRIDGE,Disorder,105,2019,9
FALCONRIDGE,Disorder,84,2019,10
FALCONRIDGE,Disorder,76,2019,11
FALCONRIDGE,Disorder,86,2019,12
FALCONRIDGE,Disorder,66,2020,1
FALCONRIDGE,Disorder,63,2020,2
FALCONRIDGE,Disorder,89,2020,3
FALCONRIDGE,Disorder,115,2020,4
FALCONRIDGE,Disorder,110,2020,5
FALCONRIDGE,Disorder,98,2020,6
FALCONRIDGE,Disorder,124,2020,7
FALCONRIDGE,Disorder,83,2020,8
FALCONRIDGE,Disorder,98,2020,9
FALCONRIDGE,Disorder,59,2020,10
FALCONRIDGE,Disorder,59,2020,11
FALCONRIDGE,Disorder,74,2020,12
FALCONRIDGE,Disorder,57,2021,1
FALCONRIDGE,Disorder,62,2021,2
FALCONRIDGE,Disorder,98,2021,3
FALCONRIDGE,Disorder,90,2021,4
FALCONRIDGE,Disorder,92,2021,5
FALCONRIDGE,Disorder,77,2021,6
FALCONRIDGE,Disorder,99,2021,7
FALCONRIDGE,Disorder,132,2021,8
FALCONRIDGE,Disorder,117,2021,9
FALCONRIDGE,Disorder,114,2021,10
FALCONRIDGE,Disorder,136,2021,11
FALCONRIDGE,Disorder,45,2021,12
FALCONRIDGE,Disorder,79,2022,1
FALCONRIDGE,Disorder,70,2022,2
FALCONRIDGE,Disorder,82,2022,3
FALCONRIDGE,Disorder,74,2022,4
FALCONRIDGE,Disorder,122,2022,5
FALCONRIDGE,Disorder,80,2022,6
FALCONRIDGE,Disorder,86,2022,7
FALCONRIDGE,Disorder,80,2022,8
FALCONRIDGE,Disorder,79,2022,9
FALCONRIDGE,Disorder,65,2022,10
FALCONRIDGE,Disorder,49,2022,11
FALCONRIDGE,Disorder,55,2022,12
FALCONRIDGE,Disorder,64,2023,1
FALCONRIDGE,Disorder,37,2023,2
FALCONRIDGE,Disorder,64,2023,3
FALCONRIDGE,Disorder,80,2023,4
FALCONRIDGE,Disorder,90,2023,5
FALCONRIDGE,Disorder,77,2023,6
FALCONRIDGE,Disorder,96,2023,7
FALCONRIDGE,Disorder,73,2023,8
FALCONRIDGE,Disorder,71,2023,9
FALCONRIDGE,Disorder,62,2023,10
FALCONRIDGE,Disorder,55,2023,11
FALCONRIDGE,Disorder,41,2023,12
FALCONRIDGE,Disorder,41,2024,1
FALCONRIDGE,Disorder,37,2024,2
FALCONRIDGE,Disorder,40,2024,3
FALCONRIDGE,Disorder,41,2024,4
FALCONRIDGE,Disorder,54,2024,5
FISH CREEK PARK,Disorder,1,2018,1
FISH CREEK PARK,Disorder,4,2018,2
FISH CREEK PARK,Disorder,3,2018,3
FISH CREEK PARK,Disorder,5,2018,4
FISH CREEK PARK,Disorder,9,2018,5
FISH CREEK PARK,Disorder,6,2018,6
FISH CREEK PARK,Disorder,4,2018,7
FISH CREEK PARK,Disorder,3,2018,8
FISH CREEK PARK,Disorder,5,2018,9
FISH CREEK PARK,Disorder,1,2018,10
FISH CREEK PARK,Disorder,2,2018,11
FISH CREEK PARK,Disorder,1,2018,12
FISH CREEK PARK,Disorder,1,2019,1
FISH CREEK PARK,Disorder,2,2019,2
FISH CREEK PARK,Disorder,3,2019,3
FISH CREEK PARK,Disorder,5,2019,4
FISH CREEK PARK,Disorder,5,2019,5
FISH CREEK PARK,Disorder,7,2019,6
FISH CREEK PARK,Disorder,7,2019,7
FISH CREEK PARK,Disorder,5,2019,8
FISH CREEK PARK,Disorder,4,2019,9
FISH CREEK PARK,Disorder,1,2019,10
FISH CREEK PARK,Disorder,1,2019,11
FISH CREEK PARK,Disorder,1,2019,12
FISH CREEK PARK,Disorder,4,2020,1
FISH CREEK PARK,Disorder,3,2020,2
FISH CREEK PARK,Disorder,1,2020,3
FISH CREEK PARK,Disorder,1,2020,4
FISH CREEK PARK,Disorder,16,2020,5
FISH CREEK PARK,Disorder,4,2020,6
FISH CREEK PARK,Disorder,8,2020,7
FISH CREEK PARK,Disorder,9,2020,8
FISH CREEK PARK,Disorder,4,2020,9
FISH CREEK PARK,Disorder,2,2020,10
FISH CREEK PARK,Disorder,1,2020,11
FISH CREEK PARK,Disorder,5,2020,12
FISH CREEK PARK,Disorder,1,2021,1
FISH CREEK PARK,Disorder,4,2021,2
FISH CREEK PARK,Disorder,3,2021,3
FISH CREEK PARK,Disorder,6,2021,4
FISH CREEK PARK,Disorder,3,2021,5
FISH CREEK PARK,Disorder,11,2021,6
FISH CREEK PARK,Disorder,6,2021,7
FISH CREEK PARK,Disorder,8,2021,8
FISH CREEK PARK,Disorder,2,2021,9
FISH CREEK PARK,Disorder,5,2021,10
FISH CREEK PARK,Disorder,4,2021,11
FISH CREEK PARK,Disorder,1,2021,12
FISH CREEK PARK,Disorder,2,2022,1
FISH CREEK PARK,Disorder,4,2022,3
FISH CREEK PARK,Disorder,3,2022,4
FISH CREEK PARK,Disorder,1,2022,5
FISH CREEK PARK,Disorder,5,2022,6
FISH CREEK PARK,Disorder,4,2022,7
FISH CREEK PARK,Disorder,10,2022,8
FISH CREEK PARK,Disorder,4,2022,9
FISH CREEK PARK,Disorder,4,2022,10
FISH CREEK PARK,Disorder,3,2023,2
FISH CREEK PARK,Disorder,3,2023,3
FISH CREEK PARK,Disorder,6,2023,4
FISH CREEK PARK,Disorder,5,2023,5
FISH CREEK PARK,Disorder,4,2023,6
FISH CREEK PARK,Disorder,8,2023,7
FISH CREEK PARK,Disorder,12,2023,8
FISH CREEK PARK,Disorder,2,2023,9
FISH CREEK PARK,Disorder,2,2023,11
FISH CREEK PARK,Disorder,3,2023,12
FISH CREEK PARK,Disorder,4,2024,1
FISH CREEK PARK,Disorder,1,2024,2
FISH CREEK PARK,Disorder,1,2024,3
FISH CREEK PARK,Disorder,2,2024,4
FISH CREEK PARK,Disorder,8,2024,5
FOOTHILLS,Disorder,24,2018,1
FOOTHILLS,Disorder,26,2018,2
FOOTHILLS,Disorder,20,2018,3
FOOTHILLS,Disorder,21,2018,4
FOOTHILLS,Disorder,18,2018,5
FOOTHILLS,Disorder,23,2018,6
FOOTHILLS,Disorder,23,2018,7
FOOTHILLS,Disorder,29,2018,8
FOOTHILLS,Disorder,20,2018,9
FOOTHILLS,Disorder,35,2018,10
FOOTHILLS,Disorder,34,2018,11
FOOTHILLS,Disorder,29,2018,12
FOOTHILLS,Disorder,29,2019,1
FOOTHILLS,Disorder,19,2019,2
FOOTHILLS,Disorder,27,2019,3
FOOTHILLS,Disorder,18,2019,4
FOOTHILLS,Disorder,25,2019,5
FOOTHILLS,Disorder,17,2019,6
FOOTHILLS,Disorder,23,2019,7
FOOTHILLS,Disorder,19,2019,8
FOOTHILLS,Disorder,36,2019,9
FOOTHILLS,Disorder,23,2019,10
FOOTHILLS,Disorder,19,2019,11
FOOTHILLS,Disorder,13,2019,12
FOOTHILLS,Disorder,23,2020,1
FOOTHILLS,Disorder,18,2020,2
FOOTHILLS,Disorder,18,2020,3
FOOTHILLS,Disorder,16,2020,4
FOOTHILLS,Disorder,29,2020,5
FOOTHILLS,Disorder,25,2020,6
FOOTHILLS,Disorder,25,2020,7
FOOTHILLS,Disorder,24,2020,8
FOOTHILLS,Disorder,16,2020,9
FOOTHILLS,Disorder,18,2020,10
FOOTHILLS,Disorder,34,2020,11
FOOTHILLS,Disorder,25,2020,12
FOOTHILLS,Disorder,23,2021,1
FOOTHILLS,Disorder,23,2021,2
FOOTHILLS,Disorder,12,2021,3
FOOTHILLS,Disorder,22,2021,4
FOOTHILLS,Disorder,21,2021,5
FOOTHILLS,Disorder,17,2021,6
FOOTHILLS,Disorder,21,2021,7
FOOTHILLS,Disorder,37,2021,8
FOOTHILLS,Disorder,34,2021,9
FOOTHILLS,Disorder,24,2021,10
FOOTHILLS,Disorder,27,2021,11
FOOTHILLS,Disorder,19,2021,12
FOOTHILLS,Disorder,18,2022,1
FOOTHILLS,Disorder,24,2022,2
FOOTHILLS,Disorder,36,2022,3
FOOTHILLS,Disorder,26,2022,4
FOOTHILLS,Disorder,33,2022,5
FOOTHILLS,Disorder,17,2022,6
FOOTHILLS,Disorder,28,2022,7
FOOTHILLS,Disorder,22,2022,8
FOOTHILLS,Disorder,25,2022,9
FOOTHILLS,Disorder,23,2022,10
FOOTHILLS,Disorder,33,2022,11
FOOTHILLS,Disorder,30,2022,12
FOOTHILLS,Disorder,25,2023,1
FOOTHILLS,Disorder,14,2023,2
FOOTHILLS,Disorder,24,2023,3
FOOTHILLS,Disorder,31,2023,4
FOOTHILLS,Disorder,23,2023,5
FOOTHILLS,Disorder,22,2023,6
FOOTHILLS,Disorder,29,2023,7
FOOTHILLS,Disorder,38,2023,8
FOOTHILLS,Disorder,22,2023,9
FOOTHILLS,Disorder,31,2023,10
FOOTHILLS,Disorder,23,2023,11
FOOTHILLS,Disorder,17,2023,12
FOOTHILLS,Disorder,24,2024,1
FOOTHILLS,Disorder,20,2024,2
FOOTHILLS,Disorder,27,2024,3
FOOTHILLS,Disorder,21,2024,4
FOOTHILLS,Disorder,24,2024,5
FOREST HEIGHTS,Disorder,35,2018,1
FOREST HEIGHTS,Disorder,46,2018,2
FOREST HEIGHTS,Disorder,57,2018,3
FOREST HEIGHTS,Disorder,55,2018,4
FOREST HEIGHTS,Disorder,63,2018,5
FOREST HEIGHTS,Disorder,65,2018,6
FOREST HEIGHTS,Disorder,81,2018,7
FOREST HEIGHTS,Disorder,77,2018,8
FOREST HEIGHTS,Disorder,75,2018,9
FOREST HEIGHTS,Disorder,49,2018,10
FOREST HEIGHTS,Disorder,47,2018,11
FOREST HEIGHTS,Disorder,65,2018,12
FOREST HEIGHTS,Disorder,52,2019,1
FOREST HEIGHTS,Disorder,40,2019,2
FOREST HEIGHTS,Disorder,61,2019,3
FOREST HEIGHTS,Disorder,74,2019,4
FOREST HEIGHTS,Disorder,50,2019,5
FOREST HEIGHTS,Disorder,58,2019,6
FOREST HEIGHTS,Disorder,77,2019,7
FOREST HEIGHTS,Disorder,72,2019,8
FOREST HEIGHTS,Disorder,86,2019,9
FOREST HEIGHTS,Disorder,60,2019,10
FOREST HEIGHTS,Disorder,73,2019,11
FOREST HEIGHTS,Disorder,76,2019,12
FOREST HEIGHTS,Disorder,56,2020,1
FOREST HEIGHTS,Disorder,56,2020,2
FOREST HEIGHTS,Disorder,47,2020,3
FOREST HEIGHTS,Disorder,74,2020,4
FOREST HEIGHTS,Disorder,66,2020,5
FOREST HEIGHTS,Disorder,58,2020,6
FOREST HEIGHTS,Disorder,79,2020,7
FOREST HEIGHTS,Disorder,75,2020,8
FOREST HEIGHTS,Disorder,65,2020,9
FOREST HEIGHTS,Disorder,40,2020,10
FOREST HEIGHTS,Disorder,47,2020,11
FOREST HEIGHTS,Disorder,54,2020,12
FOREST HEIGHTS,Disorder,43,2021,1
FOREST HEIGHTS,Disorder,55,2021,2
FOREST HEIGHTS,Disorder,62,2021,3
FOREST HEIGHTS,Disorder,59,2021,4
FOREST HEIGHTS,Disorder,73,2021,5
FOREST HEIGHTS,Disorder,68,2021,6
FOREST HEIGHTS,Disorder,72,2021,7
FOREST HEIGHTS,Disorder,56,2021,8
FOREST HEIGHTS,Disorder,85,2021,9
FOREST HEIGHTS,Disorder,76,2021,10
FOREST HEIGHTS,Disorder,60,2021,11
FOREST HEIGHTS,Disorder,40,2021,12
FOREST HEIGHTS,Disorder,38,2022,1
FOREST HEIGHTS,Disorder,60,2022,2
FOREST HEIGHTS,Disorder,51,2022,3
FOREST HEIGHTS,Disorder,56,2022,4
FOREST HEIGHTS,Disorder,63,2022,5
FOREST HEIGHTS,Disorder,80,2022,6
FOREST HEIGHTS,Disorder,67,2022,7
FOREST HEIGHTS,Disorder,80,2022,8
FOREST HEIGHTS,Disorder,127,2022,9
FOREST HEIGHTS,Disorder,83,2022,10
FOREST HEIGHTS,Disorder,59,2022,11
FOREST HEIGHTS,Disorder,47,2022,12
FOREST HEIGHTS,Disorder,54,2023,1
FOREST HEIGHTS,Disorder,48,2023,2
FOREST HEIGHTS,Disorder,52,2023,3
FOREST HEIGHTS,Disorder,64,2023,4
FOREST HEIGHTS,Disorder,86,2023,5
FOREST HEIGHTS,Disorder,72,2023,6
FOREST HEIGHTS,Disorder,88,2023,7
FOREST HEIGHTS,Disorder,80,2023,8
FOREST HEIGHTS,Disorder,73,2023,9
FOREST HEIGHTS,Disorder,50,2023,10
FOREST HEIGHTS,Disorder,46,2023,11
FOREST HEIGHTS,Disorder,41,2023,12
FOREST HEIGHTS,Disorder,47,2024,1
FOREST HEIGHTS,Disorder,47,2024,2
FOREST HEIGHTS,Disorder,46,2024,3
FOREST HEIGHTS,Disorder,57,2024,4
FOREST HEIGHTS,Disorder,100,2024,5
FOREST LAWN,Disorder,146,2018,1
FOREST LAWN,Disorder,132,2018,2
FOREST LAWN,Disorder,178,2018,3
FOREST LAWN,Disorder,177,2018,4
FOREST LAWN,Disorder,255,2018,5
FOREST LAWN,Disorder,196,2018,6
FOREST LAWN,Disorder,234,2018,7
FOREST LAWN,Disorder,269,2018,8
FOREST LAWN,Disorder,207,2018,9
FOREST LAWN,Disorder,192,2018,10
FOREST LAWN,Disorder,164,2018,11
FOREST LAWN,Disorder,147,2018,12
FOREST LAWN,Disorder,131,2019,1
FOREST LAWN,Disorder,125,2019,2
FOREST LAWN,Disorder,154,2019,3
FOREST LAWN,Disorder,179,2019,4
FOREST LAWN,Disorder,213,2019,5
FOREST LAWN,Disorder,207,2019,6
FOREST LAWN,Disorder,202,2019,7
FOREST LAWN,Disorder,230,2019,8
FOREST LAWN,Disorder,205,2019,9
FOREST LAWN,Disorder,196,2019,10
FOREST LAWN,Disorder,151,2019,11
FOREST LAWN,Disorder,176,2019,12
FOREST LAWN,Disorder,172,2020,1
FOREST LAWN,Disorder,128,2020,2
FOREST LAWN,Disorder,167,2020,3
FOREST LAWN,Disorder,167,2020,4
FOREST LAWN,Disorder,245,2020,5
FOREST LAWN,Disorder,264,2020,6
FOREST LAWN,Disorder,297,2020,7
FOREST LAWN,Disorder,272,2020,8
FOREST LAWN,Disorder,214,2020,9
FOREST LAWN,Disorder,191,2020,10
FOREST LAWN,Disorder,192,2020,11
FOREST LAWN,Disorder,205,2020,12
FOREST LAWN,Disorder,158,2021,1
FOREST LAWN,Disorder,133,2021,2
FOREST LAWN,Disorder,193,2021,3
FOREST LAWN,Disorder,253,2021,4
FOREST LAWN,Disorder,208,2021,5
FOREST LAWN,Disorder,250,2021,6
FOREST LAWN,Disorder,275,2021,7
FOREST LAWN,Disorder,247,2021,8
FOREST LAWN,Disorder,254,2021,9
FOREST LAWN,Disorder,252,2021,10
FOREST LAWN,Disorder,193,2021,11
FOREST LAWN,Disorder,149,2021,12
FOREST LAWN,Disorder,153,2022,1
FOREST LAWN,Disorder,156,2022,2
FOREST LAWN,Disorder,152,2022,3
FOREST LAWN,Disorder,176,2022,4
FOREST LAWN,Disorder,201,2022,5
FOREST LAWN,Disorder,183,2022,6
FOREST LAWN,Disorder,241,2022,7
FOREST LAWN,Disorder,203,2022,8
FOREST LAWN,Disorder,212,2022,9
FOREST LAWN,Disorder,220,2022,10
FOREST LAWN,Disorder,130,2022,11
FOREST LAWN,Disorder,108,2022,12
FOREST LAWN,Disorder,118,2023,1
FOREST LAWN,Disorder,112,2023,2
FOREST LAWN,Disorder,144,2023,3
FOREST LAWN,Disorder,153,2023,4
FOREST LAWN,Disorder,210,2023,5
FOREST LAWN,Disorder,190,2023,6
FOREST LAWN,Disorder,169,2023,7
FOREST LAWN,Disorder,214,2023,8
FOREST LAWN,Disorder,176,2023,9
FOREST LAWN,Disorder,161,2023,10
FOREST LAWN,Disorder,122,2023,11
FOREST LAWN,Disorder,122,2023,12
FOREST LAWN,Disorder,92,2024,1
FOREST LAWN,Disorder,106,2024,2
FOREST LAWN,Disorder,103,2024,3
FOREST LAWN,Disorder,105,2024,4
FOREST LAWN,Disorder,155,2024,5
FOREST LAWN INDUSTRIAL,Disorder,17,2018,1
FOREST LAWN INDUSTRIAL,Disorder,13,2018,2
FOREST LAWN INDUSTRIAL,Disorder,22,2018,3
FOREST LAWN INDUSTRIAL,Disorder,28,2018,4
FOREST LAWN INDUSTRIAL,Disorder,31,2018,5
FOREST LAWN INDUSTRIAL,Disorder,29,2018,6
FOREST LAWN INDUSTRIAL,Disorder,28,2018,7
FOREST LAWN INDUSTRIAL,Disorder,24,2018,8
FOREST LAWN INDUSTRIAL,Disorder,30,2018,9
FOREST LAWN INDUSTRIAL,Disorder,27,2018,10
FOREST LAWN INDUSTRIAL,Disorder,22,2018,11
FOREST LAWN INDUSTRIAL,Disorder,21,2018,12
FOREST LAWN INDUSTRIAL,Disorder,19,2019,1
FOREST LAWN INDUSTRIAL,Disorder,11,2019,2
FOREST LAWN INDUSTRIAL,Disorder,23,2019,3
FOREST LAWN INDUSTRIAL,Disorder,16,2019,4
FOREST LAWN INDUSTRIAL,Disorder,23,2019,5
FOREST LAWN INDUSTRIAL,Disorder,27,2019,6
FOREST LAWN INDUSTRIAL,Disorder,25,2019,7
FOREST LAWN INDUSTRIAL,Disorder,39,2019,8
FOREST LAWN INDUSTRIAL,Disorder,25,2019,9
FOREST LAWN INDUSTRIAL,Disorder,20,2019,10
FOREST LAWN INDUSTRIAL,Disorder,32,2019,11
FOREST LAWN INDUSTRIAL,Disorder,21,2019,12
FOREST LAWN INDUSTRIAL,Disorder,20,2020,1
FOREST LAWN INDUSTRIAL,Disorder,11,2020,2
FOREST LAWN INDUSTRIAL,Disorder,16,2020,3
FOREST LAWN INDUSTRIAL,Disorder,20,2020,4
FOREST LAWN INDUSTRIAL,Disorder,16,2020,5
FOREST LAWN INDUSTRIAL,Disorder,21,2020,6
FOREST LAWN INDUSTRIAL,Disorder,26,2020,7
FOREST LAWN INDUSTRIAL,Disorder,38,2020,8
FOREST LAWN INDUSTRIAL,Disorder,20,2020,9
FOREST LAWN INDUSTRIAL,Disorder,18,2020,10
FOREST LAWN INDUSTRIAL,Disorder,25,2020,11
FOREST LAWN INDUSTRIAL,Disorder,16,2020,12
FOREST LAWN INDUSTRIAL,Disorder,18,2021,1
FOREST LAWN INDUSTRIAL,Disorder,12,2021,2
FOREST LAWN INDUSTRIAL,Disorder,19,2021,3
FOREST LAWN INDUSTRIAL,Disorder,23,2021,4
FOREST LAWN INDUSTRIAL,Disorder,19,2021,5
FOREST LAWN INDUSTRIAL,Disorder,28,2021,6
FOREST LAWN INDUSTRIAL,Disorder,32,2021,7
FOREST LAWN INDUSTRIAL,Disorder,30,2021,8
FOREST LAWN INDUSTRIAL,Disorder,31,2021,9
FOREST LAWN INDUSTRIAL,Disorder,33,2021,10
FOREST LAWN INDUSTRIAL,Disorder,19,2021,11
FOREST LAWN INDUSTRIAL,Disorder,26,2021,12
FOREST LAWN INDUSTRIAL,Disorder,17,2022,1
FOREST LAWN INDUSTRIAL,Disorder,26,2022,2
FOREST LAWN INDUSTRIAL,Disorder,20,2022,3
FOREST LAWN INDUSTRIAL,Disorder,30,2022,4
FOREST LAWN INDUSTRIAL,Disorder,26,2022,5
FOREST LAWN INDUSTRIAL,Disorder,22,2022,6
FOREST LAWN INDUSTRIAL,Disorder,24,2022,7
FOREST LAWN INDUSTRIAL,Disorder,23,2022,8
FOREST LAWN INDUSTRIAL,Disorder,31,2022,9
FOREST LAWN INDUSTRIAL,Disorder,26,2022,10
FOREST LAWN INDUSTRIAL,Disorder,19,2022,11
FOREST LAWN INDUSTRIAL,Disorder,18,2022,12
FOREST LAWN INDUSTRIAL,Disorder,19,2023,1
FOREST LAWN INDUSTRIAL,Disorder,17,2023,2
FOREST LAWN INDUSTRIAL,Disorder,19,2023,3
FOREST LAWN INDUSTRIAL,Disorder,26,2023,4
FOREST LAWN INDUSTRIAL,Disorder,29,2023,5
FOREST LAWN INDUSTRIAL,Disorder,46,2023,6
FOREST LAWN INDUSTRIAL,Disorder,52,2023,7
FOREST LAWN INDUSTRIAL,Disorder,38,2023,8
FOREST LAWN INDUSTRIAL,Disorder,26,2023,9
FOREST LAWN INDUSTRIAL,Disorder,21,2023,10
FOREST LAWN INDUSTRIAL,Disorder,23,2023,11
FOREST LAWN INDUSTRIAL,Disorder,33,2023,12
FOREST LAWN INDUSTRIAL,Disorder,21,2024,1
FOREST LAWN INDUSTRIAL,Disorder,22,2024,2
FOREST LAWN INDUSTRIAL,Disorder,14,2024,3
FOREST LAWN INDUSTRIAL,Disorder,19,2024,4
FOREST LAWN INDUSTRIAL,Disorder,23,2024,5
FRANKLIN,Disorder,49,2018,1
FRANKLIN,Disorder,39,2018,2
FRANKLIN,Disorder,35,2018,3
FRANKLIN,Disorder,39,2018,4
FRANKLIN,Disorder,50,2018,5
FRANKLIN,Disorder,48,2018,6
FRANKLIN,Disorder,48,2018,7
FRANKLIN,Disorder,62,2018,8
FRANKLIN,Disorder,66,2018,9
FRANKLIN,Disorder,55,2018,10
FRANKLIN,Disorder,54,2018,11
FRANKLIN,Disorder,45,2018,12
FRANKLIN,Disorder,36,2019,1
FRANKLIN,Disorder,60,2019,2
FRANKLIN,Disorder,63,2019,3
FRANKLIN,Disorder,53,2019,4
FRANKLIN,Disorder,55,2019,5
FRANKLIN,Disorder,46,2019,6
FRANKLIN,Disorder,41,2019,7
FRANKLIN,Disorder,47,2019,8
FRANKLIN,Disorder,45,2019,9
FRANKLIN,Disorder,39,2019,10
FRANKLIN,Disorder,61,2019,11
FRANKLIN,Disorder,77,2019,12
FRANKLIN,Disorder,60,2020,1
FRANKLIN,Disorder,54,2020,2
FRANKLIN,Disorder,55,2020,3
FRANKLIN,Disorder,45,2020,4
FRANKLIN,Disorder,48,2020,5
FRANKLIN,Disorder,42,2020,6
FRANKLIN,Disorder,50,2020,7
FRANKLIN,Disorder,45,2020,8
FRANKLIN,Disorder,33,2020,9
FRANKLIN,Disorder,29,2020,10
FRANKLIN,Disorder,45,2020,11
FRANKLIN,Disorder,43,2020,12
FRANKLIN,Disorder,56,2021,1
FRANKLIN,Disorder,85,2021,2
FRANKLIN,Disorder,56,2021,3
FRANKLIN,Disorder,51,2021,4
FRANKLIN,Disorder,41,2021,5
FRANKLIN,Disorder,44,2021,6
FRANKLIN,Disorder,37,2021,7
FRANKLIN,Disorder,37,2021,8
FRANKLIN,Disorder,45,2021,9
FRANKLIN,Disorder,54,2021,10
FRANKLIN,Disorder,43,2021,11
FRANKLIN,Disorder,62,2021,12
FRANKLIN,Disorder,34,2022,1
FRANKLIN,Disorder,50,2022,2
FRANKLIN,Disorder,46,2022,3
FRANKLIN,Disorder,47,2022,4
FRANKLIN,Disorder,56,2022,5
FRANKLIN,Disorder,74,2022,6
FRANKLIN,Disorder,52,2022,7
FRANKLIN,Disorder,65,2022,8
FRANKLIN,Disorder,48,2022,9
FRANKLIN,Disorder,40,2022,10
FRANKLIN,Disorder,46,2022,11
FRANKLIN,Disorder,51,2022,12
FRANKLIN,Disorder,67,2023,1
FRANKLIN,Disorder,57,2023,2
FRANKLIN,Disorder,72,2023,3
FRANKLIN,Disorder,57,2023,4
FRANKLIN,Disorder,67,2023,5
FRANKLIN,Disorder,54,2023,6
FRANKLIN,Disorder,42,2023,7
FRANKLIN,Disorder,52,2023,8
FRANKLIN,Disorder,44,2023,9
FRANKLIN,Disorder,56,2023,10
FRANKLIN,Disorder,40,2023,11
FRANKLIN,Disorder,62,2023,12
FRANKLIN,Disorder,36,2024,1
FRANKLIN,Disorder,38,2024,2
FRANKLIN,Disorder,51,2024,3
FRANKLIN,Disorder,46,2024,4
FRANKLIN,Disorder,59,2024,5
GARRISON GREEN,Disorder,2,2018,1
GARRISON GREEN,Disorder,4,2018,2
GARRISON GREEN,Disorder,5,2018,3
GARRISON GREEN,Disorder,3,2018,4
GARRISON GREEN,Disorder,7,2018,5
GARRISON GREEN,Disorder,6,2018,6
GARRISON GREEN,Disorder,3,2018,7
GARRISON GREEN,Disorder,8,2018,8
GARRISON GREEN,Disorder,9,2018,9
GARRISON GREEN,Disorder,4,2018,10
GARRISON GREEN,Disorder,4,2018,11
GARRISON GREEN,Disorder,2,2018,12
GARRISON GREEN,Disorder,1,2019,1
GARRISON GREEN,Disorder,3,2019,2
GARRISON GREEN,Disorder,5,2019,3
GARRISON GREEN,Disorder,3,2019,4
GARRISON GREEN,Disorder,2,2019,5
GARRISON GREEN,Disorder,1,2019,6
GARRISON GREEN,Disorder,3,2019,7
GARRISON GREEN,Disorder,7,2019,8
GARRISON GREEN,Disorder,3,2019,9
GARRISON GREEN,Disorder,3,2019,10
GARRISON GREEN,Disorder,1,2019,11
GARRISON GREEN,Disorder,6,2019,12
GARRISON GREEN,Disorder,3,2020,1
GARRISON GREEN,Disorder,4,2020,2
GARRISON GREEN,Disorder,2,2020,3
GARRISON GREEN,Disorder,6,2020,4
GARRISON GREEN,Disorder,2,2020,5
GARRISON GREEN,Disorder,2,2020,6
GARRISON GREEN,Disorder,1,2020,7
GARRISON GREEN,Disorder,3,2020,8
GARRISON GREEN,Disorder,7,2020,9
GARRISON GREEN,Disorder,4,2020,10
GARRISON GREEN,Disorder,2,2020,11
GARRISON GREEN,Disorder,5,2020,12
GARRISON GREEN,Disorder,2,2021,1
GARRISON GREEN,Disorder,1,2021,2
GARRISON GREEN,Disorder,7,2021,3
GARRISON GREEN,Disorder,4,2021,4
GARRISON GREEN,Disorder,2,2021,5
GARRISON GREEN,Disorder,6,2021,7
GARRISON GREEN,Disorder,6,2021,8
GARRISON GREEN,Disorder,3,2021,9
GARRISON GREEN,Disorder,3,2021,10
GARRISON GREEN,Disorder,2,2021,11
GARRISON GREEN,Disorder,1,2021,12
GARRISON GREEN,Disorder,1,2022,1
GARRISON GREEN,Disorder,3,2022,2
GARRISON GREEN,Disorder,1,2022,3
GARRISON GREEN,Disorder,1,2022,4
GARRISON GREEN,Disorder,5,2022,5
GARRISON GREEN,Disorder,1,2022,6
GARRISON GREEN,Disorder,2,2022,7
GARRISON GREEN,Disorder,2,2022,8
GARRISON GREEN,Disorder,1,2022,9
GARRISON GREEN,Disorder,2,2022,10
GARRISON GREEN,Disorder,5,2022,11
GARRISON GREEN,Disorder,1,2022,12
GARRISON GREEN,Disorder,2,2023,1
GARRISON GREEN,Disorder,3,2023,2
GARRISON GREEN,Disorder,1,2023,3
GARRISON GREEN,Disorder,1,2023,5
GARRISON GREEN,Disorder,4,2023,6
GARRISON GREEN,Disorder,1,2023,7
GARRISON GREEN,Disorder,2,2023,8
GARRISON GREEN,Disorder,4,2023,10
GARRISON GREEN,Disorder,1,2023,11
GARRISON GREEN,Disorder,2,2023,12
GARRISON GREEN,Disorder,2,2024,1
GARRISON GREEN,Disorder,1,2024,3
GARRISON GREEN,Disorder,1,2024,4
GARRISON GREEN,Disorder,1,2024,5
GARRISON WOODS,Disorder,2,2018,4
GARRISON WOODS,Disorder,1,2018,5
GARRISON WOODS,Disorder,2,2018,6
GARRISON WOODS,Disorder,1,2018,8
GARRISON WOODS,Disorder,1,2019,1
GARRISON WOODS,Disorder,1,2019,4
GARRISON WOODS,Disorder,1,2019,7
GARRISON WOODS,Disorder,1,2019,8
GARRISON WOODS,Disorder,1,2019,10
GARRISON WOODS,Disorder,1,2020,3
GARRISON WOODS,Disorder,2,2020,5
GARRISON WOODS,Disorder,2,2020,6
GARRISON WOODS,Disorder,1,2020,7
GARRISON WOODS,Disorder,1,2020,8
GARRISON WOODS,Disorder,3,2020,9
GARRISON WOODS,Disorder,1,2020,10
GARRISON WOODS,Disorder,5,2020,11
GARRISON WOODS,Disorder,7,2020,12
GARRISON WOODS,Disorder,12,2021,1
GARRISON WOODS,Disorder,5,2021,2
GARRISON WOODS,Disorder,4,2021,3
GARRISON WOODS,Disorder,6,2021,4
GARRISON WOODS,Disorder,5,2021,5
GARRISON WOODS,Disorder,4,2021,6
GARRISON WOODS,Disorder,4,2021,7
GARRISON WOODS,Disorder,8,2021,8
GARRISON WOODS,Disorder,12,2021,9
GARRISON WOODS,Disorder,4,2021,10
GARRISON WOODS,Disorder,5,2021,11
GARRISON WOODS,Disorder,7,2021,12
GARRISON WOODS,Disorder,3,2022,1
GARRISON WOODS,Disorder,4,2022,2
GARRISON WOODS,Disorder,4,2022,3
GARRISON WOODS,Disorder,6,2022,4
GARRISON WOODS,Disorder,6,2022,5
GARRISON WOODS,Disorder,5,2022,6
GARRISON WOODS,Disorder,5,2022,7
GARRISON WOODS,Disorder,7,2022,8
GARRISON WOODS,Disorder,6,2022,9
GARRISON WOODS,Disorder,5,2022,10
GARRISON WOODS,Disorder,4,2022,11
GARRISON WOODS,Disorder,3,2022,12
GARRISON WOODS,Disorder,2,2023,1
GARRISON WOODS,Disorder,10,2023,2
GARRISON WOODS,Disorder,5,2023,3
GARRISON WOODS,Disorder,3,2023,4
GARRISON WOODS,Disorder,6,2023,5
GARRISON WOODS,Disorder,6,2023,6
GARRISON WOODS,Disorder,6,2023,7
GARRISON WOODS,Disorder,1,2023,8
GARRISON WOODS,Disorder,2,2023,9
GARRISON WOODS,Disorder,4,2023,10
GARRISON WOODS,Disorder,6,2023,11
GARRISON WOODS,Disorder,9,2023,12
GARRISON WOODS,Disorder,12,2024,1
GARRISON WOODS,Disorder,6,2024,2
GARRISON WOODS,Disorder,8,2024,3
GARRISON WOODS,Disorder,4,2024,4
GARRISON WOODS,Disorder,2,2024,5
GLACIER RIDGE,Disorder,1,2021,5
GLACIER RIDGE,Disorder,2,2023,1
GLACIER RIDGE,Disorder,1,2023,2
GLACIER RIDGE,Disorder,1,2023,3
GLACIER RIDGE,Disorder,1,2023,4
GLACIER RIDGE,Disorder,1,2023,6
GLACIER RIDGE,Disorder,1,2023,7
GLACIER RIDGE,Disorder,1,2023,8
GLACIER RIDGE,Disorder,1,2023,10
GLACIER RIDGE,Disorder,5,2024,2
GLACIER RIDGE,Disorder,9,2024,3
GLACIER RIDGE,Disorder,2,2024,4
GLACIER RIDGE,Disorder,2,2024,5
GLAMORGAN,Disorder,26,2018,1
GLAMORGAN,Disorder,32,2018,2
GLAMORGAN,Disorder,18,2018,3
GLAMORGAN,Disorder,17,2018,4
GLAMORGAN,Disorder,13,2018,5
GLAMORGAN,Disorder,19,2018,6
GLAMORGAN,Disorder,38,2018,7
GLAMORGAN,Disorder,32,2018,8
GLAMORGAN,Disorder,25,2018,9
GLAMORGAN,Disorder,31,2018,10
GLAMORGAN,Disorder,17,2018,11
GLAMORGAN,Disorder,17,2018,12
GLAMORGAN,Disorder,13,2019,1
GLAMORGAN,Disorder,29,2019,2
GLAMORGAN,Disorder,30,2019,3
GLAMORGAN,Disorder,26,2019,4
GLAMORGAN,Disorder,36,2019,5
GLAMORGAN,Disorder,24,2019,6
GLAMORGAN,Disorder,52,2019,7
GLAMORGAN,Disorder,36,2019,8
GLAMORGAN,Disorder,43,2019,9
GLAMORGAN,Disorder,21,2019,10
GLAMORGAN,Disorder,44,2019,11
GLAMORGAN,Disorder,36,2019,12
GLAMORGAN,Disorder,35,2020,1
GLAMORGAN,Disorder,41,2020,2
GLAMORGAN,Disorder,29,2020,3
GLAMORGAN,Disorder,52,2020,4
GLAMORGAN,Disorder,43,2020,5
GLAMORGAN,Disorder,47,2020,6
GLAMORGAN,Disorder,46,2020,7
GLAMORGAN,Disorder,47,2020,8
GLAMORGAN,Disorder,59,2020,9
GLAMORGAN,Disorder,35,2020,10
GLAMORGAN,Disorder,29,2020,11
GLAMORGAN,Disorder,45,2020,12
GLAMORGAN,Disorder,28,2021,1
GLAMORGAN,Disorder,35,2021,2
GLAMORGAN,Disorder,40,2021,3
GLAMORGAN,Disorder,36,2021,4
GLAMORGAN,Disorder,31,2021,5
GLAMORGAN,Disorder,47,2021,6
GLAMORGAN,Disorder,37,2021,7
GLAMORGAN,Disorder,31,2021,8
GLAMORGAN,Disorder,32,2021,9
GLAMORGAN,Disorder,26,2021,10
GLAMORGAN,Disorder,26,2021,11
GLAMORGAN,Disorder,23,2021,12
GLAMORGAN,Disorder,29,2022,1
GLAMORGAN,Disorder,24,2022,2
GLAMORGAN,Disorder,18,2022,3
GLAMORGAN,Disorder,29,2022,4
GLAMORGAN,Disorder,20,2022,5
GLAMORGAN,Disorder,31,2022,6
GLAMORGAN,Disorder,24,2022,7
GLAMORGAN,Disorder,22,2022,8
GLAMORGAN,Disorder,32,2022,9
GLAMORGAN,Disorder,34,2022,10
GLAMORGAN,Disorder,26,2022,11
GLAMORGAN,Disorder,21,2022,12
GLAMORGAN,Disorder,26,2023,1
GLAMORGAN,Disorder,21,2023,2
GLAMORGAN,Disorder,29,2023,3
GLAMORGAN,Disorder,29,2023,4
GLAMORGAN,Disorder,31,2023,5
GLAMORGAN,Disorder,36,2023,6
GLAMORGAN,Disorder,34,2023,7
GLAMORGAN,Disorder,25,2023,8
GLAMORGAN,Disorder,18,2023,9
GLAMORGAN,Disorder,19,2023,10
GLAMORGAN,Disorder,19,2023,11
GLAMORGAN,Disorder,18,2023,12
GLAMORGAN,Disorder,19,2024,1
GLAMORGAN,Disorder,19,2024,2
GLAMORGAN,Disorder,12,2024,3
GLAMORGAN,Disorder,15,2024,4
GLAMORGAN,Disorder,35,2024,5
GLENBROOK,Disorder,20,2018,1
GLENBROOK,Disorder,31,2018,2
GLENBROOK,Disorder,40,2018,3
GLENBROOK,Disorder,23,2018,4
GLENBROOK,Disorder,41,2018,5
GLENBROOK,Disorder,31,2018,6
GLENBROOK,Disorder,35,2018,7
GLENBROOK,Disorder,32,2018,8
GLENBROOK,Disorder,34,2018,9
GLENBROOK,Disorder,25,2018,10
GLENBROOK,Disorder,25,2018,11
GLENBROOK,Disorder,28,2018,12
GLENBROOK,Disorder,41,2019,1
GLENBROOK,Disorder,25,2019,2
GLENBROOK,Disorder,27,2019,3
GLENBROOK,Disorder,33,2019,4
GLENBROOK,Disorder,37,2019,5
GLENBROOK,Disorder,38,2019,6
GLENBROOK,Disorder,34,2019,7
GLENBROOK,Disorder,36,2019,8
GLENBROOK,Disorder,25,2019,9
GLENBROOK,Disorder,34,2019,10
GLENBROOK,Disorder,22,2019,11
GLENBROOK,Disorder,32,2019,12
GLENBROOK,Disorder,39,2020,1
GLENBROOK,Disorder,40,2020,2
GLENBROOK,Disorder,46,2020,3
GLENBROOK,Disorder,47,2020,4
GLENBROOK,Disorder,51,2020,5
GLENBROOK,Disorder,52,2020,6
GLENBROOK,Disorder,33,2020,7
GLENBROOK,Disorder,32,2020,8
GLENBROOK,Disorder,43,2020,9
GLENBROOK,Disorder,40,2020,10
GLENBROOK,Disorder,27,2020,11
GLENBROOK,Disorder,35,2020,12
GLENBROOK,Disorder,24,2021,1
GLENBROOK,Disorder,19,2021,2
GLENBROOK,Disorder,50,2021,3
GLENBROOK,Disorder,27,2021,4
GLENBROOK,Disorder,28,2021,5
GLENBROOK,Disorder,48,2021,6
GLENBROOK,Disorder,36,2021,7
GLENBROOK,Disorder,38,2021,8
GLENBROOK,Disorder,25,2021,9
GLENBROOK,Disorder,34,2021,10
GLENBROOK,Disorder,28,2021,11
GLENBROOK,Disorder,26,2021,12
GLENBROOK,Disorder,20,2022,1
GLENBROOK,Disorder,22,2022,2
GLENBROOK,Disorder,23,2022,3
GLENBROOK,Disorder,30,2022,4
GLENBROOK,Disorder,28,2022,5
GLENBROOK,Disorder,29,2022,6
GLENBROOK,Disorder,27,2022,7
GLENBROOK,Disorder,20,2022,8
GLENBROOK,Disorder,19,2022,9
GLENBROOK,Disorder,26,2022,10
GLENBROOK,Disorder,22,2022,11
GLENBROOK,Disorder,15,2022,12
GLENBROOK,Disorder,28,2023,1
GLENBROOK,Disorder,21,2023,2
GLENBROOK,Disorder,17,2023,3
GLENBROOK,Disorder,23,2023,4
GLENBROOK,Disorder,28,2023,5
GLENBROOK,Disorder,25,2023,6
GLENBROOK,Disorder,28,2023,7
GLENBROOK,Disorder,23,2023,8
GLENBROOK,Disorder,18,2023,9
GLENBROOK,Disorder,20,2023,10
GLENBROOK,Disorder,19,2023,11
GLENBROOK,Disorder,22,2023,12
GLENBROOK,Disorder,21,2024,1
GLENBROOK,Disorder,12,2024,2
GLENBROOK,Disorder,12,2024,3
GLENBROOK,Disorder,19,2024,4
GLENBROOK,Disorder,36,2024,5
GLENDALE,Disorder,28,2018,1
GLENDALE,Disorder,30,2018,2
GLENDALE,Disorder,37,2018,3
GLENDALE,Disorder,47,2018,4
GLENDALE,Disorder,32,2018,5
GLENDALE,Disorder,41,2018,6
GLENDALE,Disorder,52,2018,7
GLENDALE,Disorder,19,2018,8
GLENDALE,Disorder,18,2018,9
GLENDALE,Disorder,23,2018,10
GLENDALE,Disorder,21,2018,11
GLENDALE,Disorder,22,2018,12
GLENDALE,Disorder,20,2019,1
GLENDALE,Disorder,19,2019,2
GLENDALE,Disorder,24,2019,3
GLENDALE,Disorder,29,2019,4
GLENDALE,Disorder,28,2019,5
GLENDALE,Disorder,28,2019,6
GLENDALE,Disorder,31,2019,7
GLENDALE,Disorder,44,2019,8
GLENDALE,Disorder,28,2019,9
GLENDALE,Disorder,32,2019,10
GLENDALE,Disorder,24,2019,11
GLENDALE,Disorder,26,2019,12
GLENDALE,Disorder,33,2020,1
GLENDALE,Disorder,31,2020,2
GLENDALE,Disorder,20,2020,3
GLENDALE,Disorder,38,2020,4
GLENDALE,Disorder,29,2020,5
GLENDALE,Disorder,32,2020,6
GLENDALE,Disorder,33,2020,7
GLENDALE,Disorder,22,2020,8
GLENDALE,Disorder,16,2020,9
GLENDALE,Disorder,29,2020,10
GLENDALE,Disorder,20,2020,11
GLENDALE,Disorder,27,2020,12
GLENDALE,Disorder,18,2021,1
GLENDALE,Disorder,16,2021,2
GLENDALE,Disorder,29,2021,3
GLENDALE,Disorder,15,2021,4
GLENDALE,Disorder,30,2021,5
GLENDALE,Disorder,26,2021,6
GLENDALE,Disorder,31,2021,7
GLENDALE,Disorder,12,2021,8
GLENDALE,Disorder,20,2021,9
GLENDALE,Disorder,29,2021,10
GLENDALE,Disorder,28,2021,11
GLENDALE,Disorder,21,2021,12
GLENDALE,Disorder,28,2022,1
GLENDALE,Disorder,21,2022,2
GLENDALE,Disorder,31,2022,3
GLENDALE,Disorder,21,2022,4
GLENDALE,Disorder,28,2022,5
GLENDALE,Disorder,29,2022,6
GLENDALE,Disorder,29,2022,7
GLENDALE,Disorder,28,2022,8
GLENDALE,Disorder,27,2022,9
GLENDALE,Disorder,26,2022,10
GLENDALE,Disorder,23,2022,11
GLENDALE,Disorder,23,2022,12
GLENDALE,Disorder,23,2023,1
GLENDALE,Disorder,13,2023,2
GLENDALE,Disorder,26,2023,3
GLENDALE,Disorder,27,2023,4
GLENDALE,Disorder,26,2023,5
GLENDALE,Disorder,20,2023,6
GLENDALE,Disorder,24,2023,7
GLENDALE,Disorder,32,2023,8
GLENDALE,Disorder,29,2023,9
GLENDALE,Disorder,38,2023,10
GLENDALE,Disorder,42,2023,11
GLENDALE,Disorder,33,2023,12
GLENDALE,Disorder,41,2024,1
GLENDALE,Disorder,35,2024,2
GLENDALE,Disorder,36,2024,3
GLENDALE,Disorder,28,2024,4
GLENDALE,Disorder,35,2024,5
GLENDEER BUSINESS PARK,Disorder,3,2018,1
GLENDEER BUSINESS PARK,Disorder,2,2018,3
GLENDEER BUSINESS PARK,Disorder,3,2018,4
GLENDEER BUSINESS PARK,Disorder,2,2018,5
GLENDEER BUSINESS PARK,Disorder,3,2018,6
GLENDEER BUSINESS PARK,Disorder,3,2018,7
GLENDEER BUSINESS PARK,Disorder,1,2018,8
GLENDEER BUSINESS PARK,Disorder,1,2018,9
GLENDEER BUSINESS PARK,Disorder,1,2018,10
GLENDEER BUSINESS PARK,Disorder,4,2018,11
GLENDEER BUSINESS PARK,Disorder,3,2018,12
GLENDEER BUSINESS PARK,Disorder,3,2019,1
GLENDEER BUSINESS PARK,Disorder,2,2019,2
GLENDEER BUSINESS PARK,Disorder,1,2019,3
GLENDEER BUSINESS PARK,Disorder,3,2019,4
GLENDEER BUSINESS PARK,Disorder,4,2019,5
GLENDEER BUSINESS PARK,Disorder,4,2019,6
GLENDEER BUSINESS PARK,Disorder,1,2019,7
GLENDEER BUSINESS PARK,Disorder,4,2019,8
GLENDEER BUSINESS PARK,Disorder,1,2019,9
GLENDEER BUSINESS PARK,Disorder,3,2019,10
GLENDEER BUSINESS PARK,Disorder,4,2019,11
GLENDEER BUSINESS PARK,Disorder,1,2020,1
GLENDEER BUSINESS PARK,Disorder,2,2020,2
GLENDEER BUSINESS PARK,Disorder,1,2020,3
GLENDEER BUSINESS PARK,Disorder,2,2020,4
GLENDEER BUSINESS PARK,Disorder,1,2020,5
GLENDEER BUSINESS PARK,Disorder,1,2020,6
GLENDEER BUSINESS PARK,Disorder,4,2020,7
GLENDEER BUSINESS PARK,Disorder,3,2020,8
GLENDEER BUSINESS PARK,Disorder,3,2020,12
GLENDEER BUSINESS PARK,Disorder,3,2021,3
GLENDEER BUSINESS PARK,Disorder,4,2021,4
GLENDEER BUSINESS PARK,Disorder,1,2021,5
GLENDEER BUSINESS PARK,Disorder,4,2021,7
GLENDEER BUSINESS PARK,Disorder,3,2021,8
GLENDEER BUSINESS PARK,Disorder,2,2021,9
GLENDEER BUSINESS PARK,Disorder,2,2021,10
GLENDEER BUSINESS PARK,Disorder,4,2021,11
GLENDEER BUSINESS PARK,Disorder,1,2021,12
GLENDEER BUSINESS PARK,Disorder,1,2022,1
GLENDEER BUSINESS PARK,Disorder,3,2022,2
GLENDEER BUSINESS PARK,Disorder,4,2022,3
GLENDEER BUSINESS PARK,Disorder,4,2022,4
GLENDEER BUSINESS PARK,Disorder,2,2022,5
GLENDEER BUSINESS PARK,Disorder,3,2022,10
GLENDEER BUSINESS PARK,Disorder,1,2022,11
GLENDEER BUSINESS PARK,Disorder,1,2022,12
GLENDEER BUSINESS PARK,Disorder,1,2023,3
GLENDEER BUSINESS PARK,Disorder,1,2023,4
GLENDEER BUSINESS PARK,Disorder,1,2023,7
GLENDEER BUSINESS PARK,Disorder,1,2023,8
GLENDEER BUSINESS PARK,Disorder,2,2023,9
GLENDEER BUSINESS PARK,Disorder,3,2023,10
GLENDEER BUSINESS PARK,Disorder,1,2023,12
GLENDEER BUSINESS PARK,Disorder,1,2024,3
GLENDEER BUSINESS PARK,Disorder,1,2024,4
GLENMORE PARK,Disorder,10,2018,1
GLENMORE PARK,Disorder,1,2018,2
GLENMORE PARK,Disorder,3,2018,3
GLENMORE PARK,Disorder,1,2018,4
GLENMORE PARK,Disorder,4,2018,5
GLENMORE PARK,Disorder,4,2018,6
GLENMORE PARK,Disorder,7,2018,7
GLENMORE PARK,Disorder,6,2018,8
GLENMORE PARK,Disorder,4,2018,9
GLENMORE PARK,Disorder,2,2018,10
GLENMORE PARK,Disorder,2,2018,11
GLENMORE PARK,Disorder,1,2018,12
GLENMORE PARK,Disorder,3,2019,1
GLENMORE PARK,Disorder,2,2019,2
GLENMORE PARK,Disorder,1,2019,3
GLENMORE PARK,Disorder,3,2019,4
GLENMORE PARK,Disorder,1,2019,5
GLENMORE PARK,Disorder,5,2019,6
GLENMORE PARK,Disorder,6,2019,7
GLENMORE PARK,Disorder,11,2019,8
GLENMORE PARK,Disorder,3,2019,9
GLENMORE PARK,Disorder,3,2019,10
GLENMORE PARK,Disorder,3,2019,11
GLENMORE PARK,Disorder,1,2019,12
GLENMORE PARK,Disorder,2,2020,1
GLENMORE PARK,Disorder,4,2020,2
GLENMORE PARK,Disorder,3,2020,3
GLENMORE PARK,Disorder,4,2020,4
GLENMORE PARK,Disorder,10,2020,5
GLENMORE PARK,Disorder,7,2020,6
GLENMORE PARK,Disorder,9,2020,7
GLENMORE PARK,Disorder,9,2020,8
GLENMORE PARK,Disorder,5,2020,9
GLENMORE PARK,Disorder,3,2020,10
GLENMORE PARK,Disorder,4,2020,11
GLENMORE PARK,Disorder,5,2020,12
GLENMORE PARK,Disorder,4,2021,1
GLENMORE PARK,Disorder,1,2021,2
GLENMORE PARK,Disorder,3,2021,3
GLENMORE PARK,Disorder,6,2021,4
GLENMORE PARK,Disorder,7,2021,5
GLENMORE PARK,Disorder,6,2021,6
GLENMORE PARK,Disorder,15,2021,7
GLENMORE PARK,Disorder,10,2021,8
GLENMORE PARK,Disorder,3,2021,9
GLENMORE PARK,Disorder,2,2021,10
GLENMORE PARK,Disorder,3,2021,12
GLENMORE PARK,Disorder,1,2022,2
GLENMORE PARK,Disorder,4,2022,3
GLENMORE PARK,Disorder,2,2022,4
GLENMORE PARK,Disorder,6,2022,5
GLENMORE PARK,Disorder,1,2022,6
GLENMORE PARK,Disorder,5,2022,7
GLENMORE PARK,Disorder,5,2022,8
GLENMORE PARK,Disorder,8,2022,9
GLENMORE PARK,Disorder,1,2022,10
GLENMORE PARK,Disorder,1,2022,11
GLENMORE PARK,Disorder,5,2023,1
GLENMORE PARK,Disorder,2,2023,2
GLENMORE PARK,Disorder,4,2023,3
GLENMORE PARK,Disorder,6,2023,4
GLENMORE PARK,Disorder,2,2023,5
GLENMORE PARK,Disorder,7,2023,6
GLENMORE PARK,Disorder,10,2023,7
GLENMORE PARK,Disorder,7,2023,8
GLENMORE PARK,Disorder,5,2023,9
GLENMORE PARK,Disorder,2,2023,10
GLENMORE PARK,Disorder,1,2023,11
GLENMORE PARK,Disorder,1,2023,12
GLENMORE PARK,Disorder,2,2024,1
GLENMORE PARK,Disorder,3,2024,2
GLENMORE PARK,Disorder,3,2024,4
GLENMORE PARK,Disorder,6,2024,5
GOLDEN TRIANGLE,Disorder,4,2018,2
GOLDEN TRIANGLE,Disorder,1,2018,4
GOLDEN TRIANGLE,Disorder,3,2018,5
GOLDEN TRIANGLE,Disorder,2,2018,6
GOLDEN TRIANGLE,Disorder,5,2018,7
GOLDEN TRIANGLE,Disorder,2,2018,8
GOLDEN TRIANGLE,Disorder,3,2018,9
GOLDEN TRIANGLE,Disorder,3,2018,10
GOLDEN TRIANGLE,Disorder,1,2018,11
GOLDEN TRIANGLE,Disorder,2,2019,1
GOLDEN TRIANGLE,Disorder,2,2019,4
GOLDEN TRIANGLE,Disorder,4,2019,5
GOLDEN TRIANGLE,Disorder,2,2019,8
GOLDEN TRIANGLE,Disorder,3,2019,9
GOLDEN TRIANGLE,Disorder,1,2019,10
GOLDEN TRIANGLE,Disorder,1,2019,11
GOLDEN TRIANGLE,Disorder,1,2019,12
GOLDEN TRIANGLE,Disorder,2,2020,1
GOLDEN TRIANGLE,Disorder,2,2020,2
GOLDEN TRIANGLE,Disorder,2,2020,4
GOLDEN TRIANGLE,Disorder,3,2020,5
GOLDEN TRIANGLE,Disorder,3,2020,7
GOLDEN TRIANGLE,Disorder,1,2020,8
GOLDEN TRIANGLE,Disorder,1,2020,9
GOLDEN TRIANGLE,Disorder,7,2020,10
GOLDEN TRIANGLE,Disorder,1,2020,11
GOLDEN TRIANGLE,Disorder,1,2021,1
GOLDEN TRIANGLE,Disorder,1,2021,2
GOLDEN TRIANGLE,Disorder,1,2021,4
GOLDEN TRIANGLE,Disorder,7,2021,5
GOLDEN TRIANGLE,Disorder,3,2021,6
GOLDEN TRIANGLE,Disorder,2,2021,8
GOLDEN TRIANGLE,Disorder,1,2021,9
GOLDEN TRIANGLE,Disorder,1,2021,10
GOLDEN TRIANGLE,Disorder,2,2021,11
GOLDEN TRIANGLE,Disorder,1,2021,12
GOLDEN TRIANGLE,Disorder,2,2022,2
GOLDEN TRIANGLE,Disorder,2,2022,3
GOLDEN TRIANGLE,Disorder,1,2022,4
GOLDEN TRIANGLE,Disorder,1,2022,6
GOLDEN TRIANGLE,Disorder,1,2022,9
GOLDEN TRIANGLE,Disorder,1,2023,1
GOLDEN TRIANGLE,Disorder,1,2023,2
GOLDEN TRIANGLE,Disorder,2,2023,4
GOLDEN TRIANGLE,Disorder,1,2023,5
GOLDEN TRIANGLE,Disorder,2,2023,7
GOLDEN TRIANGLE,Disorder,2,2023,8
GOLDEN TRIANGLE,Disorder,1,2024,4
GOLDEN TRIANGLE,Disorder,2,2024,5
GREAT PLAINS,Disorder,7,2018,1
GREAT PLAINS,Disorder,4,2018,2
GREAT PLAINS,Disorder,4,2018,3
GREAT PLAINS,Disorder,10,2018,4
GREAT PLAINS,Disorder,7,2018,5
GREAT PLAINS,Disorder,4,2018,6
GREAT PLAINS,Disorder,4,2018,7
GREAT PLAINS,Disorder,9,2018,8
GREAT PLAINS,Disorder,4,2018,9
GREAT PLAINS,Disorder,5,2018,10
GREAT PLAINS,Disorder,2,2018,11
GREAT PLAINS,Disorder,7,2018,12
GREAT PLAINS,Disorder,5,2019,1
GREAT PLAINS,Disorder,5,2019,2
GREAT PLAINS,Disorder,6,2019,3
GREAT PLAINS,Disorder,5,2019,4
GREAT PLAINS,Disorder,4,2019,5
GREAT PLAINS,Disorder,3,2019,6
GREAT PLAINS,Disorder,4,2019,7
GREAT PLAINS,Disorder,4,2019,8
GREAT PLAINS,Disorder,5,2019,9
GREAT PLAINS,Disorder,4,2019,10
GREAT PLAINS,Disorder,13,2019,11
GREAT PLAINS,Disorder,2,2019,12
GREAT PLAINS,Disorder,4,2020,1
GREAT PLAINS,Disorder,11,2020,2
GREAT PLAINS,Disorder,11,2020,3
GREAT PLAINS,Disorder,6,2020,4
GREAT PLAINS,Disorder,6,2020,5
GREAT PLAINS,Disorder,2,2020,6
GREAT PLAINS,Disorder,3,2020,7
GREAT PLAINS,Disorder,1,2020,8
GREAT PLAINS,Disorder,7,2020,9
GREAT PLAINS,Disorder,10,2020,10
GREAT PLAINS,Disorder,8,2020,11
GREAT PLAINS,Disorder,6,2020,12
GREAT PLAINS,Disorder,3,2021,1
GREAT PLAINS,Disorder,3,2021,2
GREAT PLAINS,Disorder,1,2021,3
GREAT PLAINS,Disorder,4,2021,4
GREAT PLAINS,Disorder,7,2021,5
GREAT PLAINS,Disorder,3,2021,6
GREAT PLAINS,Disorder,4,2021,7
GREAT PLAINS,Disorder,6,2021,8
GREAT PLAINS,Disorder,2,2021,9
GREAT PLAINS,Disorder,7,2021,10
GREAT PLAINS,Disorder,3,2021,11
GREAT PLAINS,Disorder,4,2021,12
GREAT PLAINS,Disorder,2,2022,1
GREAT PLAINS,Disorder,5,2022,2
GREAT PLAINS,Disorder,1,2022,3
GREAT PLAINS,Disorder,13,2022,4
GREAT PLAINS,Disorder,6,2022,5
GREAT PLAINS,Disorder,3,2022,6
GREAT PLAINS,Disorder,3,2022,8
GREAT PLAINS,Disorder,3,2022,9
GREAT PLAINS,Disorder,4,2022,10
GREAT PLAINS,Disorder,1,2022,11
GREAT PLAINS,Disorder,2,2022,12
GREAT PLAINS,Disorder,1,2023,1
GREAT PLAINS,Disorder,4,2023,2
GREAT PLAINS,Disorder,8,2023,3
GREAT PLAINS,Disorder,7,2023,4
GREAT PLAINS,Disorder,3,2023,5
GREAT PLAINS,Disorder,3,2023,6
GREAT PLAINS,Disorder,3,2023,7
GREAT PLAINS,Disorder,3,2023,8
GREAT PLAINS,Disorder,6,2023,9
GREAT PLAINS,Disorder,7,2023,10
GREAT PLAINS,Disorder,8,2023,11
GREAT PLAINS,Disorder,6,2023,12
GREAT PLAINS,Disorder,6,2024,1
GREAT PLAINS,Disorder,4,2024,2
GREAT PLAINS,Disorder,2,2024,3
GREAT PLAINS,Disorder,7,2024,4
GREAT PLAINS,Disorder,6,2024,5
GREENVIEW,Disorder,10,2018,1
GREENVIEW,Disorder,9,2018,2
GREENVIEW,Disorder,9,2018,3
GREENVIEW,Disorder,14,2018,4
GREENVIEW,Disorder,19,2018,5
GREENVIEW,Disorder,22,2018,6
GREENVIEW,Disorder,13,2018,7
GREENVIEW,Disorder,19,2018,8
GREENVIEW,Disorder,22,2018,9
GREENVIEW,Disorder,14,2018,10
GREENVIEW,Disorder,6,2018,11
GREENVIEW,Disorder,22,2018,12
GREENVIEW,Disorder,15,2019,1
GREENVIEW,Disorder,8,2019,2
GREENVIEW,Disorder,8,2019,3
GREENVIEW,Disorder,16,2019,4
GREENVIEW,Disorder,22,2019,5
GREENVIEW,Disorder,15,2019,6
GREENVIEW,Disorder,19,2019,7
GREENVIEW,Disorder,15,2019,8
GREENVIEW,Disorder,14,2019,9
GREENVIEW,Disorder,18,2019,10
GREENVIEW,Disorder,8,2019,11
GREENVIEW,Disorder,11,2019,12
GREENVIEW,Disorder,15,2020,1
GREENVIEW,Disorder,15,2020,2
GREENVIEW,Disorder,13,2020,3
GREENVIEW,Disorder,13,2020,4
GREENVIEW,Disorder,16,2020,5
GREENVIEW,Disorder,23,2020,6
GREENVIEW,Disorder,9,2020,7
GREENVIEW,Disorder,20,2020,8
GREENVIEW,Disorder,9,2020,9
GREENVIEW,Disorder,13,2020,10
GREENVIEW,Disorder,10,2020,11
GREENVIEW,Disorder,9,2020,12
GREENVIEW,Disorder,8,2021,1
GREENVIEW,Disorder,7,2021,2
GREENVIEW,Disorder,11,2021,3
GREENVIEW,Disorder,16,2021,4
GREENVIEW,Disorder,13,2021,5
GREENVIEW,Disorder,11,2021,6
GREENVIEW,Disorder,16,2021,7
GREENVIEW,Disorder,13,2021,8
GREENVIEW,Disorder,20,2021,9
GREENVIEW,Disorder,8,2021,10
GREENVIEW,Disorder,12,2021,11
GREENVIEW,Disorder,13,2021,12
GREENVIEW,Disorder,22,2022,1
GREENVIEW,Disorder,14,2022,2
GREENVIEW,Disorder,17,2022,3
GREENVIEW,Disorder,11,2022,4
GREENVIEW,Disorder,14,2022,5
GREENVIEW,Disorder,8,2022,6
GREENVIEW,Disorder,13,2022,7
GREENVIEW,Disorder,12,2022,8
GREENVIEW,Disorder,17,2022,9
GREENVIEW,Disorder,4,2022,10
GREENVIEW,Disorder,4,2022,11
GREENVIEW,Disorder,7,2022,12
GREENVIEW,Disorder,5,2023,1
GREENVIEW,Disorder,4,2023,2
GREENVIEW,Disorder,4,2023,3
GREENVIEW,Disorder,5,2023,4
GREENVIEW,Disorder,11,2023,5
GREENVIEW,Disorder,13,2023,6
GREENVIEW,Disorder,15,2023,7
GREENVIEW,Disorder,13,2023,8
GREENVIEW,Disorder,17,2023,9
GREENVIEW,Disorder,7,2023,10
GREENVIEW,Disorder,10,2023,11
GREENVIEW,Disorder,7,2023,12
GREENVIEW,Disorder,7,2024,1
GREENVIEW,Disorder,6,2024,2
GREENVIEW,Disorder,2,2024,3
GREENVIEW,Disorder,3,2024,4
GREENVIEW,Disorder,11,2024,5
GREENVIEW INDUSTRIAL PARK,Disorder,5,2018,1
GREENVIEW INDUSTRIAL PARK,Disorder,6,2018,2
GREENVIEW INDUSTRIAL PARK,Disorder,10,2018,3
GREENVIEW INDUSTRIAL PARK,Disorder,4,2018,4
GREENVIEW INDUSTRIAL PARK,Disorder,9,2018,5
GREENVIEW INDUSTRIAL PARK,Disorder,8,2018,6
GREENVIEW INDUSTRIAL PARK,Disorder,12,2018,7
GREENVIEW INDUSTRIAL PARK,Disorder,7,2018,8
GREENVIEW INDUSTRIAL PARK,Disorder,12,2018,9
GREENVIEW INDUSTRIAL PARK,Disorder,9,2018,10
GREENVIEW INDUSTRIAL PARK,Disorder,11,2018,11
GREENVIEW INDUSTRIAL PARK,Disorder,4,2018,12
GREENVIEW INDUSTRIAL PARK,Disorder,9,2019,1
GREENVIEW INDUSTRIAL PARK,Disorder,16,2019,2
GREENVIEW INDUSTRIAL PARK,Disorder,11,2019,3
GREENVIEW INDUSTRIAL PARK,Disorder,22,2019,4
GREENVIEW INDUSTRIAL PARK,Disorder,15,2019,5
GREENVIEW INDUSTRIAL PARK,Disorder,17,2019,6
GREENVIEW INDUSTRIAL PARK,Disorder,16,2019,7
GREENVIEW INDUSTRIAL PARK,Disorder,10,2019,8
GREENVIEW INDUSTRIAL PARK,Disorder,7,2019,9
GREENVIEW INDUSTRIAL PARK,Disorder,6,2019,10
GREENVIEW INDUSTRIAL PARK,Disorder,6,2019,11
GREENVIEW INDUSTRIAL PARK,Disorder,10,2019,12
GREENVIEW INDUSTRIAL PARK,Disorder,5,2020,1
GREENVIEW INDUSTRIAL PARK,Disorder,14,2020,2
GREENVIEW INDUSTRIAL PARK,Disorder,11,2020,3
GREENVIEW INDUSTRIAL PARK,Disorder,13,2020,4
GREENVIEW INDUSTRIAL PARK,Disorder,17,2020,5
GREENVIEW INDUSTRIAL PARK,Disorder,8,2020,6
GREENVIEW INDUSTRIAL PARK,Disorder,9,2020,7
GREENVIEW INDUSTRIAL PARK,Disorder,8,2020,8
GREENVIEW INDUSTRIAL PARK,Disorder,15,2020,9
GREENVIEW INDUSTRIAL PARK,Disorder,10,2020,10
GREENVIEW INDUSTRIAL PARK,Disorder,8,2020,11
GREENVIEW INDUSTRIAL PARK,Disorder,19,2020,12
GREENVIEW INDUSTRIAL PARK,Disorder,10,2021,1
GREENVIEW INDUSTRIAL PARK,Disorder,9,2021,2
GREENVIEW INDUSTRIAL PARK,Disorder,11,2021,3
GREENVIEW INDUSTRIAL PARK,Disorder,11,2021,4
GREENVIEW INDUSTRIAL PARK,Disorder,9,2021,5
GREENVIEW INDUSTRIAL PARK,Disorder,8,2021,6
GREENVIEW INDUSTRIAL PARK,Disorder,6,2021,7
GREENVIEW INDUSTRIAL PARK,Disorder,22,2021,8
GREENVIEW INDUSTRIAL PARK,Disorder,17,2021,9
GREENVIEW INDUSTRIAL PARK,Disorder,17,2021,10
GREENVIEW INDUSTRIAL PARK,Disorder,9,2021,11
GREENVIEW INDUSTRIAL PARK,Disorder,16,2021,12
GREENVIEW INDUSTRIAL PARK,Disorder,4,2022,1
GREENVIEW INDUSTRIAL PARK,Disorder,8,2022,2
GREENVIEW INDUSTRIAL PARK,Disorder,26,2022,3
GREENVIEW INDUSTRIAL PARK,Disorder,12,2022,4
GREENVIEW INDUSTRIAL PARK,Disorder,14,2022,5
GREENVIEW INDUSTRIAL PARK,Disorder,12,2022,6
GREENVIEW INDUSTRIAL PARK,Disorder,20,2022,7
GREENVIEW INDUSTRIAL PARK,Disorder,22,2022,8
GREENVIEW INDUSTRIAL PARK,Disorder,9,2022,9
GREENVIEW INDUSTRIAL PARK,Disorder,10,2022,10
GREENVIEW INDUSTRIAL PARK,Disorder,10,2022,11
GREENVIEW INDUSTRIAL PARK,Disorder,13,2022,12
GREENVIEW INDUSTRIAL PARK,Disorder,8,2023,1
GREENVIEW INDUSTRIAL PARK,Disorder,11,2023,2
GREENVIEW INDUSTRIAL PARK,Disorder,7,2023,3
GREENVIEW INDUSTRIAL PARK,Disorder,21,2023,4
GREENVIEW INDUSTRIAL PARK,Disorder,12,2023,5
GREENVIEW INDUSTRIAL PARK,Disorder,18,2023,6
GREENVIEW INDUSTRIAL PARK,Disorder,14,2023,7
GREENVIEW INDUSTRIAL PARK,Disorder,9,2023,8
GREENVIEW INDUSTRIAL PARK,Disorder,10,2023,9
GREENVIEW INDUSTRIAL PARK,Disorder,19,2023,10
GREENVIEW INDUSTRIAL PARK,Disorder,17,2023,11
GREENVIEW INDUSTRIAL PARK,Disorder,13,2023,12
GREENVIEW INDUSTRIAL PARK,Disorder,6,2024,1
GREENVIEW INDUSTRIAL PARK,Disorder,10,2024,2
GREENVIEW INDUSTRIAL PARK,Disorder,7,2024,3
GREENVIEW INDUSTRIAL PARK,Disorder,9,2024,4
GREENVIEW INDUSTRIAL PARK,Disorder,13,2024,5
GREENWOOD/GREENBRIAR,Disorder,1,2018,1
GREENWOOD/GREENBRIAR,Disorder,3,2018,2
GREENWOOD/GREENBRIAR,Disorder,5,2018,3
GREENWOOD/GREENBRIAR,Disorder,2,2018,4
GREENWOOD/GREENBRIAR,Disorder,5,2018,5
GREENWOOD/GREENBRIAR,Disorder,8,2018,6
GREENWOOD/GREENBRIAR,Disorder,8,2018,7
GREENWOOD/GREENBRIAR,Disorder,8,2018,8
GREENWOOD/GREENBRIAR,Disorder,5,2018,9
GREENWOOD/GREENBRIAR,Disorder,5,2018,10
GREENWOOD/GREENBRIAR,Disorder,5,2018,11
GREENWOOD/GREENBRIAR,Disorder,1,2018,12
GREENWOOD/GREENBRIAR,Disorder,7,2019,1
GREENWOOD/GREENBRIAR,Disorder,1,2019,2
GREENWOOD/GREENBRIAR,Disorder,2,2019,3
GREENWOOD/GREENBRIAR,Disorder,4,2019,4
GREENWOOD/GREENBRIAR,Disorder,4,2019,5
GREENWOOD/GREENBRIAR,Disorder,4,2019,6
GREENWOOD/GREENBRIAR,Disorder,4,2019,7
GREENWOOD/GREENBRIAR,Disorder,2,2019,8
GREENWOOD/GREENBRIAR,Disorder,4,2019,9
GREENWOOD/GREENBRIAR,Disorder,4,2019,10
GREENWOOD/GREENBRIAR,Disorder,3,2019,11
GREENWOOD/GREENBRIAR,Disorder,1,2019,12
GREENWOOD/GREENBRIAR,Disorder,4,2020,1
GREENWOOD/GREENBRIAR,Disorder,2,2020,2
GREENWOOD/GREENBRIAR,Disorder,9,2020,3
GREENWOOD/GREENBRIAR,Disorder,3,2020,4
GREENWOOD/GREENBRIAR,Disorder,9,2020,5
GREENWOOD/GREENBRIAR,Disorder,7,2020,6
GREENWOOD/GREENBRIAR,Disorder,2,2020,7
GREENWOOD/GREENBRIAR,Disorder,3,2020,8
GREENWOOD/GREENBRIAR,Disorder,5,2020,9
GREENWOOD/GREENBRIAR,Disorder,4,2020,10
GREENWOOD/GREENBRIAR,Disorder,2,2020,11
GREENWOOD/GREENBRIAR,Disorder,3,2020,12
GREENWOOD/GREENBRIAR,Disorder,1,2021,1
GREENWOOD/GREENBRIAR,Disorder,1,2021,2
GREENWOOD/GREENBRIAR,Disorder,3,2021,3
GREENWOOD/GREENBRIAR,Disorder,7,2021,4
GREENWOOD/GREENBRIAR,Disorder,6,2021,5
GREENWOOD/GREENBRIAR,Disorder,4,2021,6
GREENWOOD/GREENBRIAR,Disorder,10,2021,7
GREENWOOD/GREENBRIAR,Disorder,6,2021,8
GREENWOOD/GREENBRIAR,Disorder,6,2021,9
GREENWOOD/GREENBRIAR,Disorder,1,2021,10
GREENWOOD/GREENBRIAR,Disorder,2,2021,11
GREENWOOD/GREENBRIAR,Disorder,1,2022,1
GREENWOOD/GREENBRIAR,Disorder,3,2022,2
GREENWOOD/GREENBRIAR,Disorder,2,2022,3
GREENWOOD/GREENBRIAR,Disorder,2,2022,4
GREENWOOD/GREENBRIAR,Disorder,4,2022,5
GREENWOOD/GREENBRIAR,Disorder,3,2022,6
GREENWOOD/GREENBRIAR,Disorder,4,2022,7
GREENWOOD/GREENBRIAR,Disorder,5,2022,8
GREENWOOD/GREENBRIAR,Disorder,3,2022,9
GREENWOOD/GREENBRIAR,Disorder,7,2022,10
GREENWOOD/GREENBRIAR,Disorder,3,2022,11
GREENWOOD/GREENBRIAR,Disorder,2,2022,12
GREENWOOD/GREENBRIAR,Disorder,2,2023,1
GREENWOOD/GREENBRIAR,Disorder,1,2023,2
GREENWOOD/GREENBRIAR,Disorder,5,2023,3
GREENWOOD/GREENBRIAR,Disorder,4,2023,4
GREENWOOD/GREENBRIAR,Disorder,6,2023,5
GREENWOOD/GREENBRIAR,Disorder,4,2023,6
GREENWOOD/GREENBRIAR,Disorder,8,2023,7
GREENWOOD/GREENBRIAR,Disorder,7,2023,8
GREENWOOD/GREENBRIAR,Disorder,5,2023,9
GREENWOOD/GREENBRIAR,Disorder,7,2023,10
GREENWOOD/GREENBRIAR,Disorder,8,2023,11
GREENWOOD/GREENBRIAR,Disorder,6,2023,12
GREENWOOD/GREENBRIAR,Disorder,5,2024,1
GREENWOOD/GREENBRIAR,Disorder,3,2024,2
GREENWOOD/GREENBRIAR,Disorder,2,2024,3
GREENWOOD/GREENBRIAR,Disorder,2,2024,4
GREENWOOD/GREENBRIAR,Disorder,5,2024,5
HAMPTONS,Disorder,10,2018,1
HAMPTONS,Disorder,6,2018,2
HAMPTONS,Disorder,8,2018,3
HAMPTONS,Disorder,5,2018,4
HAMPTONS,Disorder,8,2018,5
HAMPTONS,Disorder,8,2018,6
HAMPTONS,Disorder,8,2018,7
HAMPTONS,Disorder,3,2018,8
HAMPTONS,Disorder,5,2018,9
HAMPTONS,Disorder,5,2018,10
HAMPTONS,Disorder,3,2018,11
HAMPTONS,Disorder,9,2018,12
HAMPTONS,Disorder,4,2019,1
HAMPTONS,Disorder,3,2019,2
HAMPTONS,Disorder,4,2019,3
HAMPTONS,Disorder,5,2019,4
HAMPTONS,Disorder,7,2019,5
HAMPTONS,Disorder,5,2019,6
HAMPTONS,Disorder,9,2019,7
HAMPTONS,Disorder,12,2019,8
HAMPTONS,Disorder,11,2019,9
HAMPTONS,Disorder,1,2019,10
HAMPTONS,Disorder,6,2019,11
HAMPTONS,Disorder,2,2019,12
HAMPTONS,Disorder,6,2020,1
HAMPTONS,Disorder,1,2020,2
HAMPTONS,Disorder,4,2020,3
HAMPTONS,Disorder,6,2020,4
HAMPTONS,Disorder,5,2020,5
HAMPTONS,Disorder,8,2020,6
HAMPTONS,Disorder,4,2020,7
HAMPTONS,Disorder,8,2020,8
HAMPTONS,Disorder,7,2020,9
HAMPTONS,Disorder,4,2020,10
HAMPTONS,Disorder,4,2020,11
HAMPTONS,Disorder,5,2020,12
HAMPTONS,Disorder,6,2021,1
HAMPTONS,Disorder,5,2021,2
HAMPTONS,Disorder,4,2021,3
HAMPTONS,Disorder,5,2021,4
HAMPTONS,Disorder,8,2021,5
HAMPTONS,Disorder,12,2021,6
HAMPTONS,Disorder,5,2021,7
HAMPTONS,Disorder,7,2021,8
HAMPTONS,Disorder,4,2021,9
HAMPTONS,Disorder,4,2021,10
HAMPTONS,Disorder,4,2021,11
HAMPTONS,Disorder,4,2021,12
HAMPTONS,Disorder,5,2022,1
HAMPTONS,Disorder,2,2022,2
HAMPTONS,Disorder,2,2022,3
HAMPTONS,Disorder,6,2022,4
HAMPTONS,Disorder,5,2022,5
HAMPTONS,Disorder,5,2022,6
HAMPTONS,Disorder,4,2022,7
HAMPTONS,Disorder,7,2022,8
HAMPTONS,Disorder,4,2022,9
HAMPTONS,Disorder,1,2022,10
HAMPTONS,Disorder,5,2022,11
HAMPTONS,Disorder,3,2022,12
HAMPTONS,Disorder,3,2023,1
HAMPTONS,Disorder,2,2023,2
HAMPTONS,Disorder,3,2023,3
HAMPTONS,Disorder,6,2023,4
HAMPTONS,Disorder,6,2023,5
HAMPTONS,Disorder,3,2023,6
HAMPTONS,Disorder,1,2023,7
HAMPTONS,Disorder,8,2023,8
HAMPTONS,Disorder,8,2023,9
HAMPTONS,Disorder,2,2023,10
HAMPTONS,Disorder,2,2023,11
HAMPTONS,Disorder,3,2023,12
HAMPTONS,Disorder,4,2024,1
HAMPTONS,Disorder,2,2024,2
HAMPTONS,Disorder,5,2024,3
HAMPTONS,Disorder,3,2024,4
HAMPTONS,Disorder,8,2024,5
HARVEST HILLS,Disorder,6,2018,1
HARVEST HILLS,Disorder,11,2018,2
HARVEST HILLS,Disorder,6,2018,3
HARVEST HILLS,Disorder,13,2018,4
HARVEST HILLS,Disorder,13,2018,5
HARVEST HILLS,Disorder,18,2018,6
HARVEST HILLS,Disorder,11,2018,7
HARVEST HILLS,Disorder,23,2018,8
HARVEST HILLS,Disorder,16,2018,9
HARVEST HILLS,Disorder,21,2018,10
HARVEST HILLS,Disorder,19,2018,11
HARVEST HILLS,Disorder,7,2018,12
HARVEST HILLS,Disorder,4,2019,1
HARVEST HILLS,Disorder,7,2019,2
HARVEST HILLS,Disorder,16,2019,3
HARVEST HILLS,Disorder,17,2019,4
HARVEST HILLS,Disorder,26,2019,5
HARVEST HILLS,Disorder,20,2019,6
HARVEST HILLS,Disorder,13,2019,7
HARVEST HILLS,Disorder,20,2019,8
HARVEST HILLS,Disorder,14,2019,9
HARVEST HILLS,Disorder,13,2019,10
HARVEST HILLS,Disorder,9,2019,11
HARVEST HILLS,Disorder,11,2019,12
HARVEST HILLS,Disorder,10,2020,1
HARVEST HILLS,Disorder,15,2020,2
HARVEST HILLS,Disorder,17,2020,3
HARVEST HILLS,Disorder,14,2020,4
HARVEST HILLS,Disorder,35,2020,5
HARVEST HILLS,Disorder,15,2020,6
HARVEST HILLS,Disorder,24,2020,7
HARVEST HILLS,Disorder,25,2020,8
HARVEST HILLS,Disorder,23,2020,9
HARVEST HILLS,Disorder,18,2020,10
HARVEST HILLS,Disorder,18,2020,11
HARVEST HILLS,Disorder,23,2020,12
HARVEST HILLS,Disorder,22,2021,1
HARVEST HILLS,Disorder,9,2021,2
HARVEST HILLS,Disorder,13,2021,3
HARVEST HILLS,Disorder,11,2021,4
HARVEST HILLS,Disorder,27,2021,5
HARVEST HILLS,Disorder,27,2021,6
HARVEST HILLS,Disorder,22,2021,7
HARVEST HILLS,Disorder,15,2021,8
HARVEST HILLS,Disorder,17,2021,9
HARVEST HILLS,Disorder,13,2021,10
HARVEST HILLS,Disorder,9,2021,11
HARVEST HILLS,Disorder,9,2021,12
HARVEST HILLS,Disorder,13,2022,1
HARVEST HILLS,Disorder,6,2022,2
HARVEST HILLS,Disorder,23,2022,3
HARVEST HILLS,Disorder,15,2022,4
HARVEST HILLS,Disorder,20,2022,5
HARVEST HILLS,Disorder,8,2022,6
HARVEST HILLS,Disorder,16,2022,7
HARVEST HILLS,Disorder,11,2022,8
HARVEST HILLS,Disorder,10,2022,9
HARVEST HILLS,Disorder,15,2022,10
HARVEST HILLS,Disorder,11,2022,11
HARVEST HILLS,Disorder,10,2022,12
HARVEST HILLS,Disorder,9,2023,1
HARVEST HILLS,Disorder,11,2023,2
HARVEST HILLS,Disorder,9,2023,3
HARVEST HILLS,Disorder,10,2023,4
HARVEST HILLS,Disorder,16,2023,5
HARVEST HILLS,Disorder,12,2023,6
HARVEST HILLS,Disorder,18,2023,7
HARVEST HILLS,Disorder,20,2023,8
HARVEST HILLS,Disorder,14,2023,9
HARVEST HILLS,Disorder,19,2023,10
HARVEST HILLS,Disorder,20,2023,11
HARVEST HILLS,Disorder,15,2023,12
HARVEST HILLS,Disorder,13,2024,1
HARVEST HILLS,Disorder,10,2024,2
HARVEST HILLS,Disorder,16,2024,3
HARVEST HILLS,Disorder,14,2024,4
HARVEST HILLS,Disorder,22,2024,5
HASKAYNE,Disorder,1,2019,6
HASKAYNE,Disorder,1,2020,4
HASKAYNE,Disorder,1,2020,5
HASKAYNE,Disorder,1,2020,12
HASKAYNE,Disorder,1,2021,2
HASKAYNE,Disorder,1,2021,6
HASKAYNE,Disorder,1,2021,7
HASKAYNE,Disorder,1,2021,8
HASKAYNE,Disorder,1,2021,12
HASKAYNE,Disorder,1,2022,7
HASKAYNE,Disorder,1,2022,8
HASKAYNE,Disorder,1,2022,9
HASKAYNE,Disorder,1,2022,10
HASKAYNE,Disorder,2,2023,1
HASKAYNE,Disorder,1,2023,2
HASKAYNE,Disorder,1,2023,4
HASKAYNE,Disorder,2,2023,5
HASKAYNE,Disorder,1,2023,7
HASKAYNE,Disorder,2,2023,10
HASKAYNE,Disorder,1,2023,12
HASKAYNE,Disorder,3,2024,1
HASKAYNE,Disorder,2,2024,2
HASKAYNE,Disorder,3,2024,3
HASKAYNE,Disorder,2,2024,4
HASKAYNE,Disorder,6,2024,5
HAWKWOOD,Disorder,8,2018,1
HAWKWOOD,Disorder,17,2018,2
HAWKWOOD,Disorder,5,2018,3
HAWKWOOD,Disorder,18,2018,4
HAWKWOOD,Disorder,12,2018,5
HAWKWOOD,Disorder,17,2018,6
HAWKWOOD,Disorder,21,2018,7
HAWKWOOD,Disorder,17,2018,8
HAWKWOOD,Disorder,18,2018,9
HAWKWOOD,Disorder,8,2018,10
HAWKWOOD,Disorder,2,2018,11
HAWKWOOD,Disorder,9,2018,12
HAWKWOOD,Disorder,7,2019,1
HAWKWOOD,Disorder,3,2019,2
HAWKWOOD,Disorder,7,2019,3
HAWKWOOD,Disorder,10,2019,4
HAWKWOOD,Disorder,15,2019,5
HAWKWOOD,Disorder,12,2019,6
HAWKWOOD,Disorder,14,2019,7
HAWKWOOD,Disorder,13,2019,8
HAWKWOOD,Disorder,13,2019,9
HAWKWOOD,Disorder,11,2019,10
HAWKWOOD,Disorder,7,2019,11
HAWKWOOD,Disorder,6,2019,12
HAWKWOOD,Disorder,12,2020,1
HAWKWOOD,Disorder,10,2020,2
HAWKWOOD,Disorder,8,2020,3
HAWKWOOD,Disorder,15,2020,4
HAWKWOOD,Disorder,18,2020,5
HAWKWOOD,Disorder,7,2020,6
HAWKWOOD,Disorder,16,2020,7
HAWKWOOD,Disorder,15,2020,8
HAWKWOOD,Disorder,10,2020,9
HAWKWOOD,Disorder,8,2020,10
HAWKWOOD,Disorder,4,2020,11
HAWKWOOD,Disorder,7,2020,12
HAWKWOOD,Disorder,11,2021,1
HAWKWOOD,Disorder,12,2021,2
HAWKWOOD,Disorder,11,2021,3
HAWKWOOD,Disorder,13,2021,4
HAWKWOOD,Disorder,10,2021,5
HAWKWOOD,Disorder,11,2021,6
HAWKWOOD,Disorder,13,2021,7
HAWKWOOD,Disorder,21,2021,8
HAWKWOOD,Disorder,12,2021,9
HAWKWOOD,Disorder,10,2021,10
HAWKWOOD,Disorder,10,2021,11
HAWKWOOD,Disorder,3,2021,12
HAWKWOOD,Disorder,12,2022,1
HAWKWOOD,Disorder,4,2022,2
HAWKWOOD,Disorder,11,2022,3
HAWKWOOD,Disorder,15,2022,4
HAWKWOOD,Disorder,11,2022,5
HAWKWOOD,Disorder,10,2022,6
HAWKWOOD,Disorder,20,2022,7
HAWKWOOD,Disorder,7,2022,8
HAWKWOOD,Disorder,8,2022,9
HAWKWOOD,Disorder,16,2022,10
HAWKWOOD,Disorder,4,2022,11
HAWKWOOD,Disorder,11,2022,12
HAWKWOOD,Disorder,6,2023,1
HAWKWOOD,Disorder,1,2023,2
HAWKWOOD,Disorder,8,2023,3
HAWKWOOD,Disorder,11,2023,4
HAWKWOOD,Disorder,12,2023,5
HAWKWOOD,Disorder,12,2023,6
HAWKWOOD,Disorder,8,2023,7
HAWKWOOD,Disorder,14,2023,8
HAWKWOOD,Disorder,9,2023,9
HAWKWOOD,Disorder,11,2023,10
HAWKWOOD,Disorder,6,2023,11
HAWKWOOD,Disorder,7,2023,12
HAWKWOOD,Disorder,10,2024,1
HAWKWOOD,Disorder,11,2024,2
HAWKWOOD,Disorder,8,2024,3
HAWKWOOD,Disorder,6,2024,4
HAWKWOOD,Disorder,7,2024,5
HAYSBORO,Disorder,51,2018,1
HAYSBORO,Disorder,42,2018,2
HAYSBORO,Disorder,45,2018,3
HAYSBORO,Disorder,49,2018,4
HAYSBORO,Disorder,65,2018,5
HAYSBORO,Disorder,67,2018,6
HAYSBORO,Disorder,104,2018,7
HAYSBORO,Disorder,61,2018,8
HAYSBORO,Disorder,65,2018,9
HAYSBORO,Disorder,75,2018,10
HAYSBORO,Disorder,90,2018,11
HAYSBORO,Disorder,107,2018,12
HAYSBORO,Disorder,78,2019,1
HAYSBORO,Disorder,83,2019,2
HAYSBORO,Disorder,102,2019,3
HAYSBORO,Disorder,82,2019,4
HAYSBORO,Disorder,72,2019,5
HAYSBORO,Disorder,72,2019,6
HAYSBORO,Disorder,109,2019,7
HAYSBORO,Disorder,83,2019,8
HAYSBORO,Disorder,54,2019,9
HAYSBORO,Disorder,54,2019,10
HAYSBORO,Disorder,58,2019,11
HAYSBORO,Disorder,51,2019,12
HAYSBORO,Disorder,57,2020,1
HAYSBORO,Disorder,81,2020,2
HAYSBORO,Disorder,84,2020,3
HAYSBORO,Disorder,57,2020,4
HAYSBORO,Disorder,80,2020,5
HAYSBORO,Disorder,55,2020,6
HAYSBORO,Disorder,51,2020,7
HAYSBORO,Disorder,50,2020,8
HAYSBORO,Disorder,38,2020,9
HAYSBORO,Disorder,36,2020,10
HAYSBORO,Disorder,43,2020,11
HAYSBORO,Disorder,31,2020,12
HAYSBORO,Disorder,48,2021,1
HAYSBORO,Disorder,49,2021,2
HAYSBORO,Disorder,63,2021,3
HAYSBORO,Disorder,60,2021,4
HAYSBORO,Disorder,74,2021,5
HAYSBORO,Disorder,67,2021,6
HAYSBORO,Disorder,77,2021,7
HAYSBORO,Disorder,47,2021,8
HAYSBORO,Disorder,64,2021,9
HAYSBORO,Disorder,54,2021,10
HAYSBORO,Disorder,60,2021,11
HAYSBORO,Disorder,48,2021,12
HAYSBORO,Disorder,59,2022,1
HAYSBORO,Disorder,46,2022,2
HAYSBORO,Disorder,51,2022,3
HAYSBORO,Disorder,47,2022,4
HAYSBORO,Disorder,73,2022,5
HAYSBORO,Disorder,61,2022,6
HAYSBORO,Disorder,55,2022,7
HAYSBORO,Disorder,58,2022,8
HAYSBORO,Disorder,71,2022,9
HAYSBORO,Disorder,55,2022,10
HAYSBORO,Disorder,51,2022,11
HAYSBORO,Disorder,46,2022,12
HAYSBORO,Disorder,51,2023,1
HAYSBORO,Disorder,65,2023,2
HAYSBORO,Disorder,61,2023,3
HAYSBORO,Disorder,66,2023,4
HAYSBORO,Disorder,42,2023,5
HAYSBORO,Disorder,45,2023,6
HAYSBORO,Disorder,46,2023,7
HAYSBORO,Disorder,52,2023,8
HAYSBORO,Disorder,75,2023,9
HAYSBORO,Disorder,44,2023,10
HAYSBORO,Disorder,38,2023,11
HAYSBORO,Disorder,33,2023,12
HAYSBORO,Disorder,41,2024,1
HAYSBORO,Disorder,57,2024,2
HAYSBORO,Disorder,41,2024,3
HAYSBORO,Disorder,56,2024,4
HAYSBORO,Disorder,46,2024,5
HIDDEN VALLEY,Disorder,10,2018,1
HIDDEN VALLEY,Disorder,12,2018,2
HIDDEN VALLEY,Disorder,9,2018,3
HIDDEN VALLEY,Disorder,13,2018,4
HIDDEN VALLEY,Disorder,21,2018,5
HIDDEN VALLEY,Disorder,26,2018,6
HIDDEN VALLEY,Disorder,24,2018,7
HIDDEN VALLEY,Disorder,22,2018,8
HIDDEN VALLEY,Disorder,6,2018,9
HIDDEN VALLEY,Disorder,11,2018,10
HIDDEN VALLEY,Disorder,23,2018,11
HIDDEN VALLEY,Disorder,15,2018,12
HIDDEN VALLEY,Disorder,20,2019,1
HIDDEN VALLEY,Disorder,9,2019,2
HIDDEN VALLEY,Disorder,11,2019,3
HIDDEN VALLEY,Disorder,16,2019,4
HIDDEN VALLEY,Disorder,23,2019,5
HIDDEN VALLEY,Disorder,19,2019,6
HIDDEN VALLEY,Disorder,36,2019,7
HIDDEN VALLEY,Disorder,30,2019,8
HIDDEN VALLEY,Disorder,15,2019,9
HIDDEN VALLEY,Disorder,12,2019,10
HIDDEN VALLEY,Disorder,13,2019,11
HIDDEN VALLEY,Disorder,10,2019,12
HIDDEN VALLEY,Disorder,21,2020,1
HIDDEN VALLEY,Disorder,16,2020,2
HIDDEN VALLEY,Disorder,11,2020,3
HIDDEN VALLEY,Disorder,23,2020,4
HIDDEN VALLEY,Disorder,30,2020,5
HIDDEN VALLEY,Disorder,27,2020,6
HIDDEN VALLEY,Disorder,19,2020,7
HIDDEN VALLEY,Disorder,31,2020,8
HIDDEN VALLEY,Disorder,26,2020,9
HIDDEN VALLEY,Disorder,14,2020,10
HIDDEN VALLEY,Disorder,11,2020,11
HIDDEN VALLEY,Disorder,15,2020,12
HIDDEN VALLEY,Disorder,12,2021,1
HIDDEN VALLEY,Disorder,14,2021,2
HIDDEN VALLEY,Disorder,26,2021,3
HIDDEN VALLEY,Disorder,21,2021,4
HIDDEN VALLEY,Disorder,18,2021,5
HIDDEN VALLEY,Disorder,22,2021,6
HIDDEN VALLEY,Disorder,27,2021,7
HIDDEN VALLEY,Disorder,11,2021,8
HIDDEN VALLEY,Disorder,15,2021,9
HIDDEN VALLEY,Disorder,18,2021,10
HIDDEN VALLEY,Disorder,10,2021,11
HIDDEN VALLEY,Disorder,11,2021,12
HIDDEN VALLEY,Disorder,15,2022,1
HIDDEN VALLEY,Disorder,9,2022,2
HIDDEN VALLEY,Disorder,16,2022,3
HIDDEN VALLEY,Disorder,11,2022,4
HIDDEN VALLEY,Disorder,12,2022,5
HIDDEN VALLEY,Disorder,9,2022,6
HIDDEN VALLEY,Disorder,18,2022,7
HIDDEN VALLEY,Disorder,23,2022,8
HIDDEN VALLEY,Disorder,14,2022,9
HIDDEN VALLEY,Disorder,15,2022,10
HIDDEN VALLEY,Disorder,8,2022,11
HIDDEN VALLEY,Disorder,10,2022,12
HIDDEN VALLEY,Disorder,12,2023,1
HIDDEN VALLEY,Disorder,11,2023,2
HIDDEN VALLEY,Disorder,10,2023,3
HIDDEN VALLEY,Disorder,26,2023,4
HIDDEN VALLEY,Disorder,20,2023,5
HIDDEN VALLEY,Disorder,13,2023,6
HIDDEN VALLEY,Disorder,12,2023,7
HIDDEN VALLEY,Disorder,14,2023,8
HIDDEN VALLEY,Disorder,12,2023,9
HIDDEN VALLEY,Disorder,16,2023,10
HIDDEN VALLEY,Disorder,8,2023,11
HIDDEN VALLEY,Disorder,3,2023,12
HIDDEN VALLEY,Disorder,8,2024,1
HIDDEN VALLEY,Disorder,6,2024,2
HIDDEN VALLEY,Disorder,6,2024,3
HIDDEN VALLEY,Disorder,18,2024,4
HIDDEN VALLEY,Disorder,10,2024,5
HIGHFIELD,Disorder,9,2018,1
HIGHFIELD,Disorder,8,2018,2
HIGHFIELD,Disorder,11,2018,3
HIGHFIELD,Disorder,8,2018,4
HIGHFIELD,Disorder,8,2018,5
HIGHFIELD,Disorder,9,2018,6
HIGHFIELD,Disorder,17,2018,7
HIGHFIELD,Disorder,27,2018,8
HIGHFIELD,Disorder,12,2018,9
HIGHFIELD,Disorder,14,2018,10
HIGHFIELD,Disorder,13,2018,11
HIGHFIELD,Disorder,19,2018,12
HIGHFIELD,Disorder,7,2019,1
HIGHFIELD,Disorder,9,2019,2
HIGHFIELD,Disorder,9,2019,3
HIGHFIELD,Disorder,15,2019,4
HIGHFIELD,Disorder,13,2019,5
HIGHFIELD,Disorder,8,2019,6
HIGHFIELD,Disorder,18,2019,7
HIGHFIELD,Disorder,16,2019,8
HIGHFIELD,Disorder,17,2019,9
HIGHFIELD,Disorder,18,2019,10
HIGHFIELD,Disorder,10,2019,11
HIGHFIELD,Disorder,9,2019,12
HIGHFIELD,Disorder,15,2020,1
HIGHFIELD,Disorder,7,2020,2
HIGHFIELD,Disorder,19,2020,3
HIGHFIELD,Disorder,12,2020,4
HIGHFIELD,Disorder,11,2020,5
HIGHFIELD,Disorder,13,2020,6
HIGHFIELD,Disorder,14,2020,7
HIGHFIELD,Disorder,19,2020,8
HIGHFIELD,Disorder,14,2020,9
HIGHFIELD,Disorder,13,2020,10
HIGHFIELD,Disorder,12,2020,11
HIGHFIELD,Disorder,9,2020,12
HIGHFIELD,Disorder,10,2021,1
HIGHFIELD,Disorder,6,2021,2
HIGHFIELD,Disorder,6,2021,3
HIGHFIELD,Disorder,5,2021,4
HIGHFIELD,Disorder,11,2021,5
HIGHFIELD,Disorder,15,2021,6
HIGHFIELD,Disorder,8,2021,7
HIGHFIELD,Disorder,6,2021,8
HIGHFIELD,Disorder,10,2021,9
HIGHFIELD,Disorder,14,2021,10
HIGHFIELD,Disorder,10,2021,11
HIGHFIELD,Disorder,15,2021,12
HIGHFIELD,Disorder,8,2022,1
HIGHFIELD,Disorder,7,2022,2
HIGHFIELD,Disorder,5,2022,3
HIGHFIELD,Disorder,12,2022,4
HIGHFIELD,Disorder,10,2022,5
HIGHFIELD,Disorder,8,2022,6
HIGHFIELD,Disorder,17,2022,7
HIGHFIELD,Disorder,7,2022,8
HIGHFIELD,Disorder,10,2022,9
HIGHFIELD,Disorder,13,2022,10
HIGHFIELD,Disorder,13,2022,11
HIGHFIELD,Disorder,6,2022,12
HIGHFIELD,Disorder,8,2023,1
HIGHFIELD,Disorder,6,2023,2
HIGHFIELD,Disorder,16,2023,3
HIGHFIELD,Disorder,11,2023,4
HIGHFIELD,Disorder,10,2023,5
HIGHFIELD,Disorder,11,2023,6
HIGHFIELD,Disorder,11,2023,7
HIGHFIELD,Disorder,10,2023,8
HIGHFIELD,Disorder,3,2023,9
HIGHFIELD,Disorder,13,2023,10
HIGHFIELD,Disorder,6,2023,11
HIGHFIELD,Disorder,11,2023,12
HIGHFIELD,Disorder,8,2024,1
HIGHFIELD,Disorder,12,2024,2
HIGHFIELD,Disorder,13,2024,3
HIGHFIELD,Disorder,10,2024,4
HIGHFIELD,Disorder,7,2024,5
HIGHLAND PARK,Disorder,30,2018,1
HIGHLAND PARK,Disorder,27,2018,2
HIGHLAND PARK,Disorder,26,2018,3
HIGHLAND PARK,Disorder,26,2018,4
HIGHLAND PARK,Disorder,41,2018,5
HIGHLAND PARK,Disorder,27,2018,6
HIGHLAND PARK,Disorder,46,2018,7
HIGHLAND PARK,Disorder,41,2018,8
HIGHLAND PARK,Disorder,50,2018,9
HIGHLAND PARK,Disorder,39,2018,10
HIGHLAND PARK,Disorder,30,2018,11
HIGHLAND PARK,Disorder,24,2018,12
HIGHLAND PARK,Disorder,38,2019,1
HIGHLAND PARK,Disorder,19,2019,2
HIGHLAND PARK,Disorder,31,2019,3
HIGHLAND PARK,Disorder,41,2019,4
HIGHLAND PARK,Disorder,63,2019,5
HIGHLAND PARK,Disorder,48,2019,6
HIGHLAND PARK,Disorder,43,2019,7
HIGHLAND PARK,Disorder,31,2019,8
HIGHLAND PARK,Disorder,49,2019,9
HIGHLAND PARK,Disorder,38,2019,10
HIGHLAND PARK,Disorder,37,2019,11
HIGHLAND PARK,Disorder,43,2019,12
HIGHLAND PARK,Disorder,35,2020,1
HIGHLAND PARK,Disorder,31,2020,2
HIGHLAND PARK,Disorder,37,2020,3
HIGHLAND PARK,Disorder,39,2020,4
HIGHLAND PARK,Disorder,46,2020,5
HIGHLAND PARK,Disorder,46,2020,6
HIGHLAND PARK,Disorder,36,2020,7
HIGHLAND PARK,Disorder,18,2020,8
HIGHLAND PARK,Disorder,35,2020,9
HIGHLAND PARK,Disorder,35,2020,10
HIGHLAND PARK,Disorder,29,2020,11
HIGHLAND PARK,Disorder,28,2020,12
HIGHLAND PARK,Disorder,25,2021,1
HIGHLAND PARK,Disorder,28,2021,2
HIGHLAND PARK,Disorder,30,2021,3
HIGHLAND PARK,Disorder,43,2021,4
HIGHLAND PARK,Disorder,58,2021,5
HIGHLAND PARK,Disorder,37,2021,6
HIGHLAND PARK,Disorder,44,2021,7
HIGHLAND PARK,Disorder,56,2021,8
HIGHLAND PARK,Disorder,37,2021,9
HIGHLAND PARK,Disorder,30,2021,10
HIGHLAND PARK,Disorder,32,2021,11
HIGHLAND PARK,Disorder,26,2021,12
HIGHLAND PARK,Disorder,15,2022,1
HIGHLAND PARK,Disorder,13,2022,2
HIGHLAND PARK,Disorder,26,2022,3
HIGHLAND PARK,Disorder,33,2022,4
HIGHLAND PARK,Disorder,27,2022,5
HIGHLAND PARK,Disorder,25,2022,6
HIGHLAND PARK,Disorder,30,2022,7
HIGHLAND PARK,Disorder,30,2022,8
HIGHLAND PARK,Disorder,37,2022,9
HIGHLAND PARK,Disorder,35,2022,10
HIGHLAND PARK,Disorder,17,2022,11
HIGHLAND PARK,Disorder,15,2022,12
HIGHLAND PARK,Disorder,20,2023,1
HIGHLAND PARK,Disorder,22,2023,2
HIGHLAND PARK,Disorder,25,2023,3
HIGHLAND PARK,Disorder,22,2023,4
HIGHLAND PARK,Disorder,23,2023,5
HIGHLAND PARK,Disorder,22,2023,6
HIGHLAND PARK,Disorder,21,2023,7
HIGHLAND PARK,Disorder,25,2023,8
HIGHLAND PARK,Disorder,21,2023,9
HIGHLAND PARK,Disorder,25,2023,10
HIGHLAND PARK,Disorder,24,2023,11
HIGHLAND PARK,Disorder,26,2023,12
HIGHLAND PARK,Disorder,21,2024,1
HIGHLAND PARK,Disorder,20,2024,2
HIGHLAND PARK,Disorder,26,2024,3
HIGHLAND PARK,Disorder,23,2024,4
HIGHLAND PARK,Disorder,29,2024,5
HIGHWOOD,Disorder,7,2018,1
HIGHWOOD,Disorder,8,2018,2
HIGHWOOD,Disorder,15,2018,3
HIGHWOOD,Disorder,13,2018,4
HIGHWOOD,Disorder,7,2018,5
HIGHWOOD,Disorder,16,2018,6
HIGHWOOD,Disorder,22,2018,7
HIGHWOOD,Disorder,10,2018,8
HIGHWOOD,Disorder,12,2018,9
HIGHWOOD,Disorder,11,2018,10
HIGHWOOD,Disorder,12,2018,11
HIGHWOOD,Disorder,15,2018,12
HIGHWOOD,Disorder,4,2019,1
HIGHWOOD,Disorder,4,2019,2
HIGHWOOD,Disorder,5,2019,3
HIGHWOOD,Disorder,7,2019,4
HIGHWOOD,Disorder,15,2019,5
HIGHWOOD,Disorder,17,2019,6
HIGHWOOD,Disorder,16,2019,7
HIGHWOOD,Disorder,8,2019,8
HIGHWOOD,Disorder,15,2019,9
HIGHWOOD,Disorder,10,2019,10
HIGHWOOD,Disorder,4,2019,11
HIGHWOOD,Disorder,7,2019,12
HIGHWOOD,Disorder,7,2020,1
HIGHWOOD,Disorder,9,2020,2
HIGHWOOD,Disorder,11,2020,3
HIGHWOOD,Disorder,10,2020,4
HIGHWOOD,Disorder,13,2020,5
HIGHWOOD,Disorder,20,2020,6
HIGHWOOD,Disorder,22,2020,7
HIGHWOOD,Disorder,14,2020,8
HIGHWOOD,Disorder,7,2020,9
HIGHWOOD,Disorder,11,2020,10
HIGHWOOD,Disorder,8,2020,11
HIGHWOOD,Disorder,6,2020,12
HIGHWOOD,Disorder,7,2021,1
HIGHWOOD,Disorder,11,2021,2
HIGHWOOD,Disorder,14,2021,3
HIGHWOOD,Disorder,17,2021,4
HIGHWOOD,Disorder,15,2021,5
HIGHWOOD,Disorder,11,2021,6
HIGHWOOD,Disorder,10,2021,7
HIGHWOOD,Disorder,12,2021,8
HIGHWOOD,Disorder,14,2021,9
HIGHWOOD,Disorder,9,2021,10
HIGHWOOD,Disorder,12,2021,11
HIGHWOOD,Disorder,4,2021,12
HIGHWOOD,Disorder,10,2022,1
HIGHWOOD,Disorder,9,2022,2
HIGHWOOD,Disorder,19,2022,3
HIGHWOOD,Disorder,10,2022,4
HIGHWOOD,Disorder,14,2022,5
HIGHWOOD,Disorder,10,2022,6
HIGHWOOD,Disorder,21,2022,7
HIGHWOOD,Disorder,12,2022,8
HIGHWOOD,Disorder,12,2022,9
HIGHWOOD,Disorder,12,2022,10
HIGHWOOD,Disorder,10,2022,11
HIGHWOOD,Disorder,9,2022,12
HIGHWOOD,Disorder,12,2023,1
HIGHWOOD,Disorder,9,2023,2
HIGHWOOD,Disorder,13,2023,3
HIGHWOOD,Disorder,10,2023,4
HIGHWOOD,Disorder,15,2023,5
HIGHWOOD,Disorder,15,2023,6
HIGHWOOD,Disorder,9,2023,7
HIGHWOOD,Disorder,19,2023,8
HIGHWOOD,Disorder,8,2023,9
HIGHWOOD,Disorder,6,2023,10
HIGHWOOD,Disorder,7,2023,11
HIGHWOOD,Disorder,8,2023,12
HIGHWOOD,Disorder,7,2024,1
HIGHWOOD,Disorder,6,2024,2
HIGHWOOD,Disorder,7,2024,3
HIGHWOOD,Disorder,15,2024,4
HIGHWOOD,Disorder,5,2024,5
HILLHURST,Disorder,54,2018,1
HILLHURST,Disorder,54,2018,2
HILLHURST,Disorder,60,2018,3
HILLHURST,Disorder,50,2018,4
HILLHURST,Disorder,83,2018,5
HILLHURST,Disorder,59,2018,6
HILLHURST,Disorder,81,2018,7
HILLHURST,Disorder,90,2018,8
HILLHURST,Disorder,62,2018,9
HILLHURST,Disorder,70,2018,10
HILLHURST,Disorder,58,2018,11
HILLHURST,Disorder,56,2018,12
HILLHURST,Disorder,55,2019,1
HILLHURST,Disorder,56,2019,2
HILLHURST,Disorder,70,2019,3
HILLHURST,Disorder,78,2019,4
HILLHURST,Disorder,89,2019,5
HILLHURST,Disorder,99,2019,6
HILLHURST,Disorder,105,2019,7
HILLHURST,Disorder,79,2019,8
HILLHURST,Disorder,79,2019,9
HILLHURST,Disorder,68,2019,10
HILLHURST,Disorder,69,2019,11
HILLHURST,Disorder,49,2019,12
HILLHURST,Disorder,40,2020,1
HILLHURST,Disorder,47,2020,2
HILLHURST,Disorder,86,2020,3
HILLHURST,Disorder,118,2020,4
HILLHURST,Disorder,120,2020,5
HILLHURST,Disorder,109,2020,6
HILLHURST,Disorder,145,2020,7
HILLHURST,Disorder,101,2020,8
HILLHURST,Disorder,125,2020,9
HILLHURST,Disorder,88,2020,10
HILLHURST,Disorder,87,2020,11
HILLHURST,Disorder,85,2020,12
HILLHURST,Disorder,60,2021,1
HILLHURST,Disorder,43,2021,2
HILLHURST,Disorder,71,2021,3
HILLHURST,Disorder,56,2021,4
HILLHURST,Disorder,79,2021,5
HILLHURST,Disorder,75,2021,6
HILLHURST,Disorder,69,2021,7
HILLHURST,Disorder,98,2021,8
HILLHURST,Disorder,84,2021,9
HILLHURST,Disorder,77,2021,10
HILLHURST,Disorder,62,2021,11
HILLHURST,Disorder,62,2021,12
HILLHURST,Disorder,68,2022,1
HILLHURST,Disorder,66,2022,2
HILLHURST,Disorder,64,2022,3
HILLHURST,Disorder,66,2022,4
HILLHURST,Disorder,99,2022,5
HILLHURST,Disorder,105,2022,6
HILLHURST,Disorder,119,2022,7
HILLHURST,Disorder,98,2022,8
HILLHURST,Disorder,81,2022,9
HILLHURST,Disorder,75,2022,10
HILLHURST,Disorder,43,2022,11
HILLHURST,Disorder,41,2022,12
HILLHURST,Disorder,41,2023,1
HILLHURST,Disorder,49,2023,2
HILLHURST,Disorder,58,2023,3
HILLHURST,Disorder,77,2023,4
HILLHURST,Disorder,68,2023,5
HILLHURST,Disorder,107,2023,6
HILLHURST,Disorder,79,2023,7
HILLHURST,Disorder,76,2023,8
HILLHURST,Disorder,52,2023,9
HILLHURST,Disorder,42,2023,10
HILLHURST,Disorder,39,2023,11
HILLHURST,Disorder,52,2023,12
HILLHURST,Disorder,30,2024,1
HILLHURST,Disorder,39,2024,2
HILLHURST,Disorder,54,2024,3
HILLHURST,Disorder,44,2024,4
HILLHURST,Disorder,54,2024,5
HOMESTEAD,Disorder,1,2021,2
HOMESTEAD,Disorder,1,2021,3
HOMESTEAD,Disorder,1,2021,7
HOMESTEAD,Disorder,1,2021,8
HOMESTEAD,Disorder,1,2021,12
HOMESTEAD,Disorder,2,2022,1
HOMESTEAD,Disorder,2,2022,3
HOMESTEAD,Disorder,1,2022,4
HOMESTEAD,Disorder,2,2022,7
HOMESTEAD,Disorder,3,2022,9
HOMESTEAD,Disorder,1,2022,11
HOMESTEAD,Disorder,1,2022,12
HOMESTEAD,Disorder,3,2023,2
HOMESTEAD,Disorder,2,2023,4
HOMESTEAD,Disorder,4,2023,5
HOMESTEAD,Disorder,2,2023,6
HOMESTEAD,Disorder,1,2023,7
HOMESTEAD,Disorder,2,2023,8
HOMESTEAD,Disorder,4,2023,9
HOMESTEAD,Disorder,1,2023,10
HOMESTEAD,Disorder,1,2023,12
HOMESTEAD,Disorder,1,2024,1
HOMESTEAD,Disorder,2,2024,2
HOMESTEAD,Disorder,2,2024,3
HOMESTEAD,Disorder,5,2024,5
HORIZON,Disorder,39,2018,1
HORIZON,Disorder,34,2018,2
HORIZON,Disorder,41,2018,3
HORIZON,Disorder,29,2018,4
HORIZON,Disorder,57,2018,5
HORIZON,Disorder,81,2018,6
HORIZON,Disorder,64,2018,7
HORIZON,Disorder,43,2018,8
HORIZON,Disorder,53,2018,9
HORIZON,Disorder,51,2018,10
HORIZON,Disorder,42,2018,11
HORIZON,Disorder,50,2018,12
HORIZON,Disorder,33,2019,1
HORIZON,Disorder,59,2019,2
HORIZON,Disorder,75,2019,3
HORIZON,Disorder,90,2019,4
HORIZON,Disorder,70,2019,5
HORIZON,Disorder,67,2019,6
HORIZON,Disorder,63,2019,7
HORIZON,Disorder,66,2019,8
HORIZON,Disorder,74,2019,9
HORIZON,Disorder,67,2019,10
HORIZON,Disorder,67,2019,11
HORIZON,Disorder,56,2019,12
HORIZON,Disorder,48,2020,1
HORIZON,Disorder,40,2020,2
HORIZON,Disorder,52,2020,3
HORIZON,Disorder,42,2020,4
HORIZON,Disorder,55,2020,5
HORIZON,Disorder,89,2020,6
HORIZON,Disorder,48,2020,7
HORIZON,Disorder,66,2020,8
HORIZON,Disorder,62,2020,9
HORIZON,Disorder,35,2020,10
HORIZON,Disorder,53,2020,11
HORIZON,Disorder,38,2020,12
HORIZON,Disorder,36,2021,1
HORIZON,Disorder,39,2021,2
HORIZON,Disorder,49,2021,3
HORIZON,Disorder,42,2021,4
HORIZON,Disorder,47,2021,5
HORIZON,Disorder,47,2021,6
HORIZON,Disorder,60,2021,7
HORIZON,Disorder,42,2021,8
HORIZON,Disorder,48,2021,9
HORIZON,Disorder,68,2021,10
HORIZON,Disorder,60,2021,11
HORIZON,Disorder,56,2021,12
HORIZON,Disorder,62,2022,1
HORIZON,Disorder,57,2022,2
HORIZON,Disorder,88,2022,3
HORIZON,Disorder,62,2022,4
HORIZON,Disorder,67,2022,5
HORIZON,Disorder,78,2022,6
HORIZON,Disorder,65,2022,7
HORIZON,Disorder,55,2022,8
HORIZON,Disorder,83,2022,9
HORIZON,Disorder,62,2022,10
HORIZON,Disorder,70,2022,11
HORIZON,Disorder,55,2022,12
HORIZON,Disorder,76,2023,1
HORIZON,Disorder,65,2023,2
HORIZON,Disorder,58,2023,3
HORIZON,Disorder,78,2023,4
HORIZON,Disorder,102,2023,5
HORIZON,Disorder,79,2023,6
HORIZON,Disorder,77,2023,7
HORIZON,Disorder,117,2023,8
HORIZON,Disorder,92,2023,9
HORIZON,Disorder,94,2023,10
HORIZON,Disorder,104,2023,11
HORIZON,Disorder,67,2023,12
HORIZON,Disorder,67,2024,1
HORIZON,Disorder,50,2024,2
HORIZON,Disorder,65,2024,3
HORIZON,Disorder,69,2024,4
HORIZON,Disorder,81,2024,5
HOTCHKISS,Disorder,1,2018,3
HOTCHKISS,Disorder,2,2018,5
HOTCHKISS,Disorder,1,2019,8
HOTCHKISS,Disorder,1,2020,1
HOTCHKISS,Disorder,1,2020,4
HOTCHKISS,Disorder,1,2020,8
HOTCHKISS,Disorder,1,2020,12
HOTCHKISS,Disorder,1,2021,4
HOTCHKISS,Disorder,1,2021,12
HOTCHKISS,Disorder,2,2022,6
HOTCHKISS,Disorder,1,2022,8
HOTCHKISS,Disorder,1,2022,10
HOTCHKISS,Disorder,1,2023,3
HOTCHKISS,Disorder,1,2023,12
HOTCHKISS,Disorder,1,2024,2
HOTCHKISS,Disorder,1,2024,5
HOUNSFIELD HEIGHTS/BRIAR HILL,Disorder,36,2018,1
HOUNSFIELD HEIGHTS/BRIAR HILL,Disorder,25,2018,2
HOUNSFIELD HEIGHTS/BRIAR HILL,Disorder,40,2018,3
HOUNSFIELD HEIGHTS/BRIAR HILL,Disorder,49,2018,4
HOUNSFIELD HEIGHTS/BRIAR HILL,Disorder,50,2018,5
HOUNSFIELD HEIGHTS/BRIAR HILL,Disorder,55,2018,6
HOUNSFIELD HEIGHTS/BRIAR HILL,Disorder,51,2018,7
HOUNSFIELD HEIGHTS/BRIAR HILL,Disorder,40,2018,8
HOUNSFIELD HEIGHTS/BRIAR HILL,Disorder,46,2018,9
HOUNSFIELD HEIGHTS/BRIAR HILL,Disorder,51,2018,10
HOUNSFIELD HEIGHTS/BRIAR HILL,Disorder,40,2018,11
HOUNSFIELD HEIGHTS/BRIAR HILL,Disorder,39,2018,12
HOUNSFIELD HEIGHTS/BRIAR HILL,Disorder,35,2019,1
HOUNSFIELD HEIGHTS/BRIAR HILL,Disorder,32,2019,2
HOUNSFIELD HEIGHTS/BRIAR HILL,Disorder,33,2019,3
HOUNSFIELD HEIGHTS/BRIAR HILL,Disorder,38,2019,4
HOUNSFIELD HEIGHTS/BRIAR HILL,Disorder,44,2019,5
HOUNSFIELD HEIGHTS/BRIAR HILL,Disorder,44,2019,6
HOUNSFIELD HEIGHTS/BRIAR HILL,Disorder,36,2019,7
HOUNSFIELD HEIGHTS/BRIAR HILL,Disorder,35,2019,8
HOUNSFIELD HEIGHTS/BRIAR HILL,Disorder,47,2019,9
HOUNSFIELD HEIGHTS/BRIAR HILL,Disorder,52,2019,10
HOUNSFIELD HEIGHTS/BRIAR HILL,Disorder,39,2019,11
HOUNSFIELD HEIGHTS/BRIAR HILL,Disorder,31,2019,12
HOUNSFIELD HEIGHTS/BRIAR HILL,Disorder,30,2020,1
HOUNSFIELD HEIGHTS/BRIAR HILL,Disorder,34,2020,2
HOUNSFIELD HEIGHTS/BRIAR HILL,Disorder,39,2020,3
HOUNSFIELD HEIGHTS/BRIAR HILL,Disorder,39,2020,4
HOUNSFIELD HEIGHTS/BRIAR HILL,Disorder,44,2020,5
HOUNSFIELD HEIGHTS/BRIAR HILL,Disorder,43,2020,6
HOUNSFIELD HEIGHTS/BRIAR HILL,Disorder,49,2020,7
HOUNSFIELD HEIGHTS/BRIAR HILL,Disorder,60,2020,8
HOUNSFIELD HEIGHTS/BRIAR HILL,Disorder,39,2020,9
HOUNSFIELD HEIGHTS/BRIAR HILL,Disorder,37,2020,10
HOUNSFIELD HEIGHTS/BRIAR HILL,Disorder,21,2020,11
HOUNSFIELD HEIGHTS/BRIAR HILL,Disorder,36,2020,12
HOUNSFIELD HEIGHTS/BRIAR HILL,Disorder,38,2021,1
HOUNSFIELD HEIGHTS/BRIAR HILL,Disorder,31,2021,2
HOUNSFIELD HEIGHTS/BRIAR HILL,Disorder,44,2021,3
HOUNSFIELD HEIGHTS/BRIAR HILL,Disorder,49,2021,4
HOUNSFIELD HEIGHTS/BRIAR HILL,Disorder,64,2021,5
HOUNSFIELD HEIGHTS/BRIAR HILL,Disorder,62,2021,6
HOUNSFIELD HEIGHTS/BRIAR HILL,Disorder,76,2021,7
HOUNSFIELD HEIGHTS/BRIAR HILL,Disorder,60,2021,8
HOUNSFIELD HEIGHTS/BRIAR HILL,Disorder,80,2021,9
HOUNSFIELD HEIGHTS/BRIAR HILL,Disorder,90,2021,10
HOUNSFIELD HEIGHTS/BRIAR HILL,Disorder,60,2021,11
HOUNSFIELD HEIGHTS/BRIAR HILL,Disorder,59,2021,12
HOUNSFIELD HEIGHTS/BRIAR HILL,Disorder,41,2022,1
HOUNSFIELD HEIGHTS/BRIAR HILL,Disorder,45,2022,2
HOUNSFIELD HEIGHTS/BRIAR HILL,Disorder,67,2022,3
HOUNSFIELD HEIGHTS/BRIAR HILL,Disorder,88,2022,4
HOUNSFIELD HEIGHTS/BRIAR HILL,Disorder,96,2022,5
HOUNSFIELD HEIGHTS/BRIAR HILL,Disorder,115,2022,6
HOUNSFIELD HEIGHTS/BRIAR HILL,Disorder,63,2022,7
HOUNSFIELD HEIGHTS/BRIAR HILL,Disorder,74,2022,8
HOUNSFIELD HEIGHTS/BRIAR HILL,Disorder,42,2022,9
HOUNSFIELD HEIGHTS/BRIAR HILL,Disorder,35,2022,10
HOUNSFIELD HEIGHTS/BRIAR HILL,Disorder,40,2022,11
HOUNSFIELD HEIGHTS/BRIAR HILL,Disorder,38,2022,12
HOUNSFIELD HEIGHTS/BRIAR HILL,Disorder,68,2023,1
HOUNSFIELD HEIGHTS/BRIAR HILL,Disorder,32,2023,2
HOUNSFIELD HEIGHTS/BRIAR HILL,Disorder,31,2023,3
HOUNSFIELD HEIGHTS/BRIAR HILL,Disorder,58,2023,4
HOUNSFIELD HEIGHTS/BRIAR HILL,Disorder,45,2023,5
HOUNSFIELD HEIGHTS/BRIAR HILL,Disorder,52,2023,6
HOUNSFIELD HEIGHTS/BRIAR HILL,Disorder,36,2023,7
HOUNSFIELD HEIGHTS/BRIAR HILL,Disorder,45,2023,8
HOUNSFIELD HEIGHTS/BRIAR HILL,Disorder,45,2023,9
HOUNSFIELD HEIGHTS/BRIAR HILL,Disorder,28,2023,10
HOUNSFIELD HEIGHTS/BRIAR HILL,Disorder,36,2023,11
HOUNSFIELD HEIGHTS/BRIAR HILL,Disorder,37,2023,12
HOUNSFIELD HEIGHTS/BRIAR HILL,Disorder,22,2024,1
HOUNSFIELD HEIGHTS/BRIAR HILL,Disorder,24,2024,2
HOUNSFIELD HEIGHTS/BRIAR HILL,Disorder,31,2024,3
HOUNSFIELD HEIGHTS/BRIAR HILL,Disorder,38,2024,4
HOUNSFIELD HEIGHTS/BRIAR HILL,Disorder,39,2024,5
HUNTINGTON HILLS,Disorder,48,2018,1
HUNTINGTON HILLS,Disorder,49,2018,2
HUNTINGTON HILLS,Disorder,44,2018,3
HUNTINGTON HILLS,Disorder,75,2018,4
HUNTINGTON HILLS,Disorder,87,2018,5
HUNTINGTON HILLS,Disorder,85,2018,6
HUNTINGTON HILLS,Disorder,89,2018,7
HUNTINGTON HILLS,Disorder,92,2018,8
HUNTINGTON HILLS,Disorder,67,2018,9
HUNTINGTON HILLS,Disorder,65,2018,10
HUNTINGTON HILLS,Disorder,68,2018,11
HUNTINGTON HILLS,Disorder,52,2018,12
HUNTINGTON HILLS,Disorder,55,2019,1
HUNTINGTON HILLS,Disorder,55,2019,2
HUNTINGTON HILLS,Disorder,71,2019,3
HUNTINGTON HILLS,Disorder,64,2019,4
HUNTINGTON HILLS,Disorder,79,2019,5
HUNTINGTON HILLS,Disorder,65,2019,6
HUNTINGTON HILLS,Disorder,80,2019,7
HUNTINGTON HILLS,Disorder,68,2019,8
HUNTINGTON HILLS,Disorder,44,2019,9
HUNTINGTON HILLS,Disorder,53,2019,10
HUNTINGTON HILLS,Disorder,53,2019,11
HUNTINGTON HILLS,Disorder,56,2019,12
HUNTINGTON HILLS,Disorder,54,2020,1
HUNTINGTON HILLS,Disorder,45,2020,2
HUNTINGTON HILLS,Disorder,63,2020,3
HUNTINGTON HILLS,Disorder,51,2020,4
HUNTINGTON HILLS,Disorder,74,2020,5
HUNTINGTON HILLS,Disorder,56,2020,6
HUNTINGTON HILLS,Disorder,79,2020,7
HUNTINGTON HILLS,Disorder,82,2020,8
HUNTINGTON HILLS,Disorder,75,2020,9
HUNTINGTON HILLS,Disorder,53,2020,10
HUNTINGTON HILLS,Disorder,61,2020,11
HUNTINGTON HILLS,Disorder,38,2020,12
HUNTINGTON HILLS,Disorder,57,2021,1
HUNTINGTON HILLS,Disorder,42,2021,2
HUNTINGTON HILLS,Disorder,57,2021,3
HUNTINGTON HILLS,Disorder,71,2021,4
HUNTINGTON HILLS,Disorder,47,2021,5
HUNTINGTON HILLS,Disorder,59,2021,6
HUNTINGTON HILLS,Disorder,72,2021,7
HUNTINGTON HILLS,Disorder,77,2021,8
HUNTINGTON HILLS,Disorder,67,2021,9
HUNTINGTON HILLS,Disorder,71,2021,10
HUNTINGTON HILLS,Disorder,72,2021,11
HUNTINGTON HILLS,Disorder,47,2021,12
HUNTINGTON HILLS,Disorder,66,2022,1
HUNTINGTON HILLS,Disorder,82,2022,2
HUNTINGTON HILLS,Disorder,76,2022,3
HUNTINGTON HILLS,Disorder,60,2022,4
HUNTINGTON HILLS,Disorder,74,2022,5
HUNTINGTON HILLS,Disorder,81,2022,6
HUNTINGTON HILLS,Disorder,76,2022,7
HUNTINGTON HILLS,Disorder,76,2022,8
HUNTINGTON HILLS,Disorder,81,2022,9
HUNTINGTON HILLS,Disorder,63,2022,10
HUNTINGTON HILLS,Disorder,52,2022,11
HUNTINGTON HILLS,Disorder,31,2022,12
HUNTINGTON HILLS,Disorder,42,2023,1
HUNTINGTON HILLS,Disorder,60,2023,2
HUNTINGTON HILLS,Disorder,50,2023,3
HUNTINGTON HILLS,Disorder,54,2023,4
HUNTINGTON HILLS,Disorder,64,2023,5
HUNTINGTON HILLS,Disorder,56,2023,6
HUNTINGTON HILLS,Disorder,41,2023,7
HUNTINGTON HILLS,Disorder,63,2023,8
HUNTINGTON HILLS,Disorder,61,2023,9
HUNTINGTON HILLS,Disorder,63,2023,10
HUNTINGTON HILLS,Disorder,51,2023,11
HUNTINGTON HILLS,Disorder,44,2023,12
HUNTINGTON HILLS,Disorder,38,2024,1
HUNTINGTON HILLS,Disorder,39,2024,2
HUNTINGTON HILLS,Disorder,50,2024,3
HUNTINGTON HILLS,Disorder,67,2024,4
HUNTINGTON HILLS,Disorder,58,2024,5
INGLEWOOD,Disorder,31,2018,1
INGLEWOOD,Disorder,21,2018,2
INGLEWOOD,Disorder,18,2018,3
INGLEWOOD,Disorder,34,2018,4
INGLEWOOD,Disorder,37,2018,5
INGLEWOOD,Disorder,41,2018,6
INGLEWOOD,Disorder,51,2018,7
INGLEWOOD,Disorder,50,2018,8
INGLEWOOD,Disorder,42,2018,9
INGLEWOOD,Disorder,31,2018,10
INGLEWOOD,Disorder,25,2018,11
INGLEWOOD,Disorder,29,2018,12
INGLEWOOD,Disorder,29,2019,1
INGLEWOOD,Disorder,12,2019,2
INGLEWOOD,Disorder,27,2019,3
INGLEWOOD,Disorder,35,2019,4
INGLEWOOD,Disorder,31,2019,5
INGLEWOOD,Disorder,61,2019,6
INGLEWOOD,Disorder,55,2019,7
INGLEWOOD,Disorder,77,2019,8
INGLEWOOD,Disorder,94,2019,9
INGLEWOOD,Disorder,53,2019,10
INGLEWOOD,Disorder,37,2019,11
INGLEWOOD,Disorder,41,2019,12
INGLEWOOD,Disorder,27,2020,1
INGLEWOOD,Disorder,33,2020,2
INGLEWOOD,Disorder,33,2020,3
INGLEWOOD,Disorder,44,2020,4
INGLEWOOD,Disorder,65,2020,5
INGLEWOOD,Disorder,42,2020,6
INGLEWOOD,Disorder,69,2020,7
INGLEWOOD,Disorder,67,2020,8
INGLEWOOD,Disorder,28,2020,9
INGLEWOOD,Disorder,34,2020,10
INGLEWOOD,Disorder,24,2020,11
INGLEWOOD,Disorder,24,2020,12
INGLEWOOD,Disorder,27,2021,1
INGLEWOOD,Disorder,26,2021,2
INGLEWOOD,Disorder,20,2021,3
INGLEWOOD,Disorder,41,2021,4
INGLEWOOD,Disorder,45,2021,5
INGLEWOOD,Disorder,48,2021,6
INGLEWOOD,Disorder,44,2021,7
INGLEWOOD,Disorder,43,2021,8
INGLEWOOD,Disorder,42,2021,9
INGLEWOOD,Disorder,61,2021,10
INGLEWOOD,Disorder,25,2021,11
INGLEWOOD,Disorder,24,2021,12
INGLEWOOD,Disorder,29,2022,1
INGLEWOOD,Disorder,34,2022,2
INGLEWOOD,Disorder,22,2022,3
INGLEWOOD,Disorder,31,2022,4
INGLEWOOD,Disorder,48,2022,5
INGLEWOOD,Disorder,42,2022,6
INGLEWOOD,Disorder,41,2022,7
INGLEWOOD,Disorder,49,2022,8
INGLEWOOD,Disorder,49,2022,9
INGLEWOOD,Disorder,39,2022,10
INGLEWOOD,Disorder,27,2022,11
INGLEWOOD,Disorder,32,2022,12
INGLEWOOD,Disorder,37,2023,1
INGLEWOOD,Disorder,23,2023,2
INGLEWOOD,Disorder,35,2023,3
INGLEWOOD,Disorder,50,2023,4
INGLEWOOD,Disorder,53,2023,5
INGLEWOOD,Disorder,46,2023,6
INGLEWOOD,Disorder,75,2023,7
INGLEWOOD,Disorder,46,2023,8
INGLEWOOD,Disorder,52,2023,9
INGLEWOOD,Disorder,35,2023,10
INGLEWOOD,Disorder,33,2023,11
INGLEWOOD,Disorder,49,2023,12
INGLEWOOD,Disorder,23,2024,1
INGLEWOOD,Disorder,38,2024,2
INGLEWOOD,Disorder,24,2024,3
INGLEWOOD,Disorder,40,2024,4
INGLEWOOD,Disorder,52,2024,5
KELVIN GROVE,Disorder,13,2018,1
KELVIN GROVE,Disorder,14,2018,2
KELVIN GROVE,Disorder,12,2018,3
KELVIN GROVE,Disorder,11,2018,4
KELVIN GROVE,Disorder,18,2018,5
KELVIN GROVE,Disorder,13,2018,6
KELVIN GROVE,Disorder,15,2018,7
KELVIN GROVE,Disorder,13,2018,8
KELVIN GROVE,Disorder,13,2018,9
KELVIN GROVE,Disorder,15,2018,10
KELVIN GROVE,Disorder,8,2018,11
KELVIN GROVE,Disorder,8,2018,12
KELVIN GROVE,Disorder,11,2019,1
KELVIN GROVE,Disorder,15,2019,2
KELVIN GROVE,Disorder,17,2019,3
KELVIN GROVE,Disorder,9,2019,4
KELVIN GROVE,Disorder,15,2019,5
KELVIN GROVE,Disorder,5,2019,6
KELVIN GROVE,Disorder,15,2019,7
KELVIN GROVE,Disorder,15,2019,8
KELVIN GROVE,Disorder,12,2019,9
KELVIN GROVE,Disorder,16,2019,10
KELVIN GROVE,Disorder,18,2019,11
KELVIN GROVE,Disorder,15,2019,12
KELVIN GROVE,Disorder,35,2020,1
KELVIN GROVE,Disorder,45,2020,2
KELVIN GROVE,Disorder,19,2020,3
KELVIN GROVE,Disorder,26,2020,4
KELVIN GROVE,Disorder,20,2020,5
KELVIN GROVE,Disorder,10,2020,6
KELVIN GROVE,Disorder,20,2020,7
KELVIN GROVE,Disorder,15,2020,8
KELVIN GROVE,Disorder,11,2020,9
KELVIN GROVE,Disorder,19,2020,10
KELVIN GROVE,Disorder,11,2020,11
KELVIN GROVE,Disorder,11,2020,12
KELVIN GROVE,Disorder,12,2021,1
KELVIN GROVE,Disorder,12,2021,2
KELVIN GROVE,Disorder,15,2021,3
KELVIN GROVE,Disorder,20,2021,4
KELVIN GROVE,Disorder,16,2021,5
KELVIN GROVE,Disorder,17,2021,6
KELVIN GROVE,Disorder,7,2021,7
KELVIN GROVE,Disorder,10,2021,8
KELVIN GROVE,Disorder,13,2021,9
KELVIN GROVE,Disorder,9,2021,10
KELVIN GROVE,Disorder,10,2021,11
KELVIN GROVE,Disorder,3,2021,12
KELVIN GROVE,Disorder,3,2022,1
KELVIN GROVE,Disorder,10,2022,2
KELVIN GROVE,Disorder,10,2022,3
KELVIN GROVE,Disorder,8,2022,4
KELVIN GROVE,Disorder,12,2022,5
KELVIN GROVE,Disorder,11,2022,6
KELVIN GROVE,Disorder,4,2022,7
KELVIN GROVE,Disorder,13,2022,8
KELVIN GROVE,Disorder,15,2022,9
KELVIN GROVE,Disorder,10,2022,10
KELVIN GROVE,Disorder,11,2022,11
KELVIN GROVE,Disorder,6,2022,12
KELVIN GROVE,Disorder,6,2023,1
KELVIN GROVE,Disorder,13,2023,2
KELVIN GROVE,Disorder,9,2023,3
KELVIN GROVE,Disorder,13,2023,4
KELVIN GROVE,Disorder,15,2023,5
KELVIN GROVE,Disorder,5,2023,6
KELVIN GROVE,Disorder,17,2023,7
KELVIN GROVE,Disorder,15,2023,8
KELVIN GROVE,Disorder,26,2023,9
KELVIN GROVE,Disorder,5,2023,10
KELVIN GROVE,Disorder,14,2023,11
KELVIN GROVE,Disorder,8,2023,12
KELVIN GROVE,Disorder,6,2024,1
KELVIN GROVE,Disorder,14,2024,2
KELVIN GROVE,Disorder,6,2024,3
KELVIN GROVE,Disorder,11,2024,4
KELVIN GROVE,Disorder,5,2024,5
KEYSTONE HILLS,Disorder,1,2020,11
KEYSTONE HILLS,Disorder,1,2021,1
KEYSTONE HILLS,Disorder,1,2021,5
KEYSTONE HILLS,Disorder,1,2021,11
KILLARNEY/GLENGARRY,Disorder,68,2018,1
KILLARNEY/GLENGARRY,Disorder,77,2018,2
KILLARNEY/GLENGARRY,Disorder,89,2018,3
KILLARNEY/GLENGARRY,Disorder,77,2018,4
KILLARNEY/GLENGARRY,Disorder,65,2018,5
KILLARNEY/GLENGARRY,Disorder,76,2018,6
KILLARNEY/GLENGARRY,Disorder,51,2018,7
KILLARNEY/GLENGARRY,Disorder,56,2018,8
KILLARNEY/GLENGARRY,Disorder,66,2018,9
KILLARNEY/GLENGARRY,Disorder,54,2018,10
KILLARNEY/GLENGARRY,Disorder,60,2018,11
KILLARNEY/GLENGARRY,Disorder,65,2018,12
KILLARNEY/GLENGARRY,Disorder,56,2019,1
KILLARNEY/GLENGARRY,Disorder,52,2019,2
KILLARNEY/GLENGARRY,Disorder,50,2019,3
KILLARNEY/GLENGARRY,Disorder,65,2019,4
KILLARNEY/GLENGARRY,Disorder,60,2019,5
KILLARNEY/GLENGARRY,Disorder,51,2019,6
KILLARNEY/GLENGARRY,Disorder,66,2019,7
KILLARNEY/GLENGARRY,Disorder,55,2019,8
KILLARNEY/GLENGARRY,Disorder,51,2019,9
KILLARNEY/GLENGARRY,Disorder,58,2019,10
KILLARNEY/GLENGARRY,Disorder,57,2019,11
KILLARNEY/GLENGARRY,Disorder,38,2019,12
KILLARNEY/GLENGARRY,Disorder,57,2020,1
KILLARNEY/GLENGARRY,Disorder,37,2020,2
KILLARNEY/GLENGARRY,Disorder,57,2020,3
KILLARNEY/GLENGARRY,Disorder,73,2020,4
KILLARNEY/GLENGARRY,Disorder,65,2020,5
KILLARNEY/GLENGARRY,Disorder,70,2020,6
KILLARNEY/GLENGARRY,Disorder,77,2020,7
KILLARNEY/GLENGARRY,Disorder,59,2020,8
KILLARNEY/GLENGARRY,Disorder,73,2020,9
KILLARNEY/GLENGARRY,Disorder,69,2020,10
KILLARNEY/GLENGARRY,Disorder,46,2020,11
KILLARNEY/GLENGARRY,Disorder,51,2020,12
KILLARNEY/GLENGARRY,Disorder,60,2021,1
KILLARNEY/GLENGARRY,Disorder,38,2021,2
KILLARNEY/GLENGARRY,Disorder,64,2021,3
KILLARNEY/GLENGARRY,Disorder,57,2021,4
KILLARNEY/GLENGARRY,Disorder,79,2021,5
KILLARNEY/GLENGARRY,Disorder,71,2021,6
KILLARNEY/GLENGARRY,Disorder,144,2021,7
KILLARNEY/GLENGARRY,Disorder,76,2021,8
KILLARNEY/GLENGARRY,Disorder,61,2021,9
KILLARNEY/GLENGARRY,Disorder,70,2021,10
KILLARNEY/GLENGARRY,Disorder,72,2021,11
KILLARNEY/GLENGARRY,Disorder,78,2021,12
KILLARNEY/GLENGARRY,Disorder,66,2022,1
KILLARNEY/GLENGARRY,Disorder,72,2022,2
KILLARNEY/GLENGARRY,Disorder,81,2022,3
KILLARNEY/GLENGARRY,Disorder,92,2022,4
KILLARNEY/GLENGARRY,Disorder,56,2022,5
KILLARNEY/GLENGARRY,Disorder,39,2022,6
KILLARNEY/GLENGARRY,Disorder,50,2022,7
KILLARNEY/GLENGARRY,Disorder,49,2022,8
KILLARNEY/GLENGARRY,Disorder,61,2022,9
KILLARNEY/GLENGARRY,Disorder,44,2022,10
KILLARNEY/GLENGARRY,Disorder,52,2022,11
KILLARNEY/GLENGARRY,Disorder,48,2022,12
KILLARNEY/GLENGARRY,Disorder,58,2023,1
KILLARNEY/GLENGARRY,Disorder,42,2023,2
KILLARNEY/GLENGARRY,Disorder,70,2023,3
KILLARNEY/GLENGARRY,Disorder,78,2023,4
KILLARNEY/GLENGARRY,Disorder,81,2023,5
KILLARNEY/GLENGARRY,Disorder,64,2023,6
KILLARNEY/GLENGARRY,Disorder,77,2023,7
KILLARNEY/GLENGARRY,Disorder,60,2023,8
KILLARNEY/GLENGARRY,Disorder,49,2023,9
KILLARNEY/GLENGARRY,Disorder,59,2023,10
KILLARNEY/GLENGARRY,Disorder,82,2023,11
KILLARNEY/GLENGARRY,Disorder,90,2023,12
KILLARNEY/GLENGARRY,Disorder,85,2024,1
KILLARNEY/GLENGARRY,Disorder,76,2024,2
KILLARNEY/GLENGARRY,Disorder,73,2024,3
KILLARNEY/GLENGARRY,Disorder,58,2024,4
KILLARNEY/GLENGARRY,Disorder,80,2024,5
KINCORA,Disorder,3,2018,1
KINCORA,Disorder,12,2018,2
KINCORA,Disorder,9,2018,3
KINCORA,Disorder,7,2018,4
KINCORA,Disorder,9,2018,5
KINCORA,Disorder,9,2018,6
KINCORA,Disorder,6,2018,7
KINCORA,Disorder,10,2018,8
KINCORA,Disorder,8,2018,9
KINCORA,Disorder,8,2018,10
KINCORA,Disorder,7,2018,11
KINCORA,Disorder,9,2018,12
KINCORA,Disorder,10,2019,1
KINCORA,Disorder,5,2019,2
KINCORA,Disorder,7,2019,3
KINCORA,Disorder,10,2019,4
KINCORA,Disorder,5,2019,5
KINCORA,Disorder,15,2019,6
KINCORA,Disorder,11,2019,7
KINCORA,Disorder,6,2019,8
KINCORA,Disorder,15,2019,9
KINCORA,Disorder,12,2019,10
KINCORA,Disorder,8,2019,11
KINCORA,Disorder,9,2019,12
KINCORA,Disorder,9,2020,1
KINCORA,Disorder,7,2020,2
KINCORA,Disorder,10,2020,3
KINCORA,Disorder,19,2020,4
KINCORA,Disorder,19,2020,5
KINCORA,Disorder,15,2020,6
KINCORA,Disorder,17,2020,7
KINCORA,Disorder,11,2020,8
KINCORA,Disorder,3,2020,9
KINCORA,Disorder,10,2020,10
KINCORA,Disorder,9,2020,11
KINCORA,Disorder,5,2020,12
KINCORA,Disorder,8,2021,1
KINCORA,Disorder,9,2021,2
KINCORA,Disorder,7,2021,3
KINCORA,Disorder,15,2021,4
KINCORA,Disorder,11,2021,5
KINCORA,Disorder,10,2021,6
KINCORA,Disorder,10,2021,7
KINCORA,Disorder,17,2021,8
KINCORA,Disorder,8,2021,9
KINCORA,Disorder,7,2021,10
KINCORA,Disorder,7,2021,11
KINCORA,Disorder,10,2021,12
KINCORA,Disorder,8,2022,1
KINCORA,Disorder,5,2022,2
KINCORA,Disorder,9,2022,3
KINCORA,Disorder,10,2022,4
KINCORA,Disorder,10,2022,5
KINCORA,Disorder,7,2022,6
KINCORA,Disorder,13,2022,7
KINCORA,Disorder,9,2022,8
KINCORA,Disorder,6,2022,9
KINCORA,Disorder,4,2022,10
KINCORA,Disorder,2,2022,11
KINCORA,Disorder,6,2022,12
KINCORA,Disorder,10,2023,1
KINCORA,Disorder,7,2023,2
KINCORA,Disorder,8,2023,3
KINCORA,Disorder,6,2023,4
KINCORA,Disorder,4,2023,5
KINCORA,Disorder,12,2023,6
KINCORA,Disorder,6,2023,7
KINCORA,Disorder,7,2023,8
KINCORA,Disorder,11,2023,9
KINCORA,Disorder,11,2023,10
KINCORA,Disorder,6,2023,11
KINCORA,Disorder,4,2023,12
KINCORA,Disorder,4,2024,1
KINCORA,Disorder,4,2024,2
KINCORA,Disorder,6,2024,3
KINCORA,Disorder,3,2024,4
KINCORA,Disorder,6,2024,5
KINGSLAND,Disorder,45,2018,1
KINGSLAND,Disorder,47,2018,2
KINGSLAND,Disorder,47,2018,3
KINGSLAND,Disorder,51,2018,4
KINGSLAND,Disorder,77,2018,5
KINGSLAND,Disorder,79,2018,6
KINGSLAND,Disorder,97,2018,7
KINGSLAND,Disorder,100,2018,8
KINGSLAND,Disorder,111,2018,9
KINGSLAND,Disorder,85,2018,10
KINGSLAND,Disorder,89,2018,11
KINGSLAND,Disorder,87,2018,12
KINGSLAND,Disorder,75,2019,1
KINGSLAND,Disorder,68,2019,2
KINGSLAND,Disorder,39,2019,3
KINGSLAND,Disorder,62,2019,4
KINGSLAND,Disorder,73,2019,5
KINGSLAND,Disorder,96,2019,6
KINGSLAND,Disorder,102,2019,7
KINGSLAND,Disorder,96,2019,8
KINGSLAND,Disorder,93,2019,9
KINGSLAND,Disorder,101,2019,10
KINGSLAND,Disorder,88,2019,11
KINGSLAND,Disorder,93,2019,12
KINGSLAND,Disorder,109,2020,1
KINGSLAND,Disorder,134,2020,2
KINGSLAND,Disorder,154,2020,3
KINGSLAND,Disorder,109,2020,4
KINGSLAND,Disorder,95,2020,5
KINGSLAND,Disorder,77,2020,6
KINGSLAND,Disorder,61,2020,7
KINGSLAND,Disorder,69,2020,8
KINGSLAND,Disorder,67,2020,9
KINGSLAND,Disorder,81,2020,10
KINGSLAND,Disorder,98,2020,11
KINGSLAND,Disorder,85,2020,12
KINGSLAND,Disorder,97,2021,1
KINGSLAND,Disorder,73,2021,2
KINGSLAND,Disorder,112,2021,3
KINGSLAND,Disorder,96,2021,4
KINGSLAND,Disorder,64,2021,5
KINGSLAND,Disorder,72,2021,6
KINGSLAND,Disorder,66,2021,7
KINGSLAND,Disorder,45,2021,8
KINGSLAND,Disorder,65,2021,9
KINGSLAND,Disorder,47,2021,10
KINGSLAND,Disorder,65,2021,11
KINGSLAND,Disorder,67,2021,12
KINGSLAND,Disorder,64,2022,1
KINGSLAND,Disorder,58,2022,2
KINGSLAND,Disorder,70,2022,3
KINGSLAND,Disorder,78,2022,4
KINGSLAND,Disorder,61,2022,5
KINGSLAND,Disorder,84,2022,6
KINGSLAND,Disorder,78,2022,7
KINGSLAND,Disorder,92,2022,8
KINGSLAND,Disorder,80,2022,9
KINGSLAND,Disorder,55,2022,10
KINGSLAND,Disorder,67,2022,11
KINGSLAND,Disorder,67,2022,12
KINGSLAND,Disorder,69,2023,1
KINGSLAND,Disorder,63,2023,2
KINGSLAND,Disorder,75,2023,3
KINGSLAND,Disorder,75,2023,4
KINGSLAND,Disorder,140,2023,5
KINGSLAND,Disorder,129,2023,6
KINGSLAND,Disorder,93,2023,7
KINGSLAND,Disorder,77,2023,8
KINGSLAND,Disorder,77,2023,9
KINGSLAND,Disorder,68,2023,10
KINGSLAND,Disorder,75,2023,11
KINGSLAND,Disorder,46,2023,12
KINGSLAND,Disorder,47,2024,1
KINGSLAND,Disorder,38,2024,2
KINGSLAND,Disorder,56,2024,3
KINGSLAND,Disorder,56,2024,4
KINGSLAND,Disorder,53,2024,5
LAKE BONAVISTA,Disorder,25,2018,1
LAKE BONAVISTA,Disorder,24,2018,2
LAKE BONAVISTA,Disorder,32,2018,3
LAKE BONAVISTA,Disorder,28,2018,4
LAKE BONAVISTA,Disorder,30,2018,5
LAKE BONAVISTA,Disorder,34,2018,6
LAKE BONAVISTA,Disorder,30,2018,7
LAKE BONAVISTA,Disorder,37,2018,8
LAKE BONAVISTA,Disorder,27,2018,9
LAKE BONAVISTA,Disorder,31,2018,10
LAKE BONAVISTA,Disorder,28,2018,11
LAKE BONAVISTA,Disorder,15,2018,12
LAKE BONAVISTA,Disorder,25,2019,1
LAKE BONAVISTA,Disorder,18,2019,2
LAKE BONAVISTA,Disorder,28,2019,3
LAKE BONAVISTA,Disorder,26,2019,4
LAKE BONAVISTA,Disorder,26,2019,5
LAKE BONAVISTA,Disorder,30,2019,6
LAKE BONAVISTA,Disorder,30,2019,7
LAKE BONAVISTA,Disorder,37,2019,8
LAKE BONAVISTA,Disorder,33,2019,9
LAKE BONAVISTA,Disorder,42,2019,10
LAKE BONAVISTA,Disorder,26,2019,11
LAKE BONAVISTA,Disorder,32,2019,12
LAKE BONAVISTA,Disorder,27,2020,1
LAKE BONAVISTA,Disorder,33,2020,2
LAKE BONAVISTA,Disorder,25,2020,3
LAKE BONAVISTA,Disorder,38,2020,4
LAKE BONAVISTA,Disorder,41,2020,5
LAKE BONAVISTA,Disorder,37,2020,6
LAKE BONAVISTA,Disorder,33,2020,7
LAKE BONAVISTA,Disorder,19,2020,8
LAKE BONAVISTA,Disorder,26,2020,9
LAKE BONAVISTA,Disorder,36,2020,10
LAKE BONAVISTA,Disorder,40,2020,11
LAKE BONAVISTA,Disorder,40,2020,12
LAKE BONAVISTA,Disorder,33,2021,1
LAKE BONAVISTA,Disorder,36,2021,2
LAKE BONAVISTA,Disorder,37,2021,3
LAKE BONAVISTA,Disorder,25,2021,4
LAKE BONAVISTA,Disorder,28,2021,5
LAKE BONAVISTA,Disorder,29,2021,6
LAKE BONAVISTA,Disorder,26,2021,7
LAKE BONAVISTA,Disorder,39,2021,8
LAKE BONAVISTA,Disorder,29,2021,9
LAKE BONAVISTA,Disorder,19,2021,10
LAKE BONAVISTA,Disorder,35,2021,11
LAKE BONAVISTA,Disorder,26,2021,12
LAKE BONAVISTA,Disorder,11,2022,1
LAKE BONAVISTA,Disorder,31,2022,2
LAKE BONAVISTA,Disorder,20,2022,3
LAKE BONAVISTA,Disorder,18,2022,4
LAKE BONAVISTA,Disorder,25,2022,5
LAKE BONAVISTA,Disorder,32,2022,6
LAKE BONAVISTA,Disorder,22,2022,7
LAKE BONAVISTA,Disorder,24,2022,8
LAKE BONAVISTA,Disorder,27,2022,9
LAKE BONAVISTA,Disorder,27,2022,10
LAKE BONAVISTA,Disorder,15,2022,11
LAKE BONAVISTA,Disorder,15,2022,12
LAKE BONAVISTA,Disorder,15,2023,1
LAKE BONAVISTA,Disorder,18,2023,2
LAKE BONAVISTA,Disorder,26,2023,3
LAKE BONAVISTA,Disorder,27,2023,4
LAKE BONAVISTA,Disorder,29,2023,5
LAKE BONAVISTA,Disorder,27,2023,6
LAKE BONAVISTA,Disorder,29,2023,7
LAKE BONAVISTA,Disorder,18,2023,8
LAKE BONAVISTA,Disorder,21,2023,9
LAKE BONAVISTA,Disorder,19,2023,10
LAKE BONAVISTA,Disorder,8,2023,11
LAKE BONAVISTA,Disorder,19,2023,12
LAKE BONAVISTA,Disorder,19,2024,1
LAKE BONAVISTA,Disorder,8,2024,2
LAKE BONAVISTA,Disorder,14,2024,3
LAKE BONAVISTA,Disorder,20,2024,4
LAKE BONAVISTA,Disorder,24,2024,5
LAKEVIEW,Disorder,11,2018,1
LAKEVIEW,Disorder,7,2018,2
LAKEVIEW,Disorder,5,2018,3
LAKEVIEW,Disorder,10,2018,4
LAKEVIEW,Disorder,9,2018,5
LAKEVIEW,Disorder,6,2018,6
LAKEVIEW,Disorder,15,2018,7
LAKEVIEW,Disorder,20,2018,8
LAKEVIEW,Disorder,14,2018,9
LAKEVIEW,Disorder,11,2018,10
LAKEVIEW,Disorder,9,2018,11
LAKEVIEW,Disorder,5,2018,12
LAKEVIEW,Disorder,8,2019,1
LAKEVIEW,Disorder,10,2019,2
LAKEVIEW,Disorder,10,2019,3
LAKEVIEW,Disorder,11,2019,4
LAKEVIEW,Disorder,11,2019,5
LAKEVIEW,Disorder,14,2019,6
LAKEVIEW,Disorder,10,2019,7
LAKEVIEW,Disorder,13,2019,8
LAKEVIEW,Disorder,7,2019,9
LAKEVIEW,Disorder,8,2019,10
LAKEVIEW,Disorder,12,2019,11
LAKEVIEW,Disorder,5,2019,12
LAKEVIEW,Disorder,5,2020,1
LAKEVIEW,Disorder,7,2020,2
LAKEVIEW,Disorder,4,2020,3
LAKEVIEW,Disorder,18,2020,4
LAKEVIEW,Disorder,17,2020,5
LAKEVIEW,Disorder,13,2020,6
LAKEVIEW,Disorder,7,2020,7
LAKEVIEW,Disorder,17,2020,8
LAKEVIEW,Disorder,11,2020,9
LAKEVIEW,Disorder,6,2020,10
LAKEVIEW,Disorder,8,2020,11
LAKEVIEW,Disorder,3,2020,12
LAKEVIEW,Disorder,2,2021,1
LAKEVIEW,Disorder,5,2021,2
LAKEVIEW,Disorder,20,2021,3
LAKEVIEW,Disorder,4,2021,4
LAKEVIEW,Disorder,10,2021,5
LAKEVIEW,Disorder,7,2021,6
LAKEVIEW,Disorder,8,2021,7
LAKEVIEW,Disorder,11,2021,8
LAKEVIEW,Disorder,14,2021,9
LAKEVIEW,Disorder,7,2021,10
LAKEVIEW,Disorder,9,2021,11
LAKEVIEW,Disorder,9,2021,12
LAKEVIEW,Disorder,7,2022,1
LAKEVIEW,Disorder,4,2022,2
LAKEVIEW,Disorder,10,2022,3
LAKEVIEW,Disorder,11,2022,4
LAKEVIEW,Disorder,10,2022,5
LAKEVIEW,Disorder,14,2022,6
LAKEVIEW,Disorder,13,2022,7
LAKEVIEW,Disorder,6,2022,8
LAKEVIEW,Disorder,12,2022,9
LAKEVIEW,Disorder,16,2022,10
LAKEVIEW,Disorder,4,2022,11
LAKEVIEW,Disorder,6,2022,12
LAKEVIEW,Disorder,2,2023,1
LAKEVIEW,Disorder,4,2023,2
LAKEVIEW,Disorder,8,2023,3
LAKEVIEW,Disorder,9,2023,4
LAKEVIEW,Disorder,11,2023,5
LAKEVIEW,Disorder,9,2023,6
LAKEVIEW,Disorder,14,2023,7
LAKEVIEW,Disorder,6,2023,8
LAKEVIEW,Disorder,7,2023,9
LAKEVIEW,Disorder,8,2023,10
LAKEVIEW,Disorder,6,2023,11
LAKEVIEW,Disorder,6,2023,12
LAKEVIEW,Disorder,4,2024,1
LAKEVIEW,Disorder,17,2024,2
LAKEVIEW,Disorder,11,2024,3
LAKEVIEW,Disorder,10,2024,4
LAKEVIEW,Disorder,4,2024,5
LEGACY,Disorder,5,2018,1
LEGACY,Disorder,10,2018,2
LEGACY,Disorder,2,2018,3
LEGACY,Disorder,11,2018,4
LEGACY,Disorder,15,2018,5
LEGACY,Disorder,17,2018,6
LEGACY,Disorder,20,2018,7
LEGACY,Disorder,15,2018,8
LEGACY,Disorder,17,2018,9
LEGACY,Disorder,10,2018,10
LEGACY,Disorder,7,2018,11
LEGACY,Disorder,11,2018,12
LEGACY,Disorder,14,2019,1
LEGACY,Disorder,10,2019,2
LEGACY,Disorder,12,2019,3
LEGACY,Disorder,10,2019,4
LEGACY,Disorder,11,2019,5
LEGACY,Disorder,18,2019,6
LEGACY,Disorder,17,2019,7
LEGACY,Disorder,16,2019,8
LEGACY,Disorder,10,2019,9
LEGACY,Disorder,11,2019,10
LEGACY,Disorder,16,2019,11
LEGACY,Disorder,16,2019,12
LEGACY,Disorder,15,2020,1
LEGACY,Disorder,12,2020,2
LEGACY,Disorder,14,2020,3
LEGACY,Disorder,19,2020,4
LEGACY,Disorder,22,2020,5
LEGACY,Disorder,18,2020,6
LEGACY,Disorder,25,2020,7
LEGACY,Disorder,18,2020,8
LEGACY,Disorder,21,2020,9
LEGACY,Disorder,9,2020,10
LEGACY,Disorder,10,2020,11
LEGACY,Disorder,13,2020,12
LEGACY,Disorder,9,2021,1
LEGACY,Disorder,17,2021,2
LEGACY,Disorder,9,2021,3
LEGACY,Disorder,8,2021,4
LEGACY,Disorder,11,2021,5
LEGACY,Disorder,10,2021,6
LEGACY,Disorder,16,2021,7
LEGACY,Disorder,9,2021,8
LEGACY,Disorder,10,2021,9
LEGACY,Disorder,13,2021,10
LEGACY,Disorder,14,2021,11
LEGACY,Disorder,6,2021,12
LEGACY,Disorder,7,2022,1
LEGACY,Disorder,12,2022,2
LEGACY,Disorder,19,2022,3
LEGACY,Disorder,16,2022,4
LEGACY,Disorder,11,2022,5
LEGACY,Disorder,11,2022,6
LEGACY,Disorder,16,2022,7
LEGACY,Disorder,14,2022,8
LEGACY,Disorder,12,2022,9
LEGACY,Disorder,13,2022,10
LEGACY,Disorder,13,2022,11
LEGACY,Disorder,18,2022,12
LEGACY,Disorder,19,2023,1
LEGACY,Disorder,18,2023,2
LEGACY,Disorder,7,2023,3
LEGACY,Disorder,22,2023,4
LEGACY,Disorder,22,2023,5
LEGACY,Disorder,22,2023,6
LEGACY,Disorder,27,2023,7
LEGACY,Disorder,24,2023,8
LEGACY,Disorder,27,2023,9
LEGACY,Disorder,17,2023,10
LEGACY,Disorder,14,2023,11
LEGACY,Disorder,12,2023,12
LEGACY,Disorder,9,2024,1
LEGACY,Disorder,12,2024,2
LEGACY,Disorder,20,2024,3
LEGACY,Disorder,16,2024,4
LEGACY,Disorder,21,2024,5
LINCOLN PARK,Disorder,4,2018,1
LINCOLN PARK,Disorder,6,2018,2
LINCOLN PARK,Disorder,9,2018,3
LINCOLN PARK,Disorder,6,2018,4
LINCOLN PARK,Disorder,11,2018,5
LINCOLN PARK,Disorder,7,2018,6
LINCOLN PARK,Disorder,4,2018,7
LINCOLN PARK,Disorder,10,2018,8
LINCOLN PARK,Disorder,8,2018,9
LINCOLN PARK,Disorder,11,2018,10
LINCOLN PARK,Disorder,18,2018,11
LINCOLN PARK,Disorder,8,2018,12
LINCOLN PARK,Disorder,10,2019,1
LINCOLN PARK,Disorder,5,2019,3
LINCOLN PARK,Disorder,15,2019,4
LINCOLN PARK,Disorder,12,2019,5
LINCOLN PARK,Disorder,8,2019,6
LINCOLN PARK,Disorder,6,2019,7
LINCOLN PARK,Disorder,12,2019,8
LINCOLN PARK,Disorder,9,2019,9
LINCOLN PARK,Disorder,7,2019,10
LINCOLN PARK,Disorder,9,2019,11
LINCOLN PARK,Disorder,8,2019,12
LINCOLN PARK,Disorder,9,2020,1
LINCOLN PARK,Disorder,5,2020,2
LINCOLN PARK,Disorder,14,2020,3
LINCOLN PARK,Disorder,13,2020,4
LINCOLN PARK,Disorder,12,2020,5
LINCOLN PARK,Disorder,8,2020,6
LINCOLN PARK,Disorder,5,2020,7
LINCOLN PARK,Disorder,5,2020,8
LINCOLN PARK,Disorder,10,2020,9
LINCOLN PARK,Disorder,6,2020,10
LINCOLN PARK,Disorder,8,2020,11
LINCOLN PARK,Disorder,6,2020,12
LINCOLN PARK,Disorder,5,2021,1
LINCOLN PARK,Disorder,7,2021,2
LINCOLN PARK,Disorder,7,2021,3
LINCOLN PARK,Disorder,6,2021,4
LINCOLN PARK,Disorder,4,2021,5
LINCOLN PARK,Disorder,3,2021,6
LINCOLN PARK,Disorder,6,2021,7
LINCOLN PARK,Disorder,10,2021,8
LINCOLN PARK,Disorder,9,2021,9
LINCOLN PARK,Disorder,13,2021,10
LINCOLN PARK,Disorder,22,2021,11
LINCOLN PARK,Disorder,7,2021,12
LINCOLN PARK,Disorder,4,2022,1
LINCOLN PARK,Disorder,9,2022,2
LINCOLN PARK,Disorder,8,2022,3
LINCOLN PARK,Disorder,7,2022,4
LINCOLN PARK,Disorder,5,2022,5
LINCOLN PARK,Disorder,9,2022,6
LINCOLN PARK,Disorder,12,2022,7
LINCOLN PARK,Disorder,13,2022,8
LINCOLN PARK,Disorder,12,2022,9
LINCOLN PARK,Disorder,12,2022,10
LINCOLN PARK,Disorder,10,2022,11
LINCOLN PARK,Disorder,13,2022,12
LINCOLN PARK,Disorder,8,2023,1
LINCOLN PARK,Disorder,9,2023,2
LINCOLN PARK,Disorder,7,2023,3
LINCOLN PARK,Disorder,9,2023,4
LINCOLN PARK,Disorder,10,2023,5
LINCOLN PARK,Disorder,6,2023,6
LINCOLN PARK,Disorder,5,2023,7
LINCOLN PARK,Disorder,9,2023,8
LINCOLN PARK,Disorder,9,2023,9
LINCOLN PARK,Disorder,9,2023,10
LINCOLN PARK,Disorder,6,2023,11
LINCOLN PARK,Disorder,8,2023,12
LINCOLN PARK,Disorder,6,2024,1
LINCOLN PARK,Disorder,11,2024,2
LINCOLN PARK,Disorder,4,2024,3
LINCOLN PARK,Disorder,9,2024,4
LINCOLN PARK,Disorder,11,2024,5
LIVINGSTON,Disorder,3,2020,10
LIVINGSTON,Disorder,4,2020,11
LIVINGSTON,Disorder,3,2020,12
LIVINGSTON,Disorder,6,2021,1
LIVINGSTON,Disorder,4,2021,2
LIVINGSTON,Disorder,3,2021,3
LIVINGSTON,Disorder,7,2021,4
LIVINGSTON,Disorder,12,2021,5
LIVINGSTON,Disorder,6,2021,6
LIVINGSTON,Disorder,6,2021,7
LIVINGSTON,Disorder,7,2021,8
LIVINGSTON,Disorder,11,2021,9
LIVINGSTON,Disorder,3,2021,10
LIVINGSTON,Disorder,1,2021,11
LIVINGSTON,Disorder,5,2021,12
LIVINGSTON,Disorder,3,2022,1
LIVINGSTON,Disorder,3,2022,2
LIVINGSTON,Disorder,8,2022,3
LIVINGSTON,Disorder,10,2022,4
LIVINGSTON,Disorder,8,2022,5
LIVINGSTON,Disorder,9,2022,6
LIVINGSTON,Disorder,13,2022,7
LIVINGSTON,Disorder,6,2022,8
LIVINGSTON,Disorder,8,2022,9
LIVINGSTON,Disorder,13,2022,10
LIVINGSTON,Disorder,2,2022,11
LIVINGSTON,Disorder,11,2022,12
LIVINGSTON,Disorder,15,2023,1
LIVINGSTON,Disorder,17,2023,2
LIVINGSTON,Disorder,8,2023,3
LIVINGSTON,Disorder,10,2023,4
LIVINGSTON,Disorder,4,2023,5
LIVINGSTON,Disorder,17,2023,6
LIVINGSTON,Disorder,11,2023,7
LIVINGSTON,Disorder,15,2023,8
LIVINGSTON,Disorder,16,2023,9
LIVINGSTON,Disorder,16,2023,10
LIVINGSTON,Disorder,13,2023,11
LIVINGSTON,Disorder,12,2023,12
LIVINGSTON,Disorder,13,2024,1
LIVINGSTON,Disorder,14,2024,2
LIVINGSTON,Disorder,7,2024,3
LIVINGSTON,Disorder,11,2024,4
LIVINGSTON,Disorder,20,2024,5
LOWER MOUNT ROYAL,Disorder,52,2018,1
LOWER MOUNT ROYAL,Disorder,53,2018,2
LOWER MOUNT ROYAL,Disorder,61,2018,3
LOWER MOUNT ROYAL,Disorder,49,2018,4
LOWER MOUNT ROYAL,Disorder,85,2018,5
LOWER MOUNT ROYAL,Disorder,78,2018,6
LOWER MOUNT ROYAL,Disorder,83,2018,7
LOWER MOUNT ROYAL,Disorder,70,2018,8
LOWER MOUNT ROYAL,Disorder,65,2018,9
LOWER MOUNT ROYAL,Disorder,78,2018,10
LOWER MOUNT ROYAL,Disorder,78,2018,11
LOWER MOUNT ROYAL,Disorder,66,2018,12
LOWER MOUNT ROYAL,Disorder,61,2019,1
LOWER MOUNT ROYAL,Disorder,41,2019,2
LOWER MOUNT ROYAL,Disorder,46,2019,3
LOWER MOUNT ROYAL,Disorder,61,2019,4
LOWER MOUNT ROYAL,Disorder,72,2019,5
LOWER MOUNT ROYAL,Disorder,77,2019,6
LOWER MOUNT ROYAL,Disorder,69,2019,7
LOWER MOUNT ROYAL,Disorder,44,2019,8
LOWER MOUNT ROYAL,Disorder,49,2019,9
LOWER MOUNT ROYAL,Disorder,47,2019,10
LOWER MOUNT ROYAL,Disorder,50,2019,11
LOWER MOUNT ROYAL,Disorder,58,2019,12
LOWER MOUNT ROYAL,Disorder,60,2020,1
LOWER MOUNT ROYAL,Disorder,47,2020,2
LOWER MOUNT ROYAL,Disorder,48,2020,3
LOWER MOUNT ROYAL,Disorder,66,2020,4
LOWER MOUNT ROYAL,Disorder,119,2020,5
LOWER MOUNT ROYAL,Disorder,149,2020,6
LOWER MOUNT ROYAL,Disorder,87,2020,7
LOWER MOUNT ROYAL,Disorder,95,2020,8
LOWER MOUNT ROYAL,Disorder,101,2020,9
LOWER MOUNT ROYAL,Disorder,75,2020,10
LOWER MOUNT ROYAL,Disorder,84,2020,11
LOWER MOUNT ROYAL,Disorder,57,2020,12
LOWER MOUNT ROYAL,Disorder,54,2021,1
LOWER MOUNT ROYAL,Disorder,44,2021,2
LOWER MOUNT ROYAL,Disorder,67,2021,3
LOWER MOUNT ROYAL,Disorder,56,2021,4
LOWER MOUNT ROYAL,Disorder,50,2021,5
LOWER MOUNT ROYAL,Disorder,83,2021,6
LOWER MOUNT ROYAL,Disorder,94,2021,7
LOWER MOUNT ROYAL,Disorder,74,2021,8
LOWER MOUNT ROYAL,Disorder,51,2021,9
LOWER MOUNT ROYAL,Disorder,60,2021,10
LOWER MOUNT ROYAL,Disorder,50,2021,11
LOWER MOUNT ROYAL,Disorder,42,2021,12
LOWER MOUNT ROYAL,Disorder,60,2022,1
LOWER MOUNT ROYAL,Disorder,43,2022,2
LOWER MOUNT ROYAL,Disorder,50,2022,3
LOWER MOUNT ROYAL,Disorder,42,2022,4
LOWER MOUNT ROYAL,Disorder,45,2022,5
LOWER MOUNT ROYAL,Disorder,33,2022,6
LOWER MOUNT ROYAL,Disorder,50,2022,7
LOWER MOUNT ROYAL,Disorder,48,2022,8
LOWER MOUNT ROYAL,Disorder,57,2022,9
LOWER MOUNT ROYAL,Disorder,54,2022,10
LOWER MOUNT ROYAL,Disorder,44,2022,11
LOWER MOUNT ROYAL,Disorder,30,2022,12
LOWER MOUNT ROYAL,Disorder,41,2023,1
LOWER MOUNT ROYAL,Disorder,37,2023,2
LOWER MOUNT ROYAL,Disorder,36,2023,3
LOWER MOUNT ROYAL,Disorder,50,2023,4
LOWER MOUNT ROYAL,Disorder,48,2023,5
LOWER MOUNT ROYAL,Disorder,44,2023,6
LOWER MOUNT ROYAL,Disorder,49,2023,7
LOWER MOUNT ROYAL,Disorder,39,2023,8
LOWER MOUNT ROYAL,Disorder,36,2023,9
LOWER MOUNT ROYAL,Disorder,49,2023,10
LOWER MOUNT ROYAL,Disorder,27,2023,11
LOWER MOUNT ROYAL,Disorder,38,2023,12
LOWER MOUNT ROYAL,Disorder,21,2024,1
LOWER MOUNT ROYAL,Disorder,32,2024,2
LOWER MOUNT ROYAL,Disorder,30,2024,3
LOWER MOUNT ROYAL,Disorder,44,2024,4
LOWER MOUNT ROYAL,Disorder,44,2024,5
MACEWAN GLEN,Disorder,4,2018,1
MACEWAN GLEN,Disorder,3,2018,2
MACEWAN GLEN,Disorder,9,2018,3
MACEWAN GLEN,Disorder,4,2018,4
MACEWAN GLEN,Disorder,9,2018,5
MACEWAN GLEN,Disorder,5,2018,6
MACEWAN GLEN,Disorder,12,2018,7
MACEWAN GLEN,Disorder,6,2018,8
MACEWAN GLEN,Disorder,4,2018,9
MACEWAN GLEN,Disorder,5,2018,10
MACEWAN GLEN,Disorder,4,2018,11
MACEWAN GLEN,Disorder,4,2018,12
MACEWAN GLEN,Disorder,3,2019,1
MACEWAN GLEN,Disorder,3,2019,2
MACEWAN GLEN,Disorder,9,2019,3
MACEWAN GLEN,Disorder,10,2019,4
MACEWAN GLEN,Disorder,12,2019,5
MACEWAN GLEN,Disorder,8,2019,6
MACEWAN GLEN,Disorder,15,2019,7
MACEWAN GLEN,Disorder,12,2019,8
MACEWAN GLEN,Disorder,6,2019,9
MACEWAN GLEN,Disorder,7,2019,10
MACEWAN GLEN,Disorder,2,2019,11
MACEWAN GLEN,Disorder,11,2019,12
MACEWAN GLEN,Disorder,6,2020,1
MACEWAN GLEN,Disorder,4,2020,2
MACEWAN GLEN,Disorder,8,2020,3
MACEWAN GLEN,Disorder,9,2020,4
MACEWAN GLEN,Disorder,13,2020,5
MACEWAN GLEN,Disorder,8,2020,6
MACEWAN GLEN,Disorder,6,2020,7
MACEWAN GLEN,Disorder,10,2020,8
MACEWAN GLEN,Disorder,7,2020,9
MACEWAN GLEN,Disorder,4,2020,10
MACEWAN GLEN,Disorder,8,2020,11
MACEWAN GLEN,Disorder,1,2020,12
MACEWAN GLEN,Disorder,1,2021,1
MACEWAN GLEN,Disorder,2,2021,2
MACEWAN GLEN,Disorder,8,2021,3
MACEWAN GLEN,Disorder,7,2021,4
MACEWAN GLEN,Disorder,11,2021,5
MACEWAN GLEN,Disorder,7,2021,6
MACEWAN GLEN,Disorder,7,2021,7
MACEWAN GLEN,Disorder,4,2021,8
MACEWAN GLEN,Disorder,7,2021,9
MACEWAN GLEN,Disorder,9,2021,10
MACEWAN GLEN,Disorder,5,2021,11
MACEWAN GLEN,Disorder,5,2021,12
MACEWAN GLEN,Disorder,4,2022,1
MACEWAN GLEN,Disorder,3,2022,2
MACEWAN GLEN,Disorder,10,2022,3
MACEWAN GLEN,Disorder,7,2022,4
MACEWAN GLEN,Disorder,6,2022,5
MACEWAN GLEN,Disorder,6,2022,6
MACEWAN GLEN,Disorder,8,2022,7
MACEWAN GLEN,Disorder,3,2022,8
MACEWAN GLEN,Disorder,10,2022,9
MACEWAN GLEN,Disorder,3,2022,10
MACEWAN GLEN,Disorder,5,2022,11
MACEWAN GLEN,Disorder,3,2022,12
MACEWAN GLEN,Disorder,3,2023,1
MACEWAN GLEN,Disorder,4,2023,2
MACEWAN GLEN,Disorder,2,2023,3
MACEWAN GLEN,Disorder,6,2023,4
MACEWAN GLEN,Disorder,11,2023,5
MACEWAN GLEN,Disorder,12,2023,6
MACEWAN GLEN,Disorder,6,2023,7
MACEWAN GLEN,Disorder,13,2023,8
MACEWAN GLEN,Disorder,5,2023,9
MACEWAN GLEN,Disorder,6,2023,10
MACEWAN GLEN,Disorder,3,2023,11
MACEWAN GLEN,Disorder,5,2023,12
MACEWAN GLEN,Disorder,11,2024,1
MACEWAN GLEN,Disorder,6,2024,2
MACEWAN GLEN,Disorder,4,2024,3
MACEWAN GLEN,Disorder,10,2024,4
MACEWAN GLEN,Disorder,4,2024,5
MAHOGANY,Disorder,17,2018,1
MAHOGANY,Disorder,9,2018,2
MAHOGANY,Disorder,13,2018,3
MAHOGANY,Disorder,9,2018,4
MAHOGANY,Disorder,14,2018,5
MAHOGANY,Disorder,19,2018,6
MAHOGANY,Disorder,15,2018,7
MAHOGANY,Disorder,16,2018,8
MAHOGANY,Disorder,22,2018,9
MAHOGANY,Disorder,18,2018,10
MAHOGANY,Disorder,21,2018,11
MAHOGANY,Disorder,11,2018,12
MAHOGANY,Disorder,21,2019,1
MAHOGANY,Disorder,13,2019,2
MAHOGANY,Disorder,22,2019,3
MAHOGANY,Disorder,8,2019,4
MAHOGANY,Disorder,11,2019,5
MAHOGANY,Disorder,15,2019,6
MAHOGANY,Disorder,29,2019,7
MAHOGANY,Disorder,23,2019,8
MAHOGANY,Disorder,23,2019,9
MAHOGANY,Disorder,13,2019,10
MAHOGANY,Disorder,21,2019,11
MAHOGANY,Disorder,18,2019,12
MAHOGANY,Disorder,18,2020,1
MAHOGANY,Disorder,18,2020,2
MAHOGANY,Disorder,18,2020,3
MAHOGANY,Disorder,14,2020,4
MAHOGANY,Disorder,43,2020,5
MAHOGANY,Disorder,24,2020,6
MAHOGANY,Disorder,34,2020,7
MAHOGANY,Disorder,30,2020,8
MAHOGANY,Disorder,18,2020,9
MAHOGANY,Disorder,15,2020,10
MAHOGANY,Disorder,17,2020,11
MAHOGANY,Disorder,11,2020,12
MAHOGANY,Disorder,14,2021,1
MAHOGANY,Disorder,9,2021,2
MAHOGANY,Disorder,16,2021,3
MAHOGANY,Disorder,19,2021,4
MAHOGANY,Disorder,33,2021,5
MAHOGANY,Disorder,43,2021,6
MAHOGANY,Disorder,29,2021,7
MAHOGANY,Disorder,24,2021,8
MAHOGANY,Disorder,14,2021,9
MAHOGANY,Disorder,23,2021,10
MAHOGANY,Disorder,14,2021,11
MAHOGANY,Disorder,18,2021,12
MAHOGANY,Disorder,26,2022,1
MAHOGANY,Disorder,23,2022,2
MAHOGANY,Disorder,31,2022,3
MAHOGANY,Disorder,19,2022,4
MAHOGANY,Disorder,32,2022,5
MAHOGANY,Disorder,19,2022,6
MAHOGANY,Disorder,36,2022,7
MAHOGANY,Disorder,15,2022,8
MAHOGANY,Disorder,17,2022,9
MAHOGANY,Disorder,16,2022,10
MAHOGANY,Disorder,30,2022,11
MAHOGANY,Disorder,17,2022,12
MAHOGANY,Disorder,24,2023,1
MAHOGANY,Disorder,22,2023,2
MAHOGANY,Disorder,19,2023,3
MAHOGANY,Disorder,25,2023,4
MAHOGANY,Disorder,25,2023,5
MAHOGANY,Disorder,29,2023,6
MAHOGANY,Disorder,19,2023,7
MAHOGANY,Disorder,27,2023,8
MAHOGANY,Disorder,29,2023,9
MAHOGANY,Disorder,38,2023,10
MAHOGANY,Disorder,15,2023,11
MAHOGANY,Disorder,23,2023,12
MAHOGANY,Disorder,21,2024,1
MAHOGANY,Disorder,36,2024,2
MAHOGANY,Disorder,31,2024,3
MAHOGANY,Disorder,34,2024,4
MAHOGANY,Disorder,25,2024,5
MANCHESTER,Disorder,27,2018,1
MANCHESTER,Disorder,18,2018,2
MANCHESTER,Disorder,23,2018,3
MANCHESTER,Disorder,19,2018,4
MANCHESTER,Disorder,16,2018,5
MANCHESTER,Disorder,20,2018,6
MANCHESTER,Disorder,28,2018,7
MANCHESTER,Disorder,30,2018,8
MANCHESTER,Disorder,19,2018,9
MANCHESTER,Disorder,9,2018,10
MANCHESTER,Disorder,19,2018,11
MANCHESTER,Disorder,21,2018,12
MANCHESTER,Disorder,14,2019,1
MANCHESTER,Disorder,12,2019,2
MANCHESTER,Disorder,24,2019,3
MANCHESTER,Disorder,19,2019,4
MANCHESTER,Disorder,16,2019,5
MANCHESTER,Disorder,14,2019,6
MANCHESTER,Disorder,23,2019,7
MANCHESTER,Disorder,24,2019,8
MANCHESTER,Disorder,17,2019,9
MANCHESTER,Disorder,12,2019,10
MANCHESTER,Disorder,19,2019,11
MANCHESTER,Disorder,24,2019,12
MANCHESTER,Disorder,24,2020,1
MANCHESTER,Disorder,15,2020,2
MANCHESTER,Disorder,35,2020,3
MANCHESTER,Disorder,27,2020,4
MANCHESTER,Disorder,27,2020,5
MANCHESTER,Disorder,27,2020,6
MANCHESTER,Disorder,32,2020,7
MANCHESTER,Disorder,40,2020,8
MANCHESTER,Disorder,25,2020,9
MANCHESTER,Disorder,22,2020,10
MANCHESTER,Disorder,42,2020,11
MANCHESTER,Disorder,34,2020,12
MANCHESTER,Disorder,27,2021,1
MANCHESTER,Disorder,9,2021,2
MANCHESTER,Disorder,23,2021,3
MANCHESTER,Disorder,24,2021,4
MANCHESTER,Disorder,24,2021,5
MANCHESTER,Disorder,19,2021,6
MANCHESTER,Disorder,51,2021,7
MANCHESTER,Disorder,29,2021,8
MANCHESTER,Disorder,27,2021,9
MANCHESTER,Disorder,23,2021,10
MANCHESTER,Disorder,25,2021,11
MANCHESTER,Disorder,36,2021,12
MANCHESTER,Disorder,19,2022,1
MANCHESTER,Disorder,27,2022,2
MANCHESTER,Disorder,33,2022,3
MANCHESTER,Disorder,34,2022,4
MANCHESTER,Disorder,22,2022,5
MANCHESTER,Disorder,25,2022,6
MANCHESTER,Disorder,27,2022,7
MANCHESTER,Disorder,15,2022,8
MANCHESTER,Disorder,20,2022,9
MANCHESTER,Disorder,36,2022,10
MANCHESTER,Disorder,26,2022,11
MANCHESTER,Disorder,17,2022,12
MANCHESTER,Disorder,16,2023,1
MANCHESTER,Disorder,23,2023,2
MANCHESTER,Disorder,15,2023,3
MANCHESTER,Disorder,24,2023,4
MANCHESTER,Disorder,19,2023,5
MANCHESTER,Disorder,31,2023,6
MANCHESTER,Disorder,14,2023,7
MANCHESTER,Disorder,21,2023,8
MANCHESTER,Disorder,22,2023,9
MANCHESTER,Disorder,10,2023,10
MANCHESTER,Disorder,27,2023,11
MANCHESTER,Disorder,31,2023,12
MANCHESTER,Disorder,20,2024,1
MANCHESTER,Disorder,15,2024,2
MANCHESTER,Disorder,10,2024,3
MANCHESTER,Disorder,22,2024,4
MANCHESTER,Disorder,23,2024,5
MANCHESTER INDUSTRIAL,Disorder,101,2018,1
MANCHESTER INDUSTRIAL,Disorder,61,2018,2
MANCHESTER INDUSTRIAL,Disorder,89,2018,3
MANCHESTER INDUSTRIAL,Disorder,94,2018,4
MANCHESTER INDUSTRIAL,Disorder,94,2018,5
MANCHESTER INDUSTRIAL,Disorder,111,2018,6
MANCHESTER INDUSTRIAL,Disorder,122,2018,7
MANCHESTER INDUSTRIAL,Disorder,123,2018,8
MANCHESTER INDUSTRIAL,Disorder,120,2018,9
MANCHESTER INDUSTRIAL,Disorder,112,2018,10
MANCHESTER INDUSTRIAL,Disorder,80,2018,11
MANCHESTER INDUSTRIAL,Disorder,65,2018,12
MANCHESTER INDUSTRIAL,Disorder,65,2019,1
MANCHESTER INDUSTRIAL,Disorder,59,2019,2
MANCHESTER INDUSTRIAL,Disorder,68,2019,3
MANCHESTER INDUSTRIAL,Disorder,85,2019,4
MANCHESTER INDUSTRIAL,Disorder,93,2019,5
MANCHESTER INDUSTRIAL,Disorder,72,2019,6
MANCHESTER INDUSTRIAL,Disorder,106,2019,7
MANCHESTER INDUSTRIAL,Disorder,108,2019,8
MANCHESTER INDUSTRIAL,Disorder,106,2019,9
MANCHESTER INDUSTRIAL,Disorder,124,2019,10
MANCHESTER INDUSTRIAL,Disorder,107,2019,11
MANCHESTER INDUSTRIAL,Disorder,98,2019,12
MANCHESTER INDUSTRIAL,Disorder,75,2020,1
MANCHESTER INDUSTRIAL,Disorder,101,2020,2
MANCHESTER INDUSTRIAL,Disorder,111,2020,3
MANCHESTER INDUSTRIAL,Disorder,90,2020,4
MANCHESTER INDUSTRIAL,Disorder,76,2020,5
MANCHESTER INDUSTRIAL,Disorder,83,2020,6
MANCHESTER INDUSTRIAL,Disorder,128,2020,7
MANCHESTER INDUSTRIAL,Disorder,123,2020,8
MANCHESTER INDUSTRIAL,Disorder,124,2020,9
MANCHESTER INDUSTRIAL,Disorder,131,2020,10
MANCHESTER INDUSTRIAL,Disorder,195,2020,11
MANCHESTER INDUSTRIAL,Disorder,110,2020,12
MANCHESTER INDUSTRIAL,Disorder,108,2021,1
MANCHESTER INDUSTRIAL,Disorder,90,2021,2
MANCHESTER INDUSTRIAL,Disorder,102,2021,3
MANCHESTER INDUSTRIAL,Disorder,91,2021,4
MANCHESTER INDUSTRIAL,Disorder,103,2021,5
MANCHESTER INDUSTRIAL,Disorder,108,2021,6
MANCHESTER INDUSTRIAL,Disorder,172,2021,7
MANCHESTER INDUSTRIAL,Disorder,149,2021,8
MANCHESTER INDUSTRIAL,Disorder,132,2021,9
MANCHESTER INDUSTRIAL,Disorder,127,2021,10
MANCHESTER INDUSTRIAL,Disorder,159,2021,11
MANCHESTER INDUSTRIAL,Disorder,95,2021,12
MANCHESTER INDUSTRIAL,Disorder,95,2022,1
MANCHESTER INDUSTRIAL,Disorder,86,2022,2
MANCHESTER INDUSTRIAL,Disorder,131,2022,3
MANCHESTER INDUSTRIAL,Disorder,88,2022,4
MANCHESTER INDUSTRIAL,Disorder,145,2022,5
MANCHESTER INDUSTRIAL,Disorder,128,2022,6
MANCHESTER INDUSTRIAL,Disorder,119,2022,7
MANCHESTER INDUSTRIAL,Disorder,100,2022,8
MANCHESTER INDUSTRIAL,Disorder,103,2022,9
MANCHESTER INDUSTRIAL,Disorder,105,2022,10
MANCHESTER INDUSTRIAL,Disorder,74,2022,11
MANCHESTER INDUSTRIAL,Disorder,86,2022,12
MANCHESTER INDUSTRIAL,Disorder,98,2023,1
MANCHESTER INDUSTRIAL,Disorder,96,2023,2
MANCHESTER INDUSTRIAL,Disorder,90,2023,3
MANCHESTER INDUSTRIAL,Disorder,113,2023,4
MANCHESTER INDUSTRIAL,Disorder,145,2023,5
MANCHESTER INDUSTRIAL,Disorder,144,2023,6
MANCHESTER INDUSTRIAL,Disorder,140,2023,7
MANCHESTER INDUSTRIAL,Disorder,161,2023,8
MANCHESTER INDUSTRIAL,Disorder,117,2023,9
MANCHESTER INDUSTRIAL,Disorder,87,2023,10
MANCHESTER INDUSTRIAL,Disorder,128,2023,11
MANCHESTER INDUSTRIAL,Disorder,101,2023,12
MANCHESTER INDUSTRIAL,Disorder,83,2024,1
MANCHESTER INDUSTRIAL,Disorder,80,2024,2
MANCHESTER INDUSTRIAL,Disorder,89,2024,3
MANCHESTER INDUSTRIAL,Disorder,103,2024,4
MANCHESTER INDUSTRIAL,Disorder,144,2024,5
MAPLE RIDGE,Disorder,7,2018,1
MAPLE RIDGE,Disorder,3,2018,2
MAPLE RIDGE,Disorder,2,2018,3
MAPLE RIDGE,Disorder,10,2018,4
MAPLE RIDGE,Disorder,14,2018,5
MAPLE RIDGE,Disorder,5,2018,6
MAPLE RIDGE,Disorder,12,2018,7
MAPLE RIDGE,Disorder,15,2018,8
MAPLE RIDGE,Disorder,10,2018,9
MAPLE RIDGE,Disorder,9,2018,10
MAPLE RIDGE,Disorder,8,2018,11
MAPLE RIDGE,Disorder,5,2018,12
MAPLE RIDGE,Disorder,4,2019,1
MAPLE RIDGE,Disorder,8,2019,2
MAPLE RIDGE,Disorder,6,2019,3
MAPLE RIDGE,Disorder,9,2019,4
MAPLE RIDGE,Disorder,14,2019,5
MAPLE RIDGE,Disorder,8,2019,6
MAPLE RIDGE,Disorder,12,2019,7
MAPLE RIDGE,Disorder,9,2019,8
MAPLE RIDGE,Disorder,9,2019,9
MAPLE RIDGE,Disorder,6,2019,10
MAPLE RIDGE,Disorder,7,2019,11
MAPLE RIDGE,Disorder,6,2019,12
MAPLE RIDGE,Disorder,2,2020,1
MAPLE RIDGE,Disorder,3,2020,2
MAPLE RIDGE,Disorder,7,2020,3
MAPLE RIDGE,Disorder,7,2020,4
MAPLE RIDGE,Disorder,12,2020,5
MAPLE RIDGE,Disorder,6,2020,6
MAPLE RIDGE,Disorder,9,2020,7
MAPLE RIDGE,Disorder,7,2020,8
MAPLE RIDGE,Disorder,6,2020,9
MAPLE RIDGE,Disorder,6,2020,10
MAPLE RIDGE,Disorder,4,2020,11
MAPLE RIDGE,Disorder,11,2020,12
MAPLE RIDGE,Disorder,3,2021,1
MAPLE RIDGE,Disorder,5,2021,2
MAPLE RIDGE,Disorder,5,2021,3
MAPLE RIDGE,Disorder,6,2021,4
MAPLE RIDGE,Disorder,8,2021,5
MAPLE RIDGE,Disorder,7,2021,6
MAPLE RIDGE,Disorder,13,2021,7
MAPLE RIDGE,Disorder,16,2021,8
MAPLE RIDGE,Disorder,5,2021,9
MAPLE RIDGE,Disorder,4,2021,10
MAPLE RIDGE,Disorder,4,2021,11
MAPLE RIDGE,Disorder,8,2021,12
MAPLE RIDGE,Disorder,1,2022,1
MAPLE RIDGE,Disorder,1,2022,2
MAPLE RIDGE,Disorder,7,2022,3
MAPLE RIDGE,Disorder,1,2022,4
MAPLE RIDGE,Disorder,6,2022,5
MAPLE RIDGE,Disorder,6,2022,6
MAPLE RIDGE,Disorder,7,2022,7
MAPLE RIDGE,Disorder,4,2022,8
MAPLE RIDGE,Disorder,8,2022,9
MAPLE RIDGE,Disorder,1,2022,11
MAPLE RIDGE,Disorder,1,2022,12
MAPLE RIDGE,Disorder,7,2023,1
MAPLE RIDGE,Disorder,4,2023,2
MAPLE RIDGE,Disorder,4,2023,3
MAPLE RIDGE,Disorder,3,2023,5
MAPLE RIDGE,Disorder,9,2023,6
MAPLE RIDGE,Disorder,3,2023,7
MAPLE RIDGE,Disorder,1,2023,8
MAPLE RIDGE,Disorder,4,2023,9
MAPLE RIDGE,Disorder,6,2023,10
MAPLE RIDGE,Disorder,2,2023,11
MAPLE RIDGE,Disorder,3,2023,12
MAPLE RIDGE,Disorder,4,2024,1
MAPLE RIDGE,Disorder,5,2024,2
MAPLE RIDGE,Disorder,2,2024,3
MAPLE RIDGE,Disorder,4,2024,4
MAPLE RIDGE,Disorder,1,2024,5
MARLBOROUGH,Disorder,88,2018,1
MARLBOROUGH,Disorder,84,2018,2
MARLBOROUGH,Disorder,107,2018,3
MARLBOROUGH,Disorder,144,2018,4
MARLBOROUGH,Disorder,151,2018,5
MARLBOROUGH,Disorder,128,2018,6
MARLBOROUGH,Disorder,136,2018,7
MARLBOROUGH,Disorder,121,2018,8
MARLBOROUGH,Disorder,101,2018,9
MARLBOROUGH,Disorder,107,2018,10
MARLBOROUGH,Disorder,101,2018,11
MARLBOROUGH,Disorder,112,2018,12
MARLBOROUGH,Disorder,85,2019,1
MARLBOROUGH,Disorder,118,2019,2
MARLBOROUGH,Disorder,103,2019,3
MARLBOROUGH,Disorder,98,2019,4
MARLBOROUGH,Disorder,111,2019,5
MARLBOROUGH,Disorder,109,2019,6
MARLBOROUGH,Disorder,103,2019,7
MARLBOROUGH,Disorder,106,2019,8
MARLBOROUGH,Disorder,94,2019,9
MARLBOROUGH,Disorder,85,2019,10
MARLBOROUGH,Disorder,73,2019,11
MARLBOROUGH,Disorder,109,2019,12
MARLBOROUGH,Disorder,74,2020,1
MARLBOROUGH,Disorder,89,2020,2
MARLBOROUGH,Disorder,104,2020,3
MARLBOROUGH,Disorder,101,2020,4
MARLBOROUGH,Disorder,103,2020,5
MARLBOROUGH,Disorder,127,2020,6
MARLBOROUGH,Disorder,135,2020,7
MARLBOROUGH,Disorder,115,2020,8
MARLBOROUGH,Disorder,78,2020,9
MARLBOROUGH,Disorder,112,2020,10
MARLBOROUGH,Disorder,107,2020,11
MARLBOROUGH,Disorder,116,2020,12
MARLBOROUGH,Disorder,102,2021,1
MARLBOROUGH,Disorder,83,2021,2
MARLBOROUGH,Disorder,104,2021,3
MARLBOROUGH,Disorder,142,2021,4
MARLBOROUGH,Disorder,123,2021,5
MARLBOROUGH,Disorder,117,2021,6
MARLBOROUGH,Disorder,133,2021,7
MARLBOROUGH,Disorder,127,2021,8
MARLBOROUGH,Disorder,103,2021,9
MARLBOROUGH,Disorder,115,2021,10
MARLBOROUGH,Disorder,77,2021,11
MARLBOROUGH,Disorder,75,2021,12
MARLBOROUGH,Disorder,90,2022,1
MARLBOROUGH,Disorder,87,2022,2
MARLBOROUGH,Disorder,94,2022,3
MARLBOROUGH,Disorder,81,2022,4
MARLBOROUGH,Disorder,110,2022,5
MARLBOROUGH,Disorder,127,2022,6
MARLBOROUGH,Disorder,152,2022,7
MARLBOROUGH,Disorder,113,2022,8
MARLBOROUGH,Disorder,93,2022,9
MARLBOROUGH,Disorder,79,2022,10
MARLBOROUGH,Disorder,106,2022,11
MARLBOROUGH,Disorder,74,2022,12
MARLBOROUGH,Disorder,123,2023,1
MARLBOROUGH,Disorder,87,2023,2
MARLBOROUGH,Disorder,92,2023,3
MARLBOROUGH,Disorder,94,2023,4
MARLBOROUGH,Disorder,120,2023,5
MARLBOROUGH,Disorder,90,2023,6
MARLBOROUGH,Disorder,95,2023,7
MARLBOROUGH,Disorder,99,2023,8
MARLBOROUGH,Disorder,100,2023,9
MARLBOROUGH,Disorder,82,2023,10
MARLBOROUGH,Disorder,93,2023,11
MARLBOROUGH,Disorder,110,2023,12
MARLBOROUGH,Disorder,65,2024,1
MARLBOROUGH,Disorder,72,2024,2
MARLBOROUGH,Disorder,98,2024,3
MARLBOROUGH,Disorder,93,2024,4
MARLBOROUGH,Disorder,107,2024,5
MARLBOROUGH PARK,Disorder,49,2018,1
MARLBOROUGH PARK,Disorder,39,2018,2
MARLBOROUGH PARK,Disorder,51,2018,3
MARLBOROUGH PARK,Disorder,58,2018,4
MARLBOROUGH PARK,Disorder,71,2018,5
MARLBOROUGH PARK,Disorder,71,2018,6
MARLBOROUGH PARK,Disorder,83,2018,7
MARLBOROUGH PARK,Disorder,78,2018,8
MARLBOROUGH PARK,Disorder,56,2018,9
MARLBOROUGH PARK,Disorder,52,2018,10
MARLBOROUGH PARK,Disorder,55,2018,11
MARLBOROUGH PARK,Disorder,43,2018,12
MARLBOROUGH PARK,Disorder,52,2019,1
MARLBOROUGH PARK,Disorder,33,2019,2
MARLBOROUGH PARK,Disorder,65,2019,3
MARLBOROUGH PARK,Disorder,80,2019,4
MARLBOROUGH PARK,Disorder,58,2019,5
MARLBOROUGH PARK,Disorder,86,2019,6
MARLBOROUGH PARK,Disorder,101,2019,7
MARLBOROUGH PARK,Disorder,106,2019,8
MARLBOROUGH PARK,Disorder,67,2019,9
MARLBOROUGH PARK,Disorder,53,2019,10
MARLBOROUGH PARK,Disorder,40,2019,11
MARLBOROUGH PARK,Disorder,76,2019,12
MARLBOROUGH PARK,Disorder,59,2020,1
MARLBOROUGH PARK,Disorder,51,2020,2
MARLBOROUGH PARK,Disorder,59,2020,3
MARLBOROUGH PARK,Disorder,86,2020,4
MARLBOROUGH PARK,Disorder,90,2020,5
MARLBOROUGH PARK,Disorder,68,2020,6
MARLBOROUGH PARK,Disorder,89,2020,7
MARLBOROUGH PARK,Disorder,109,2020,8
MARLBOROUGH PARK,Disorder,73,2020,9
MARLBOROUGH PARK,Disorder,59,2020,10
MARLBOROUGH PARK,Disorder,69,2020,11
MARLBOROUGH PARK,Disorder,66,2020,12
MARLBOROUGH PARK,Disorder,41,2021,1
MARLBOROUGH PARK,Disorder,60,2021,2
MARLBOROUGH PARK,Disorder,51,2021,3
MARLBOROUGH PARK,Disorder,62,2021,4
MARLBOROUGH PARK,Disorder,66,2021,5
MARLBOROUGH PARK,Disorder,65,2021,6
MARLBOROUGH PARK,Disorder,83,2021,7
MARLBOROUGH PARK,Disorder,72,2021,8
MARLBOROUGH PARK,Disorder,47,2021,9
MARLBOROUGH PARK,Disorder,74,2021,10
MARLBOROUGH PARK,Disorder,44,2021,11
MARLBOROUGH PARK,Disorder,42,2021,12
MARLBOROUGH PARK,Disorder,41,2022,1
MARLBOROUGH PARK,Disorder,34,2022,2
MARLBOROUGH PARK,Disorder,54,2022,3
MARLBOROUGH PARK,Disorder,40,2022,4
MARLBOROUGH PARK,Disorder,52,2022,5
MARLBOROUGH PARK,Disorder,39,2022,6
MARLBOROUGH PARK,Disorder,46,2022,7
MARLBOROUGH PARK,Disorder,55,2022,8
MARLBOROUGH PARK,Disorder,28,2022,9
MARLBOROUGH PARK,Disorder,41,2022,10
MARLBOROUGH PARK,Disorder,28,2022,11
MARLBOROUGH PARK,Disorder,25,2022,12
MARLBOROUGH PARK,Disorder,58,2023,1
MARLBOROUGH PARK,Disorder,26,2023,2
MARLBOROUGH PARK,Disorder,36,2023,3
MARLBOROUGH PARK,Disorder,47,2023,4
MARLBOROUGH PARK,Disorder,67,2023,5
MARLBOROUGH PARK,Disorder,45,2023,6
MARLBOROUGH PARK,Disorder,55,2023,7
MARLBOROUGH PARK,Disorder,51,2023,8
MARLBOROUGH PARK,Disorder,44,2023,9
MARLBOROUGH PARK,Disorder,40,2023,10
MARLBOROUGH PARK,Disorder,32,2023,11
MARLBOROUGH PARK,Disorder,39,2023,12
MARLBOROUGH PARK,Disorder,32,2024,1
MARLBOROUGH PARK,Disorder,33,2024,2
MARLBOROUGH PARK,Disorder,32,2024,3
MARLBOROUGH PARK,Disorder,51,2024,4
MARLBOROUGH PARK,Disorder,43,2024,5
MARTINDALE,Disorder,40,2018,1
MARTINDALE,Disorder,29,2018,2
MARTINDALE,Disorder,54,2018,3
MARTINDALE,Disorder,42,2018,4
MARTINDALE,Disorder,81,2018,5
MARTINDALE,Disorder,67,2018,6
MARTINDALE,Disorder,46,2018,7
MARTINDALE,Disorder,73,2018,8
MARTINDALE,Disorder,58,2018,9
MARTINDALE,Disorder,50,2018,10
MARTINDALE,Disorder,49,2018,11
MARTINDALE,Disorder,29,2018,12
MARTINDALE,Disorder,34,2019,1
MARTINDALE,Disorder,27,2019,2
MARTINDALE,Disorder,36,2019,3
MARTINDALE,Disorder,36,2019,4
MARTINDALE,Disorder,74,2019,5
MARTINDALE,Disorder,53,2019,6
MARTINDALE,Disorder,51,2019,7
MARTINDALE,Disorder,69,2019,8
MARTINDALE,Disorder,55,2019,9
MARTINDALE,Disorder,47,2019,10
MARTINDALE,Disorder,38,2019,11
MARTINDALE,Disorder,46,2019,12
MARTINDALE,Disorder,44,2020,1
MARTINDALE,Disorder,32,2020,2
MARTINDALE,Disorder,41,2020,3
MARTINDALE,Disorder,55,2020,4
MARTINDALE,Disorder,77,2020,5
MARTINDALE,Disorder,63,2020,6
MARTINDALE,Disorder,84,2020,7
MARTINDALE,Disorder,71,2020,8
MARTINDALE,Disorder,51,2020,9
MARTINDALE,Disorder,44,2020,10
MARTINDALE,Disorder,38,2020,11
MARTINDALE,Disorder,41,2020,12
MARTINDALE,Disorder,41,2021,1
MARTINDALE,Disorder,24,2021,2
MARTINDALE,Disorder,42,2021,3
MARTINDALE,Disorder,59,2021,4
MARTINDALE,Disorder,38,2021,5
MARTINDALE,Disorder,47,2021,6
MARTINDALE,Disorder,55,2021,7
MARTINDALE,Disorder,42,2021,8
MARTINDALE,Disorder,32,2021,9
MARTINDALE,Disorder,36,2021,10
MARTINDALE,Disorder,34,2021,11
MARTINDALE,Disorder,37,2021,12
MARTINDALE,Disorder,31,2022,1
MARTINDALE,Disorder,29,2022,2
MARTINDALE,Disorder,43,2022,3
MARTINDALE,Disorder,37,2022,4
MARTINDALE,Disorder,31,2022,5
MARTINDALE,Disorder,41,2022,6
MARTINDALE,Disorder,42,2022,7
MARTINDALE,Disorder,44,2022,8
MARTINDALE,Disorder,42,2022,9
MARTINDALE,Disorder,20,2022,10
MARTINDALE,Disorder,20,2022,11
MARTINDALE,Disorder,26,2022,12
MARTINDALE,Disorder,20,2023,1
MARTINDALE,Disorder,29,2023,2
MARTINDALE,Disorder,34,2023,3
MARTINDALE,Disorder,49,2023,4
MARTINDALE,Disorder,55,2023,5
MARTINDALE,Disorder,61,2023,6
MARTINDALE,Disorder,55,2023,7
MARTINDALE,Disorder,49,2023,8
MARTINDALE,Disorder,52,2023,9
MARTINDALE,Disorder,38,2023,10
MARTINDALE,Disorder,32,2023,11
MARTINDALE,Disorder,25,2023,12
MARTINDALE,Disorder,28,2024,1
MARTINDALE,Disorder,26,2024,2
MARTINDALE,Disorder,27,2024,3
MARTINDALE,Disorder,34,2024,4
MARTINDALE,Disorder,31,2024,5
MAYFAIR,Disorder,2,2018,1
MAYFAIR,Disorder,2,2018,2
MAYFAIR,Disorder,1,2018,4
MAYFAIR,Disorder,2,2018,6
MAYFAIR,Disorder,4,2018,7
MAYFAIR,Disorder,3,2018,8
MAYFAIR,Disorder,4,2018,9
MAYFAIR,Disorder,3,2018,10
MAYFAIR,Disorder,1,2018,11
MAYFAIR,Disorder,1,2018,12
MAYFAIR,Disorder,1,2019,1
MAYFAIR,Disorder,1,2019,2
MAYFAIR,Disorder,1,2019,3
MAYFAIR,Disorder,1,2019,5
MAYFAIR,Disorder,2,2019,6
MAYFAIR,Disorder,2,2019,7
MAYFAIR,Disorder,1,2019,8
MAYFAIR,Disorder,1,2020,2
MAYFAIR,Disorder,1,2020,3
MAYFAIR,Disorder,2,2020,4
MAYFAIR,Disorder,3,2020,5
MAYFAIR,Disorder,4,2020,6
MAYFAIR,Disorder,3,2020,7
MAYFAIR,Disorder,2,2020,9
MAYFAIR,Disorder,3,2020,10
MAYFAIR,Disorder,1,2020,11
MAYFAIR,Disorder,1,2021,1
MAYFAIR,Disorder,2,2021,2
MAYFAIR,Disorder,1,2021,3
MAYFAIR,Disorder,1,2021,4
MAYFAIR,Disorder,2,2021,5
MAYFAIR,Disorder,2,2021,6
MAYFAIR,Disorder,3,2021,8
MAYFAIR,Disorder,2,2021,9
MAYFAIR,Disorder,2,2021,10
MAYFAIR,Disorder,1,2021,11
MAYFAIR,Disorder,2,2021,12
MAYFAIR,Disorder,1,2022,1
MAYFAIR,Disorder,2,2022,2
MAYFAIR,Disorder,1,2022,3
MAYFAIR,Disorder,3,2022,5
MAYFAIR,Disorder,1,2022,6
MAYFAIR,Disorder,1,2022,7
MAYFAIR,Disorder,4,2022,8
MAYFAIR,Disorder,2,2022,9
MAYFAIR,Disorder,1,2022,10
MAYFAIR,Disorder,1,2023,4
MAYFAIR,Disorder,1,2023,5
MAYFAIR,Disorder,1,2023,6
MAYFAIR,Disorder,4,2023,7
MAYFAIR,Disorder,5,2023,8
MAYFAIR,Disorder,2,2023,11
MAYFAIR,Disorder,1,2023,12
MAYFAIR,Disorder,1,2024,2
MAYFAIR,Disorder,1,2024,4
MAYFAIR,Disorder,3,2024,5
MAYLAND,Disorder,4,2018,1
MAYLAND,Disorder,6,2018,2
MAYLAND,Disorder,7,2018,3
MAYLAND,Disorder,8,2018,4
MAYLAND,Disorder,4,2018,5
MAYLAND,Disorder,2,2018,6
MAYLAND,Disorder,8,2018,7
MAYLAND,Disorder,5,2018,8
MAYLAND,Disorder,7,2018,9
MAYLAND,Disorder,5,2018,10
MAYLAND,Disorder,2,2018,11
MAYLAND,Disorder,5,2018,12
MAYLAND,Disorder,5,2019,1
MAYLAND,Disorder,6,2019,2
MAYLAND,Disorder,8,2019,3
MAYLAND,Disorder,5,2019,4
MAYLAND,Disorder,3,2019,5
MAYLAND,Disorder,6,2019,6
MAYLAND,Disorder,8,2019,7
MAYLAND,Disorder,14,2019,8
MAYLAND,Disorder,10,2019,9
MAYLAND,Disorder,6,2019,10
MAYLAND,Disorder,4,2019,11
MAYLAND,Disorder,6,2019,12
MAYLAND,Disorder,5,2020,1
MAYLAND,Disorder,6,2020,2
MAYLAND,Disorder,12,2020,3
MAYLAND,Disorder,7,2020,4
MAYLAND,Disorder,7,2020,5
MAYLAND,Disorder,9,2020,6
MAYLAND,Disorder,11,2020,7
MAYLAND,Disorder,7,2020,8
MAYLAND,Disorder,12,2020,9
MAYLAND,Disorder,13,2020,10
MAYLAND,Disorder,4,2020,11
MAYLAND,Disorder,4,2020,12
MAYLAND,Disorder,6,2021,1
MAYLAND,Disorder,3,2021,2
MAYLAND,Disorder,12,2021,3
MAYLAND,Disorder,4,2021,4
MAYLAND,Disorder,11,2021,5
MAYLAND,Disorder,13,2021,6
MAYLAND,Disorder,13,2021,7
MAYLAND,Disorder,8,2021,8
MAYLAND,Disorder,7,2021,9
MAYLAND,Disorder,5,2021,10
MAYLAND,Disorder,4,2021,11
MAYLAND,Disorder,3,2021,12
MAYLAND,Disorder,5,2022,1
MAYLAND,Disorder,4,2022,2
MAYLAND,Disorder,8,2022,3
MAYLAND,Disorder,9,2022,4
MAYLAND,Disorder,9,2022,5
MAYLAND,Disorder,7,2022,6
MAYLAND,Disorder,9,2022,7
MAYLAND,Disorder,8,2022,8
MAYLAND,Disorder,5,2022,9
MAYLAND,Disorder,5,2022,10
MAYLAND,Disorder,9,2022,11
MAYLAND,Disorder,5,2022,12
MAYLAND,Disorder,9,2023,1
MAYLAND,Disorder,8,2023,2
MAYLAND,Disorder,10,2023,3
MAYLAND,Disorder,11,2023,4
MAYLAND,Disorder,7,2023,5
MAYLAND,Disorder,9,2023,6
MAYLAND,Disorder,2,2023,7
MAYLAND,Disorder,5,2023,8
MAYLAND,Disorder,11,2023,9
MAYLAND,Disorder,5,2023,10
MAYLAND,Disorder,10,2023,11
MAYLAND,Disorder,1,2023,12
MAYLAND,Disorder,3,2024,1
MAYLAND,Disorder,7,2024,2
MAYLAND,Disorder,2,2024,3
MAYLAND,Disorder,6,2024,4
MAYLAND,Disorder,8,2024,5
MAYLAND HEIGHTS,Disorder,34,2018,1
MAYLAND HEIGHTS,Disorder,34,2018,2
MAYLAND HEIGHTS,Disorder,26,2018,3
MAYLAND HEIGHTS,Disorder,39,2018,4
MAYLAND HEIGHTS,Disorder,48,2018,5
MAYLAND HEIGHTS,Disorder,57,2018,6
MAYLAND HEIGHTS,Disorder,43,2018,7
MAYLAND HEIGHTS,Disorder,60,2018,8
MAYLAND HEIGHTS,Disorder,43,2018,9
MAYLAND HEIGHTS,Disorder,61,2018,10
MAYLAND HEIGHTS,Disorder,56,2018,11
MAYLAND HEIGHTS,Disorder,47,2018,12
MAYLAND HEIGHTS,Disorder,51,2019,1
MAYLAND HEIGHTS,Disorder,36,2019,2
MAYLAND HEIGHTS,Disorder,70,2019,3
MAYLAND HEIGHTS,Disorder,84,2019,4
MAYLAND HEIGHTS,Disorder,58,2019,5
MAYLAND HEIGHTS,Disorder,73,2019,6
MAYLAND HEIGHTS,Disorder,57,2019,7
MAYLAND HEIGHTS,Disorder,49,2019,8
MAYLAND HEIGHTS,Disorder,45,2019,9
MAYLAND HEIGHTS,Disorder,41,2019,10
MAYLAND HEIGHTS,Disorder,37,2019,11
MAYLAND HEIGHTS,Disorder,33,2019,12
MAYLAND HEIGHTS,Disorder,40,2020,1
MAYLAND HEIGHTS,Disorder,54,2020,2
MAYLAND HEIGHTS,Disorder,34,2020,3
MAYLAND HEIGHTS,Disorder,56,2020,4
MAYLAND HEIGHTS,Disorder,71,2020,5
MAYLAND HEIGHTS,Disorder,54,2020,6
MAYLAND HEIGHTS,Disorder,71,2020,7
MAYLAND HEIGHTS,Disorder,59,2020,8
MAYLAND HEIGHTS,Disorder,60,2020,9
MAYLAND HEIGHTS,Disorder,66,2020,10
MAYLAND HEIGHTS,Disorder,45,2020,11
MAYLAND HEIGHTS,Disorder,41,2020,12
MAYLAND HEIGHTS,Disorder,51,2021,1
MAYLAND HEIGHTS,Disorder,32,2021,2
MAYLAND HEIGHTS,Disorder,46,2021,3
MAYLAND HEIGHTS,Disorder,53,2021,4
MAYLAND HEIGHTS,Disorder,58,2021,5
MAYLAND HEIGHTS,Disorder,53,2021,6
MAYLAND HEIGHTS,Disorder,71,2021,7
MAYLAND HEIGHTS,Disorder,65,2021,8
MAYLAND HEIGHTS,Disorder,36,2021,9
MAYLAND HEIGHTS,Disorder,27,2021,10
MAYLAND HEIGHTS,Disorder,41,2021,11
MAYLAND HEIGHTS,Disorder,32,2021,12
MAYLAND HEIGHTS,Disorder,33,2022,1
MAYLAND HEIGHTS,Disorder,32,2022,2
MAYLAND HEIGHTS,Disorder,51,2022,3
MAYLAND HEIGHTS,Disorder,46,2022,4
MAYLAND HEIGHTS,Disorder,28,2022,5
MAYLAND HEIGHTS,Disorder,36,2022,6
MAYLAND HEIGHTS,Disorder,43,2022,7
MAYLAND HEIGHTS,Disorder,42,2022,8
MAYLAND HEIGHTS,Disorder,54,2022,9
MAYLAND HEIGHTS,Disorder,36,2022,10
MAYLAND HEIGHTS,Disorder,29,2022,11
MAYLAND HEIGHTS,Disorder,21,2022,12
MAYLAND HEIGHTS,Disorder,45,2023,1
MAYLAND HEIGHTS,Disorder,28,2023,2
MAYLAND HEIGHTS,Disorder,27,2023,3
MAYLAND HEIGHTS,Disorder,39,2023,4
MAYLAND HEIGHTS,Disorder,35,2023,5
MAYLAND HEIGHTS,Disorder,42,2023,6
MAYLAND HEIGHTS,Disorder,29,2023,7
MAYLAND HEIGHTS,Disorder,38,2023,8
MAYLAND HEIGHTS,Disorder,38,2023,9
MAYLAND HEIGHTS,Disorder,21,2023,10
MAYLAND HEIGHTS,Disorder,27,2023,11
MAYLAND HEIGHTS,Disorder,28,2023,12
MAYLAND HEIGHTS,Disorder,18,2024,1
MAYLAND HEIGHTS,Disorder,21,2024,2
MAYLAND HEIGHTS,Disorder,26,2024,3
MAYLAND HEIGHTS,Disorder,26,2024,4
MAYLAND HEIGHTS,Disorder,30,2024,5
MCCALL,Disorder,4,2018,1
MCCALL,Disorder,3,2018,2
MCCALL,Disorder,4,2018,3
MCCALL,Disorder,4,2018,4
MCCALL,Disorder,3,2018,5
MCCALL,Disorder,4,2018,6
MCCALL,Disorder,3,2018,7
MCCALL,Disorder,4,2018,8
MCCALL,Disorder,3,2018,9
MCCALL,Disorder,7,2018,10
MCCALL,Disorder,4,2018,11
MCCALL,Disorder,10,2018,12
MCCALL,Disorder,15,2019,1
MCCALL,Disorder,13,2019,2
MCCALL,Disorder,10,2019,3
MCCALL,Disorder,9,2019,4
MCCALL,Disorder,6,2019,5
MCCALL,Disorder,7,2019,6
MCCALL,Disorder,12,2019,7
MCCALL,Disorder,12,2019,8
MCCALL,Disorder,5,2019,9
MCCALL,Disorder,3,2019,10
MCCALL,Disorder,2,2019,11
MCCALL,Disorder,4,2019,12
MCCALL,Disorder,3,2020,1
MCCALL,Disorder,5,2020,2
MCCALL,Disorder,6,2020,3
MCCALL,Disorder,5,2020,4
MCCALL,Disorder,4,2020,5
MCCALL,Disorder,7,2020,6
MCCALL,Disorder,14,2020,7
MCCALL,Disorder,7,2020,8
MCCALL,Disorder,9,2020,9
MCCALL,Disorder,11,2020,10
MCCALL,Disorder,9,2020,11
MCCALL,Disorder,5,2020,12
MCCALL,Disorder,5,2021,1
MCCALL,Disorder,3,2021,2
MCCALL,Disorder,6,2021,3
MCCALL,Disorder,8,2021,4
MCCALL,Disorder,7,2021,5
MCCALL,Disorder,1,2021,6
MCCALL,Disorder,6,2021,7
MCCALL,Disorder,10,2021,8
MCCALL,Disorder,5,2021,9
MCCALL,Disorder,6,2021,10
MCCALL,Disorder,5,2021,11
MCCALL,Disorder,4,2021,12
MCCALL,Disorder,6,2022,1
MCCALL,Disorder,3,2022,2
MCCALL,Disorder,6,2022,3
MCCALL,Disorder,7,2022,4
MCCALL,Disorder,15,2022,5
MCCALL,Disorder,4,2022,6
MCCALL,Disorder,11,2022,7
MCCALL,Disorder,11,2022,8
MCCALL,Disorder,11,2022,9
MCCALL,Disorder,3,2022,10
MCCALL,Disorder,3,2022,11
MCCALL,Disorder,4,2022,12
MCCALL,Disorder,1,2023,1
MCCALL,Disorder,2,2023,2
MCCALL,Disorder,7,2023,3
MCCALL,Disorder,7,2023,4
MCCALL,Disorder,5,2023,5
MCCALL,Disorder,9,2023,6
MCCALL,Disorder,6,2023,7
MCCALL,Disorder,9,2023,8
MCCALL,Disorder,5,2023,9
MCCALL,Disorder,9,2023,10
MCCALL,Disorder,6,2023,11
MCCALL,Disorder,1,2023,12
MCCALL,Disorder,5,2024,1
MCCALL,Disorder,3,2024,2
MCCALL,Disorder,9,2024,3
MCCALL,Disorder,5,2024,4
MCCALL,Disorder,6,2024,5
MCKENZIE LAKE,Disorder,18,2018,1
MCKENZIE LAKE,Disorder,16,2018,2
MCKENZIE LAKE,Disorder,18,2018,3
MCKENZIE LAKE,Disorder,20,2018,4
MCKENZIE LAKE,Disorder,49,2018,5
MCKENZIE LAKE,Disorder,31,2018,6
MCKENZIE LAKE,Disorder,32,2018,7
MCKENZIE LAKE,Disorder,35,2018,8
MCKENZIE LAKE,Disorder,22,2018,9
MCKENZIE LAKE,Disorder,26,2018,10
MCKENZIE LAKE,Disorder,24,2018,11
MCKENZIE LAKE,Disorder,14,2018,12
MCKENZIE LAKE,Disorder,26,2019,1
MCKENZIE LAKE,Disorder,13,2019,2
MCKENZIE LAKE,Disorder,26,2019,3
MCKENZIE LAKE,Disorder,29,2019,4
MCKENZIE LAKE,Disorder,21,2019,5
MCKENZIE LAKE,Disorder,21,2019,6
MCKENZIE LAKE,Disorder,36,2019,7
MCKENZIE LAKE,Disorder,28,2019,8
MCKENZIE LAKE,Disorder,34,2019,9
MCKENZIE LAKE,Disorder,23,2019,10
MCKENZIE LAKE,Disorder,12,2019,11
MCKENZIE LAKE,Disorder,9,2019,12
MCKENZIE LAKE,Disorder,23,2020,1
MCKENZIE LAKE,Disorder,22,2020,2
MCKENZIE LAKE,Disorder,35,2020,3
MCKENZIE LAKE,Disorder,29,2020,4
MCKENZIE LAKE,Disorder,40,2020,5
MCKENZIE LAKE,Disorder,35,2020,6
MCKENZIE LAKE,Disorder,40,2020,7
MCKENZIE LAKE,Disorder,34,2020,8
MCKENZIE LAKE,Disorder,31,2020,9
MCKENZIE LAKE,Disorder,29,2020,10
MCKENZIE LAKE,Disorder,19,2020,11
MCKENZIE LAKE,Disorder,21,2020,12
MCKENZIE LAKE,Disorder,15,2021,1
MCKENZIE LAKE,Disorder,19,2021,2
MCKENZIE LAKE,Disorder,17,2021,3
MCKENZIE LAKE,Disorder,27,2021,4
MCKENZIE LAKE,Disorder,30,2021,5
MCKENZIE LAKE,Disorder,27,2021,6
MCKENZIE LAKE,Disorder,30,2021,7
MCKENZIE LAKE,Disorder,33,2021,8
MCKENZIE LAKE,Disorder,26,2021,9
MCKENZIE LAKE,Disorder,34,2021,10
MCKENZIE LAKE,Disorder,29,2021,11
MCKENZIE LAKE,Disorder,15,2021,12
MCKENZIE LAKE,Disorder,16,2022,1
MCKENZIE LAKE,Disorder,15,2022,2
MCKENZIE LAKE,Disorder,13,2022,3
MCKENZIE LAKE,Disorder,20,2022,4
MCKENZIE LAKE,Disorder,30,2022,5
MCKENZIE LAKE,Disorder,28,2022,6
MCKENZIE LAKE,Disorder,22,2022,7
MCKENZIE LAKE,Disorder,27,2022,8
MCKENZIE LAKE,Disorder,24,2022,9
MCKENZIE LAKE,Disorder,31,2022,10
MCKENZIE LAKE,Disorder,12,2022,11
MCKENZIE LAKE,Disorder,17,2022,12
MCKENZIE LAKE,Disorder,14,2023,1
MCKENZIE LAKE,Disorder,13,2023,2
MCKENZIE LAKE,Disorder,13,2023,3
MCKENZIE LAKE,Disorder,20,2023,4
MCKENZIE LAKE,Disorder,19,2023,5
MCKENZIE LAKE,Disorder,28,2023,6
MCKENZIE LAKE,Disorder,23,2023,7
MCKENZIE LAKE,Disorder,18,2023,8
MCKENZIE LAKE,Disorder,21,2023,9
MCKENZIE LAKE,Disorder,16,2023,10
MCKENZIE LAKE,Disorder,20,2023,11
MCKENZIE LAKE,Disorder,15,2023,12
MCKENZIE LAKE,Disorder,11,2024,1
MCKENZIE LAKE,Disorder,5,2024,2
MCKENZIE LAKE,Disorder,10,2024,3
MCKENZIE LAKE,Disorder,18,2024,4
MCKENZIE LAKE,Disorder,20,2024,5
MCKENZIE TOWNE,Disorder,40,2018,1
MCKENZIE TOWNE,Disorder,46,2018,2
MCKENZIE TOWNE,Disorder,47,2018,3
MCKENZIE TOWNE,Disorder,45,2018,4
MCKENZIE TOWNE,Disorder,43,2018,5
MCKENZIE TOWNE,Disorder,60,2018,6
MCKENZIE TOWNE,Disorder,64,2018,7
MCKENZIE TOWNE,Disorder,54,2018,8
MCKENZIE TOWNE,Disorder,57,2018,9
MCKENZIE TOWNE,Disorder,40,2018,10
MCKENZIE TOWNE,Disorder,42,2018,11
MCKENZIE TOWNE,Disorder,40,2018,12
MCKENZIE TOWNE,Disorder,39,2019,1
MCKENZIE TOWNE,Disorder,43,2019,2
MCKENZIE TOWNE,Disorder,33,2019,3
MCKENZIE TOWNE,Disorder,43,2019,4
MCKENZIE TOWNE,Disorder,46,2019,5
MCKENZIE TOWNE,Disorder,57,2019,6
MCKENZIE TOWNE,Disorder,48,2019,7
MCKENZIE TOWNE,Disorder,43,2019,8
MCKENZIE TOWNE,Disorder,61,2019,9
MCKENZIE TOWNE,Disorder,44,2019,10
MCKENZIE TOWNE,Disorder,40,2019,11
MCKENZIE TOWNE,Disorder,47,2019,12
MCKENZIE TOWNE,Disorder,47,2020,1
MCKENZIE TOWNE,Disorder,42,2020,2
MCKENZIE TOWNE,Disorder,61,2020,3
MCKENZIE TOWNE,Disorder,49,2020,4
MCKENZIE TOWNE,Disorder,59,2020,5
MCKENZIE TOWNE,Disorder,64,2020,6
MCKENZIE TOWNE,Disorder,58,2020,7
MCKENZIE TOWNE,Disorder,67,2020,8
MCKENZIE TOWNE,Disorder,52,2020,9
MCKENZIE TOWNE,Disorder,59,2020,10
MCKENZIE TOWNE,Disorder,42,2020,11
MCKENZIE TOWNE,Disorder,38,2020,12
MCKENZIE TOWNE,Disorder,35,2021,1
MCKENZIE TOWNE,Disorder,23,2021,2
MCKENZIE TOWNE,Disorder,57,2021,3
MCKENZIE TOWNE,Disorder,54,2021,4
MCKENZIE TOWNE,Disorder,66,2021,5
MCKENZIE TOWNE,Disorder,53,2021,6
MCKENZIE TOWNE,Disorder,55,2021,7
MCKENZIE TOWNE,Disorder,52,2021,8
MCKENZIE TOWNE,Disorder,47,2021,9
MCKENZIE TOWNE,Disorder,53,2021,10
MCKENZIE TOWNE,Disorder,40,2021,11
MCKENZIE TOWNE,Disorder,40,2021,12
MCKENZIE TOWNE,Disorder,28,2022,1
MCKENZIE TOWNE,Disorder,33,2022,2
MCKENZIE TOWNE,Disorder,49,2022,3
MCKENZIE TOWNE,Disorder,43,2022,4
MCKENZIE TOWNE,Disorder,41,2022,5
MCKENZIE TOWNE,Disorder,37,2022,6
MCKENZIE TOWNE,Disorder,49,2022,7
MCKENZIE TOWNE,Disorder,35,2022,8
MCKENZIE TOWNE,Disorder,37,2022,9
MCKENZIE TOWNE,Disorder,33,2022,10
MCKENZIE TOWNE,Disorder,33,2022,11
MCKENZIE TOWNE,Disorder,41,2022,12
MCKENZIE TOWNE,Disorder,47,2023,1
MCKENZIE TOWNE,Disorder,41,2023,2
MCKENZIE TOWNE,Disorder,51,2023,3
MCKENZIE TOWNE,Disorder,56,2023,4
MCKENZIE TOWNE,Disorder,37,2023,5
MCKENZIE TOWNE,Disorder,49,2023,6
MCKENZIE TOWNE,Disorder,57,2023,7
MCKENZIE TOWNE,Disorder,46,2023,8
MCKENZIE TOWNE,Disorder,37,2023,9
MCKENZIE TOWNE,Disorder,58,2023,10
MCKENZIE TOWNE,Disorder,23,2023,11
MCKENZIE TOWNE,Disorder,24,2023,12
MCKENZIE TOWNE,Disorder,20,2024,1
MCKENZIE TOWNE,Disorder,27,2024,2
MCKENZIE TOWNE,Disorder,25,2024,3
MCKENZIE TOWNE,Disorder,48,2024,4
MCKENZIE TOWNE,Disorder,31,2024,5
MEADOWLARK PARK,Disorder,24,2018,1
MEADOWLARK PARK,Disorder,35,2018,2
MEADOWLARK PARK,Disorder,31,2018,3
MEADOWLARK PARK,Disorder,18,2018,4
MEADOWLARK PARK,Disorder,24,2018,5
MEADOWLARK PARK,Disorder,38,2018,6
MEADOWLARK PARK,Disorder,27,2018,7
MEADOWLARK PARK,Disorder,26,2018,8
MEADOWLARK PARK,Disorder,26,2018,9
MEADOWLARK PARK,Disorder,35,2018,10
MEADOWLARK PARK,Disorder,20,2018,11
MEADOWLARK PARK,Disorder,24,2018,12
MEADOWLARK PARK,Disorder,18,2019,1
MEADOWLARK PARK,Disorder,15,2019,2
MEADOWLARK PARK,Disorder,31,2019,3
MEADOWLARK PARK,Disorder,23,2019,4
MEADOWLARK PARK,Disorder,19,2019,5
MEADOWLARK PARK,Disorder,32,2019,6
MEADOWLARK PARK,Disorder,39,2019,7
MEADOWLARK PARK,Disorder,41,2019,8
MEADOWLARK PARK,Disorder,20,2019,9
MEADOWLARK PARK,Disorder,24,2019,10
MEADOWLARK PARK,Disorder,27,2019,11
MEADOWLARK PARK,Disorder,32,2019,12
MEADOWLARK PARK,Disorder,31,2020,1
MEADOWLARK PARK,Disorder,29,2020,2
MEADOWLARK PARK,Disorder,36,2020,3
MEADOWLARK PARK,Disorder,36,2020,4
MEADOWLARK PARK,Disorder,26,2020,5
MEADOWLARK PARK,Disorder,19,2020,6
MEADOWLARK PARK,Disorder,19,2020,7
MEADOWLARK PARK,Disorder,30,2020,8
MEADOWLARK PARK,Disorder,18,2020,9
MEADOWLARK PARK,Disorder,28,2020,10
MEADOWLARK PARK,Disorder,46,2020,11
MEADOWLARK PARK,Disorder,33,2020,12
MEADOWLARK PARK,Disorder,21,2021,1
MEADOWLARK PARK,Disorder,18,2021,2
MEADOWLARK PARK,Disorder,20,2021,3
MEADOWLARK PARK,Disorder,13,2021,4
MEADOWLARK PARK,Disorder,25,2021,5
MEADOWLARK PARK,Disorder,19,2021,6
MEADOWLARK PARK,Disorder,19,2021,7
MEADOWLARK PARK,Disorder,25,2021,8
MEADOWLARK PARK,Disorder,21,2021,9
MEADOWLARK PARK,Disorder,21,2021,10
MEADOWLARK PARK,Disorder,20,2021,11
MEADOWLARK PARK,Disorder,18,2021,12
MEADOWLARK PARK,Disorder,23,2022,1
MEADOWLARK PARK,Disorder,11,2022,2
MEADOWLARK PARK,Disorder,15,2022,3
MEADOWLARK PARK,Disorder,13,2022,4
MEADOWLARK PARK,Disorder,29,2022,5
MEADOWLARK PARK,Disorder,30,2022,6
MEADOWLARK PARK,Disorder,24,2022,7
MEADOWLARK PARK,Disorder,23,2022,8
MEADOWLARK PARK,Disorder,23,2022,9
MEADOWLARK PARK,Disorder,21,2022,10
MEADOWLARK PARK,Disorder,11,2022,11
MEADOWLARK PARK,Disorder,23,2022,12
MEADOWLARK PARK,Disorder,22,2023,1
MEADOWLARK PARK,Disorder,27,2023,2
MEADOWLARK PARK,Disorder,28,2023,3
MEADOWLARK PARK,Disorder,23,2023,4
MEADOWLARK PARK,Disorder,32,2023,5
MEADOWLARK PARK,Disorder,25,2023,6
MEADOWLARK PARK,Disorder,24,2023,7
MEADOWLARK PARK,Disorder,24,2023,8
MEADOWLARK PARK,Disorder,22,2023,9
MEADOWLARK PARK,Disorder,15,2023,10
MEADOWLARK PARK,Disorder,41,2023,11
MEADOWLARK PARK,Disorder,22,2023,12
MEADOWLARK PARK,Disorder,19,2024,1
MEADOWLARK PARK,Disorder,22,2024,2
MEADOWLARK PARK,Disorder,38,2024,3
MEADOWLARK PARK,Disorder,47,2024,4
MEADOWLARK PARK,Disorder,38,2024,5
MEDICINE HILL,Disorder,1,2018,2
MEDICINE HILL,Disorder,1,2018,3
MEDICINE HILL,Disorder,1,2018,6
MEDICINE HILL,Disorder,1,2018,7
MEDICINE HILL,Disorder,1,2018,8
MEDICINE HILL,Disorder,1,2018,9
MEDICINE HILL,Disorder,1,2018,10
MEDICINE HILL,Disorder,1,2018,11
MEDICINE HILL,Disorder,1,2019,6
MEDICINE HILL,Disorder,3,2019,8
MEDICINE HILL,Disorder,1,2020,2
MEDICINE HILL,Disorder,1,2020,3
MEDICINE HILL,Disorder,1,2020,5
MEDICINE HILL,Disorder,1,2020,7
MEDICINE HILL,Disorder,7,2021,1
MEDICINE HILL,Disorder,1,2021,3
MEDICINE HILL,Disorder,1,2021,5
MEDICINE HILL,Disorder,1,2021,9
MEDICINE HILL,Disorder,4,2021,10
MEDICINE HILL,Disorder,3,2021,11
MEDICINE HILL,Disorder,1,2021,12
MEDICINE HILL,Disorder,1,2022,1
MEDICINE HILL,Disorder,3,2022,2
MEDICINE HILL,Disorder,3,2022,3
MEDICINE HILL,Disorder,1,2022,4
MEDICINE HILL,Disorder,2,2022,6
MEDICINE HILL,Disorder,2,2022,7
MEDICINE HILL,Disorder,2,2022,8
MEDICINE HILL,Disorder,2,2022,10
MEDICINE HILL,Disorder,1,2023,1
MEDICINE HILL,Disorder,3,2023,2
MEDICINE HILL,Disorder,1,2023,3
MEDICINE HILL,Disorder,4,2023,4
MEDICINE HILL,Disorder,2,2023,5
MEDICINE HILL,Disorder,3,2023,6
MEDICINE HILL,Disorder,3,2023,7
MEDICINE HILL,Disorder,4,2023,8
MEDICINE HILL,Disorder,1,2023,11
MEDICINE HILL,Disorder,2,2023,12
MEDICINE HILL,Disorder,1,2024,1
MEDICINE HILL,Disorder,2,2024,4
MEDICINE HILL,Disorder,1,2024,5
MERIDIAN,Disorder,17,2018,1
MERIDIAN,Disorder,15,2018,2
MERIDIAN,Disorder,11,2018,3
MERIDIAN,Disorder,11,2018,4
MERIDIAN,Disorder,25,2018,5
MERIDIAN,Disorder,18,2018,6
MERIDIAN,Disorder,25,2018,7
MERIDIAN,Disorder,24,2018,8
MERIDIAN,Disorder,18,2018,9
MERIDIAN,Disorder,14,2018,10
MERIDIAN,Disorder,17,2018,11
MERIDIAN,Disorder,19,2018,12
MERIDIAN,Disorder,9,2019,1
MERIDIAN,Disorder,17,2019,2
MERIDIAN,Disorder,18,2019,3
MERIDIAN,Disorder,25,2019,4
MERIDIAN,Disorder,22,2019,5
MERIDIAN,Disorder,17,2019,6
MERIDIAN,Disorder,19,2019,7
MERIDIAN,Disorder,15,2019,8
MERIDIAN,Disorder,15,2019,9
MERIDIAN,Disorder,21,2019,10
MERIDIAN,Disorder,11,2019,11
MERIDIAN,Disorder,13,2019,12
MERIDIAN,Disorder,15,2020,1
MERIDIAN,Disorder,21,2020,2
MERIDIAN,Disorder,19,2020,3
MERIDIAN,Disorder,16,2020,4
MERIDIAN,Disorder,7,2020,5
MERIDIAN,Disorder,12,2020,6
MERIDIAN,Disorder,24,2020,7
MERIDIAN,Disorder,16,2020,8
MERIDIAN,Disorder,19,2020,9
MERIDIAN,Disorder,18,2020,10
MERIDIAN,Disorder,22,2020,11
MERIDIAN,Disorder,15,2020,12
MERIDIAN,Disorder,10,2021,1
MERIDIAN,Disorder,14,2021,2
MERIDIAN,Disorder,10,2021,3
MERIDIAN,Disorder,10,2021,4
MERIDIAN,Disorder,13,2021,5
MERIDIAN,Disorder,4,2021,6
MERIDIAN,Disorder,20,2021,7
MERIDIAN,Disorder,11,2021,8
MERIDIAN,Disorder,15,2021,9
MERIDIAN,Disorder,15,2021,10
MERIDIAN,Disorder,21,2021,11
MERIDIAN,Disorder,14,2021,12
MERIDIAN,Disorder,10,2022,1
MERIDIAN,Disorder,16,2022,2
MERIDIAN,Disorder,19,2022,3
MERIDIAN,Disorder,10,2022,4
MERIDIAN,Disorder,15,2022,5
MERIDIAN,Disorder,24,2022,6
MERIDIAN,Disorder,22,2022,7
MERIDIAN,Disorder,21,2022,8
MERIDIAN,Disorder,23,2022,9
MERIDIAN,Disorder,22,2022,10
MERIDIAN,Disorder,23,2022,11
MERIDIAN,Disorder,27,2022,12
MERIDIAN,Disorder,25,2023,1
MERIDIAN,Disorder,21,2023,2
MERIDIAN,Disorder,33,2023,3
MERIDIAN,Disorder,27,2023,4
MERIDIAN,Disorder,25,2023,5
MERIDIAN,Disorder,24,2023,6
MERIDIAN,Disorder,16,2023,7
MERIDIAN,Disorder,13,2023,8
MERIDIAN,Disorder,14,2023,9
MERIDIAN,Disorder,23,2023,10
MERIDIAN,Disorder,16,2023,11
MERIDIAN,Disorder,13,2023,12
MERIDIAN,Disorder,15,2024,1
MERIDIAN,Disorder,17,2024,2
MERIDIAN,Disorder,19,2024,3
MERIDIAN,Disorder,14,2024,4
MERIDIAN,Disorder,19,2024,5
MIDNAPORE,Disorder,43,2018,1
MIDNAPORE,Disorder,25,2018,2
MIDNAPORE,Disorder,37,2018,3
MIDNAPORE,Disorder,42,2018,4
MIDNAPORE,Disorder,29,2018,5
MIDNAPORE,Disorder,40,2018,6
MIDNAPORE,Disorder,40,2018,7
MIDNAPORE,Disorder,31,2018,8
MIDNAPORE,Disorder,26,2018,9
MIDNAPORE,Disorder,27,2018,10
MIDNAPORE,Disorder,25,2018,11
MIDNAPORE,Disorder,30,2018,12
MIDNAPORE,Disorder,27,2019,1
MIDNAPORE,Disorder,32,2019,2
MIDNAPORE,Disorder,29,2019,3
MIDNAPORE,Disorder,30,2019,4
MIDNAPORE,Disorder,25,2019,5
MIDNAPORE,Disorder,28,2019,6
MIDNAPORE,Disorder,31,2019,7
MIDNAPORE,Disorder,31,2019,8
MIDNAPORE,Disorder,28,2019,9
MIDNAPORE,Disorder,27,2019,10
MIDNAPORE,Disorder,32,2019,11
MIDNAPORE,Disorder,26,2019,12
MIDNAPORE,Disorder,23,2020,1
MIDNAPORE,Disorder,29,2020,2
MIDNAPORE,Disorder,33,2020,3
MIDNAPORE,Disorder,49,2020,4
MIDNAPORE,Disorder,56,2020,5
MIDNAPORE,Disorder,36,2020,6
MIDNAPORE,Disorder,41,2020,7
MIDNAPORE,Disorder,44,2020,8
MIDNAPORE,Disorder,38,2020,9
MIDNAPORE,Disorder,30,2020,10
MIDNAPORE,Disorder,26,2020,11
MIDNAPORE,Disorder,19,2020,12
MIDNAPORE,Disorder,23,2021,1
MIDNAPORE,Disorder,22,2021,2
MIDNAPORE,Disorder,47,2021,3
MIDNAPORE,Disorder,30,2021,4
MIDNAPORE,Disorder,30,2021,5
MIDNAPORE,Disorder,22,2021,6
MIDNAPORE,Disorder,38,2021,7
MIDNAPORE,Disorder,26,2021,8
MIDNAPORE,Disorder,19,2021,9
MIDNAPORE,Disorder,22,2021,10
MIDNAPORE,Disorder,18,2021,11
MIDNAPORE,Disorder,23,2021,12
MIDNAPORE,Disorder,23,2022,1
MIDNAPORE,Disorder,33,2022,2
MIDNAPORE,Disorder,28,2022,3
MIDNAPORE,Disorder,38,2022,4
MIDNAPORE,Disorder,45,2022,5
MIDNAPORE,Disorder,37,2022,6
MIDNAPORE,Disorder,34,2022,7
MIDNAPORE,Disorder,26,2022,8
MIDNAPORE,Disorder,32,2022,9
MIDNAPORE,Disorder,16,2022,10
MIDNAPORE,Disorder,27,2022,11
MIDNAPORE,Disorder,20,2022,12
MIDNAPORE,Disorder,35,2023,1
MIDNAPORE,Disorder,25,2023,2
MIDNAPORE,Disorder,30,2023,3
MIDNAPORE,Disorder,27,2023,4
MIDNAPORE,Disorder,25,2023,5
MIDNAPORE,Disorder,36,2023,6
MIDNAPORE,Disorder,34,2023,7
MIDNAPORE,Disorder,29,2023,8
MIDNAPORE,Disorder,28,2023,9
MIDNAPORE,Disorder,27,2023,10
MIDNAPORE,Disorder,21,2023,11
MIDNAPORE,Disorder,12,2023,12
MIDNAPORE,Disorder,23,2024,1
MIDNAPORE,Disorder,16,2024,2
MIDNAPORE,Disorder,29,2024,3
MIDNAPORE,Disorder,19,2024,4
MIDNAPORE,Disorder,31,2024,5
MILLRISE,Disorder,27,2018,1
MILLRISE,Disorder,22,2018,2
MILLRISE,Disorder,18,2018,3
MILLRISE,Disorder,16,2018,4
MILLRISE,Disorder,19,2018,5
MILLRISE,Disorder,17,2018,6
MILLRISE,Disorder,25,2018,7
MILLRISE,Disorder,19,2018,8
MILLRISE,Disorder,18,2018,9
MILLRISE,Disorder,16,2018,10
MILLRISE,Disorder,13,2018,11
MILLRISE,Disorder,15,2018,12
MILLRISE,Disorder,11,2019,1
MILLRISE,Disorder,15,2019,2
MILLRISE,Disorder,9,2019,3
MILLRISE,Disorder,17,2019,4
MILLRISE,Disorder,11,2019,5
MILLRISE,Disorder,11,2019,6
MILLRISE,Disorder,7,2019,7
MILLRISE,Disorder,22,2019,8
MILLRISE,Disorder,19,2019,9
MILLRISE,Disorder,16,2019,10
MILLRISE,Disorder,12,2019,11
MILLRISE,Disorder,7,2019,12
MILLRISE,Disorder,14,2020,1
MILLRISE,Disorder,14,2020,2
MILLRISE,Disorder,14,2020,3
MILLRISE,Disorder,28,2020,4
MILLRISE,Disorder,10,2020,5
MILLRISE,Disorder,11,2020,6
MILLRISE,Disorder,14,2020,7
MILLRISE,Disorder,26,2020,8
MILLRISE,Disorder,19,2020,9
MILLRISE,Disorder,10,2020,10
MILLRISE,Disorder,12,2020,11
MILLRISE,Disorder,13,2020,12
MILLRISE,Disorder,13,2021,1
MILLRISE,Disorder,7,2021,2
MILLRISE,Disorder,12,2021,3
MILLRISE,Disorder,25,2021,4
MILLRISE,Disorder,22,2021,5
MILLRISE,Disorder,10,2021,6
MILLRISE,Disorder,28,2021,7
MILLRISE,Disorder,12,2021,8
MILLRISE,Disorder,14,2021,9
MILLRISE,Disorder,15,2021,10
MILLRISE,Disorder,18,2021,11
MILLRISE,Disorder,16,2021,12
MILLRISE,Disorder,9,2022,1
MILLRISE,Disorder,6,2022,2
MILLRISE,Disorder,18,2022,3
MILLRISE,Disorder,19,2022,4
MILLRISE,Disorder,13,2022,5
MILLRISE,Disorder,14,2022,6
MILLRISE,Disorder,14,2022,7
MILLRISE,Disorder,15,2022,8
MILLRISE,Disorder,17,2022,9
MILLRISE,Disorder,12,2022,10
MILLRISE,Disorder,7,2022,11
MILLRISE,Disorder,8,2022,12
MILLRISE,Disorder,9,2023,1
MILLRISE,Disorder,7,2023,2
MILLRISE,Disorder,19,2023,3
MILLRISE,Disorder,14,2023,4
MILLRISE,Disorder,14,2023,5
MILLRISE,Disorder,18,2023,6
MILLRISE,Disorder,13,2023,7
MILLRISE,Disorder,13,2023,8
MILLRISE,Disorder,6,2023,9
MILLRISE,Disorder,10,2023,10
MILLRISE,Disorder,4,2023,11
MILLRISE,Disorder,9,2023,12
MILLRISE,Disorder,4,2024,1
MILLRISE,Disorder,6,2024,2
MILLRISE,Disorder,2,2024,3
MILLRISE,Disorder,9,2024,4
MILLRISE,Disorder,16,2024,5
MISSION,Disorder,43,2018,1
MISSION,Disorder,38,2018,2
MISSION,Disorder,61,2018,3
MISSION,Disorder,59,2018,4
MISSION,Disorder,75,2018,5
MISSION,Disorder,66,2018,6
MISSION,Disorder,88,2018,7
MISSION,Disorder,83,2018,8
MISSION,Disorder,56,2018,9
MISSION,Disorder,63,2018,10
MISSION,Disorder,75,2018,11
MISSION,Disorder,42,2018,12
MISSION,Disorder,26,2019,1
MISSION,Disorder,34,2019,2
MISSION,Disorder,57,2019,3
MISSION,Disorder,46,2019,4
MISSION,Disorder,51,2019,5
MISSION,Disorder,76,2019,6
MISSION,Disorder,79,2019,7
MISSION,Disorder,73,2019,8
MISSION,Disorder,55,2019,9
MISSION,Disorder,51,2019,10
MISSION,Disorder,38,2019,11
MISSION,Disorder,33,2019,12
MISSION,Disorder,32,2020,1
MISSION,Disorder,29,2020,2
MISSION,Disorder,48,2020,3
MISSION,Disorder,77,2020,4
MISSION,Disorder,77,2020,5
MISSION,Disorder,85,2020,6
MISSION,Disorder,77,2020,7
MISSION,Disorder,82,2020,8
MISSION,Disorder,99,2020,9
MISSION,Disorder,87,2020,10
MISSION,Disorder,68,2020,11
MISSION,Disorder,58,2020,12
MISSION,Disorder,41,2021,1
MISSION,Disorder,35,2021,2
MISSION,Disorder,64,2021,3
MISSION,Disorder,50,2021,4
MISSION,Disorder,63,2021,5
MISSION,Disorder,68,2021,6
MISSION,Disorder,80,2021,7
MISSION,Disorder,74,2021,8
MISSION,Disorder,46,2021,9
MISSION,Disorder,55,2021,10
MISSION,Disorder,55,2021,11
MISSION,Disorder,37,2021,12
MISSION,Disorder,43,2022,1
MISSION,Disorder,34,2022,2
MISSION,Disorder,42,2022,3
MISSION,Disorder,39,2022,4
MISSION,Disorder,58,2022,5
MISSION,Disorder,45,2022,6
MISSION,Disorder,74,2022,7
MISSION,Disorder,54,2022,8
MISSION,Disorder,55,2022,9
MISSION,Disorder,42,2022,10
MISSION,Disorder,48,2022,11
MISSION,Disorder,50,2022,12
MISSION,Disorder,46,2023,1
MISSION,Disorder,41,2023,2
MISSION,Disorder,51,2023,3
MISSION,Disorder,40,2023,4
MISSION,Disorder,47,2023,5
MISSION,Disorder,72,2023,6
MISSION,Disorder,57,2023,7
MISSION,Disorder,56,2023,8
MISSION,Disorder,39,2023,9
MISSION,Disorder,36,2023,10
MISSION,Disorder,40,2023,11
MISSION,Disorder,59,2023,12
MISSION,Disorder,40,2024,1
MISSION,Disorder,43,2024,2
MISSION,Disorder,37,2024,3
MISSION,Disorder,50,2024,4
MISSION,Disorder,46,2024,5
MONTEREY PARK,Disorder,25,2018,1
MONTEREY PARK,Disorder,24,2018,2
MONTEREY PARK,Disorder,19,2018,3
MONTEREY PARK,Disorder,33,2018,4
MONTEREY PARK,Disorder,47,2018,5
MONTEREY PARK,Disorder,32,2018,6
MONTEREY PARK,Disorder,47,2018,7
MONTEREY PARK,Disorder,33,2018,8
MONTEREY PARK,Disorder,35,2018,9
MONTEREY PARK,Disorder,26,2018,10
MONTEREY PARK,Disorder,23,2018,11
MONTEREY PARK,Disorder,28,2018,12
MONTEREY PARK,Disorder,23,2019,1
MONTEREY PARK,Disorder,19,2019,2
MONTEREY PARK,Disorder,34,2019,3
MONTEREY PARK,Disorder,23,2019,4
MONTEREY PARK,Disorder,36,2019,5
MONTEREY PARK,Disorder,36,2019,6
MONTEREY PARK,Disorder,37,2019,7
MONTEREY PARK,Disorder,30,2019,8
MONTEREY PARK,Disorder,47,2019,9
MONTEREY PARK,Disorder,47,2019,10
MONTEREY PARK,Disorder,29,2019,11
MONTEREY PARK,Disorder,36,2019,12
MONTEREY PARK,Disorder,20,2020,1
MONTEREY PARK,Disorder,18,2020,2
MONTEREY PARK,Disorder,33,2020,3
MONTEREY PARK,Disorder,32,2020,4
MONTEREY PARK,Disorder,38,2020,5
MONTEREY PARK,Disorder,42,2020,6
MONTEREY PARK,Disorder,41,2020,7
MONTEREY PARK,Disorder,40,2020,8
MONTEREY PARK,Disorder,27,2020,9
MONTEREY PARK,Disorder,44,2020,10
MONTEREY PARK,Disorder,29,2020,11
MONTEREY PARK,Disorder,20,2020,12
MONTEREY PARK,Disorder,20,2021,1
MONTEREY PARK,Disorder,36,2021,2
MONTEREY PARK,Disorder,41,2021,3
MONTEREY PARK,Disorder,27,2021,4
MONTEREY PARK,Disorder,42,2021,5
MONTEREY PARK,Disorder,31,2021,6
MONTEREY PARK,Disorder,22,2021,7
MONTEREY PARK,Disorder,37,2021,8
MONTEREY PARK,Disorder,29,2021,9
MONTEREY PARK,Disorder,19,2021,10
MONTEREY PARK,Disorder,34,2021,11
MONTEREY PARK,Disorder,25,2021,12
MONTEREY PARK,Disorder,27,2022,1
MONTEREY PARK,Disorder,21,2022,2
MONTEREY PARK,Disorder,29,2022,3
MONTEREY PARK,Disorder,32,2022,4
MONTEREY PARK,Disorder,30,2022,5
MONTEREY PARK,Disorder,37,2022,6
MONTEREY PARK,Disorder,31,2022,7
MONTEREY PARK,Disorder,30,2022,8
MONTEREY PARK,Disorder,28,2022,9
MONTEREY PARK,Disorder,10,2022,10
MONTEREY PARK,Disorder,16,2022,11
MONTEREY PARK,Disorder,16,2022,12
MONTEREY PARK,Disorder,22,2023,1
MONTEREY PARK,Disorder,13,2023,2
MONTEREY PARK,Disorder,18,2023,3
MONTEREY PARK,Disorder,25,2023,4
MONTEREY PARK,Disorder,31,2023,5
MONTEREY PARK,Disorder,25,2023,6
MONTEREY PARK,Disorder,29,2023,7
MONTEREY PARK,Disorder,29,2023,8
MONTEREY PARK,Disorder,28,2023,9
MONTEREY PARK,Disorder,22,2023,10
MONTEREY PARK,Disorder,18,2023,11
MONTEREY PARK,Disorder,10,2023,12
MONTEREY PARK,Disorder,31,2024,1
MONTEREY PARK,Disorder,12,2024,2
MONTEREY PARK,Disorder,20,2024,3
MONTEREY PARK,Disorder,25,2024,4
MONTEREY PARK,Disorder,25,2024,5
MONTGOMERY,Disorder,56,2018,1
MONTGOMERY,Disorder,55,2018,2
MONTGOMERY,Disorder,45,2018,3
MONTGOMERY,Disorder,48,2018,4
MONTGOMERY,Disorder,61,2018,5
MONTGOMERY,Disorder,60,2018,6
MONTGOMERY,Disorder,58,2018,7
MONTGOMERY,Disorder,61,2018,8
MONTGOMERY,Disorder,47,2018,9
MONTGOMERY,Disorder,39,2018,10
MONTGOMERY,Disorder,24,2018,11
MONTGOMERY,Disorder,38,2018,12
MONTGOMERY,Disorder,33,2019,1
MONTGOMERY,Disorder,27,2019,2
MONTGOMERY,Disorder,67,2019,3
MONTGOMERY,Disorder,44,2019,4
MONTGOMERY,Disorder,45,2019,5
MONTGOMERY,Disorder,77,2019,6
MONTGOMERY,Disorder,82,2019,7
MONTGOMERY,Disorder,76,2019,8
MONTGOMERY,Disorder,66,2019,9
MONTGOMERY,Disorder,71,2019,10
MONTGOMERY,Disorder,27,2019,11
MONTGOMERY,Disorder,36,2019,12
MONTGOMERY,Disorder,37,2020,1
MONTGOMERY,Disorder,45,2020,2
MONTGOMERY,Disorder,48,2020,3
MONTGOMERY,Disorder,102,2020,4
MONTGOMERY,Disorder,108,2020,5
MONTGOMERY,Disorder,124,2020,6
MONTGOMERY,Disorder,78,2020,7
MONTGOMERY,Disorder,94,2020,8
MONTGOMERY,Disorder,55,2020,9
MONTGOMERY,Disorder,46,2020,10
MONTGOMERY,Disorder,66,2020,11
MONTGOMERY,Disorder,60,2020,12
MONTGOMERY,Disorder,54,2021,1
MONTGOMERY,Disorder,38,2021,2
MONTGOMERY,Disorder,69,2021,3
MONTGOMERY,Disorder,65,2021,4
MONTGOMERY,Disorder,82,2021,5
MONTGOMERY,Disorder,76,2021,6
MONTGOMERY,Disorder,76,2021,7
MONTGOMERY,Disorder,75,2021,8
MONTGOMERY,Disorder,68,2021,9
MONTGOMERY,Disorder,76,2021,10
MONTGOMERY,Disorder,58,2021,11
MONTGOMERY,Disorder,48,2021,12
MONTGOMERY,Disorder,59,2022,1
MONTGOMERY,Disorder,30,2022,2
MONTGOMERY,Disorder,48,2022,3
MONTGOMERY,Disorder,47,2022,4
MONTGOMERY,Disorder,58,2022,5
MONTGOMERY,Disorder,56,2022,6
MONTGOMERY,Disorder,48,2022,7
MONTGOMERY,Disorder,45,2022,8
MONTGOMERY,Disorder,42,2022,9
MONTGOMERY,Disorder,47,2022,10
MONTGOMERY,Disorder,36,2022,11
MONTGOMERY,Disorder,39,2022,12
MONTGOMERY,Disorder,31,2023,1
MONTGOMERY,Disorder,35,2023,2
MONTGOMERY,Disorder,44,2023,3
MONTGOMERY,Disorder,38,2023,4
MONTGOMERY,Disorder,51,2023,5
MONTGOMERY,Disorder,58,2023,6
MONTGOMERY,Disorder,67,2023,7
MONTGOMERY,Disorder,51,2023,8
MONTGOMERY,Disorder,39,2023,9
MONTGOMERY,Disorder,36,2023,10
MONTGOMERY,Disorder,39,2023,11
MONTGOMERY,Disorder,31,2023,12
MONTGOMERY,Disorder,28,2024,1
MONTGOMERY,Disorder,40,2024,2
MONTGOMERY,Disorder,23,2024,3
MONTGOMERY,Disorder,43,2024,4
MONTGOMERY,Disorder,45,2024,5
MOUNT PLEASANT,Disorder,26,2018,1
MOUNT PLEASANT,Disorder,12,2018,2
MOUNT PLEASANT,Disorder,29,2018,3
MOUNT PLEASANT,Disorder,41,2018,4
MOUNT PLEASANT,Disorder,29,2018,5
MOUNT PLEASANT,Disorder,31,2018,6
MOUNT PLEASANT,Disorder,50,2018,7
MOUNT PLEASANT,Disorder,48,2018,8
MOUNT PLEASANT,Disorder,33,2018,9
MOUNT PLEASANT,Disorder,28,2018,10
MOUNT PLEASANT,Disorder,23,2018,11
MOUNT PLEASANT,Disorder,23,2018,12
MOUNT PLEASANT,Disorder,34,2019,1
MOUNT PLEASANT,Disorder,15,2019,2
MOUNT PLEASANT,Disorder,34,2019,3
MOUNT PLEASANT,Disorder,42,2019,4
MOUNT PLEASANT,Disorder,37,2019,5
MOUNT PLEASANT,Disorder,45,2019,6
MOUNT PLEASANT,Disorder,34,2019,7
MOUNT PLEASANT,Disorder,47,2019,8
MOUNT PLEASANT,Disorder,43,2019,9
MOUNT PLEASANT,Disorder,45,2019,10
MOUNT PLEASANT,Disorder,35,2019,11
MOUNT PLEASANT,Disorder,42,2019,12
MOUNT PLEASANT,Disorder,31,2020,1
MOUNT PLEASANT,Disorder,31,2020,2
MOUNT PLEASANT,Disorder,43,2020,3
MOUNT PLEASANT,Disorder,44,2020,4
MOUNT PLEASANT,Disorder,55,2020,5
MOUNT PLEASANT,Disorder,41,2020,6
MOUNT PLEASANT,Disorder,52,2020,7
MOUNT PLEASANT,Disorder,53,2020,8
MOUNT PLEASANT,Disorder,49,2020,9
MOUNT PLEASANT,Disorder,38,2020,10
MOUNT PLEASANT,Disorder,40,2020,11
MOUNT PLEASANT,Disorder,28,2020,12
MOUNT PLEASANT,Disorder,23,2021,1
MOUNT PLEASANT,Disorder,17,2021,2
MOUNT PLEASANT,Disorder,43,2021,3
MOUNT PLEASANT,Disorder,45,2021,4
MOUNT PLEASANT,Disorder,47,2021,5
MOUNT PLEASANT,Disorder,49,2021,6
MOUNT PLEASANT,Disorder,43,2021,7
MOUNT PLEASANT,Disorder,45,2021,8
MOUNT PLEASANT,Disorder,46,2021,9
MOUNT PLEASANT,Disorder,31,2021,10
MOUNT PLEASANT,Disorder,51,2021,11
MOUNT PLEASANT,Disorder,26,2021,12
MOUNT PLEASANT,Disorder,33,2022,1
MOUNT PLEASANT,Disorder,54,2022,2
MOUNT PLEASANT,Disorder,56,2022,3
MOUNT PLEASANT,Disorder,60,2022,4
MOUNT PLEASANT,Disorder,58,2022,5
MOUNT PLEASANT,Disorder,65,2022,6
MOUNT PLEASANT,Disorder,52,2022,7
MOUNT PLEASANT,Disorder,51,2022,8
MOUNT PLEASANT,Disorder,62,2022,9
MOUNT PLEASANT,Disorder,39,2022,10
MOUNT PLEASANT,Disorder,21,2022,11
MOUNT PLEASANT,Disorder,14,2022,12
MOUNT PLEASANT,Disorder,38,2023,1
MOUNT PLEASANT,Disorder,18,2023,2
MOUNT PLEASANT,Disorder,30,2023,3
MOUNT PLEASANT,Disorder,37,2023,4
MOUNT PLEASANT,Disorder,37,2023,5
MOUNT PLEASANT,Disorder,26,2023,6
MOUNT PLEASANT,Disorder,53,2023,7
MOUNT PLEASANT,Disorder,37,2023,8
MOUNT PLEASANT,Disorder,36,2023,9
MOUNT PLEASANT,Disorder,31,2023,10
MOUNT PLEASANT,Disorder,38,2023,11
MOUNT PLEASANT,Disorder,22,2023,12
MOUNT PLEASANT,Disorder,23,2024,1
MOUNT PLEASANT,Disorder,15,2024,2
MOUNT PLEASANT,Disorder,21,2024,3
MOUNT PLEASANT,Disorder,22,2024,4
MOUNT PLEASANT,Disorder,27,2024,5
NEW BRIGHTON,Disorder,21,2018,1
NEW BRIGHTON,Disorder,22,2018,2
NEW BRIGHTON,Disorder,25,2018,3
NEW BRIGHTON,Disorder,18,2018,4
NEW BRIGHTON,Disorder,26,2018,5
NEW BRIGHTON,Disorder,33,2018,6
NEW BRIGHTON,Disorder,23,2018,7
NEW BRIGHTON,Disorder,23,2018,8
NEW BRIGHTON,Disorder,15,2018,9
NEW BRIGHTON,Disorder,13,2018,10
NEW BRIGHTON,Disorder,12,2018,11
NEW BRIGHTON,Disorder,19,2018,12
NEW BRIGHTON,Disorder,17,2019,1
NEW BRIGHTON,Disorder,13,2019,2
NEW BRIGHTON,Disorder,21,2019,3
NEW BRIGHTON,Disorder,24,2019,4
NEW BRIGHTON,Disorder,22,2019,5
NEW BRIGHTON,Disorder,25,2019,6
NEW BRIGHTON,Disorder,28,2019,7
NEW BRIGHTON,Disorder,29,2019,8
NEW BRIGHTON,Disorder,19,2019,9
NEW BRIGHTON,Disorder,22,2019,10
NEW BRIGHTON,Disorder,15,2019,11
NEW BRIGHTON,Disorder,20,2019,12
NEW BRIGHTON,Disorder,14,2020,1
NEW BRIGHTON,Disorder,16,2020,2
NEW BRIGHTON,Disorder,26,2020,3
NEW BRIGHTON,Disorder,25,2020,4
NEW BRIGHTON,Disorder,31,2020,5
NEW BRIGHTON,Disorder,23,2020,6
NEW BRIGHTON,Disorder,19,2020,7
NEW BRIGHTON,Disorder,35,2020,8
NEW BRIGHTON,Disorder,21,2020,9
NEW BRIGHTON,Disorder,14,2020,10
NEW BRIGHTON,Disorder,8,2020,11
NEW BRIGHTON,Disorder,12,2020,12
NEW BRIGHTON,Disorder,12,2021,1
NEW BRIGHTON,Disorder,17,2021,2
NEW BRIGHTON,Disorder,16,2021,3
NEW BRIGHTON,Disorder,27,2021,4
NEW BRIGHTON,Disorder,13,2021,5
NEW BRIGHTON,Disorder,23,2021,6
NEW BRIGHTON,Disorder,22,2021,7
NEW BRIGHTON,Disorder,23,2021,8
NEW BRIGHTON,Disorder,26,2021,9
NEW BRIGHTON,Disorder,17,2021,10
NEW BRIGHTON,Disorder,13,2021,11
NEW BRIGHTON,Disorder,13,2021,12
NEW BRIGHTON,Disorder,15,2022,1
NEW BRIGHTON,Disorder,15,2022,2
NEW BRIGHTON,Disorder,21,2022,3
NEW BRIGHTON,Disorder,11,2022,4
NEW BRIGHTON,Disorder,16,2022,5
NEW BRIGHTON,Disorder,28,2022,6
NEW BRIGHTON,Disorder,18,2022,7
NEW BRIGHTON,Disorder,17,2022,8
NEW BRIGHTON,Disorder,12,2022,9
NEW BRIGHTON,Disorder,21,2022,10
NEW BRIGHTON,Disorder,13,2022,11
NEW BRIGHTON,Disorder,10,2022,12
NEW BRIGHTON,Disorder,11,2023,1
NEW BRIGHTON,Disorder,9,2023,2
NEW BRIGHTON,Disorder,7,2023,3
NEW BRIGHTON,Disorder,22,2023,4
NEW BRIGHTON,Disorder,22,2023,5
NEW BRIGHTON,Disorder,16,2023,6
NEW BRIGHTON,Disorder,19,2023,7
NEW BRIGHTON,Disorder,18,2023,8
NEW BRIGHTON,Disorder,11,2023,9
NEW BRIGHTON,Disorder,11,2023,10
NEW BRIGHTON,Disorder,10,2023,11
NEW BRIGHTON,Disorder,11,2023,12
NEW BRIGHTON,Disorder,8,2024,1
NEW BRIGHTON,Disorder,7,2024,2
NEW BRIGHTON,Disorder,11,2024,3
NEW BRIGHTON,Disorder,14,2024,4
NEW BRIGHTON,Disorder,18,2024,5
NOLAN HILL,Disorder,10,2018,1
NOLAN HILL,Disorder,10,2018,2
NOLAN HILL,Disorder,7,2018,3
NOLAN HILL,Disorder,6,2018,4
NOLAN HILL,Disorder,2,2018,5
NOLAN HILL,Disorder,7,2018,6
NOLAN HILL,Disorder,15,2018,7
NOLAN HILL,Disorder,13,2018,8
NOLAN HILL,Disorder,16,2018,9
NOLAN HILL,Disorder,15,2018,10
NOLAN HILL,Disorder,8,2018,11
NOLAN HILL,Disorder,10,2018,12
NOLAN HILL,Disorder,8,2019,1
NOLAN HILL,Disorder,7,2019,2
NOLAN HILL,Disorder,12,2019,3
NOLAN HILL,Disorder,12,2019,4
NOLAN HILL,Disorder,13,2019,5
NOLAN HILL,Disorder,11,2019,6
NOLAN HILL,Disorder,11,2019,7
NOLAN HILL,Disorder,17,2019,8
NOLAN HILL,Disorder,12,2019,9
NOLAN HILL,Disorder,7,2019,10
NOLAN HILL,Disorder,4,2019,11
NOLAN HILL,Disorder,8,2019,12
NOLAN HILL,Disorder,3,2020,1
NOLAN HILL,Disorder,6,2020,2
NOLAN HILL,Disorder,22,2020,3
NOLAN HILL,Disorder,11,2020,4
NOLAN HILL,Disorder,17,2020,5
NOLAN HILL,Disorder,19,2020,6
NOLAN HILL,Disorder,7,2020,7
NOLAN HILL,Disorder,11,2020,8
NOLAN HILL,Disorder,12,2020,9
NOLAN HILL,Disorder,6,2020,10
NOLAN HILL,Disorder,9,2020,11
NOLAN HILL,Disorder,8,2020,12
NOLAN HILL,Disorder,3,2021,1
NOLAN HILL,Disorder,5,2021,2
NOLAN HILL,Disorder,3,2021,3
NOLAN HILL,Disorder,8,2021,4
NOLAN HILL,Disorder,6,2021,5
NOLAN HILL,Disorder,11,2021,6
NOLAN HILL,Disorder,6,2021,7
NOLAN HILL,Disorder,6,2021,8
NOLAN HILL,Disorder,11,2021,9
NOLAN HILL,Disorder,4,2021,10
NOLAN HILL,Disorder,11,2021,11
NOLAN HILL,Disorder,12,2021,12
NOLAN HILL,Disorder,10,2022,1
NOLAN HILL,Disorder,10,2022,2
NOLAN HILL,Disorder,9,2022,3
NOLAN HILL,Disorder,9,2022,4
NOLAN HILL,Disorder,5,2022,5
NOLAN HILL,Disorder,8,2022,6
NOLAN HILL,Disorder,7,2022,7
NOLAN HILL,Disorder,9,2022,8
NOLAN HILL,Disorder,10,2022,9
NOLAN HILL,Disorder,10,2022,10
NOLAN HILL,Disorder,4,2022,11
NOLAN HILL,Disorder,8,2022,12
NOLAN HILL,Disorder,9,2023,1
NOLAN HILL,Disorder,5,2023,2
NOLAN HILL,Disorder,4,2023,3
NOLAN HILL,Disorder,8,2023,4
NOLAN HILL,Disorder,7,2023,5
NOLAN HILL,Disorder,11,2023,6
NOLAN HILL,Disorder,9,2023,7
NOLAN HILL,Disorder,8,2023,8
NOLAN HILL,Disorder,12,2023,9
NOLAN HILL,Disorder,7,2023,10
NOLAN HILL,Disorder,3,2023,12
NOLAN HILL,Disorder,3,2024,1
NOLAN HILL,Disorder,12,2024,2
NOLAN HILL,Disorder,9,2024,3
NOLAN HILL,Disorder,5,2024,4
NOLAN HILL,Disorder,7,2024,5
NORTH AIRWAYS,Disorder,4,2018,1
NORTH AIRWAYS,Disorder,2,2018,2
NORTH AIRWAYS,Disorder,5,2018,3
NORTH AIRWAYS,Disorder,3,2018,4
NORTH AIRWAYS,Disorder,4,2018,5
NORTH AIRWAYS,Disorder,10,2018,6
NORTH AIRWAYS,Disorder,12,2018,7
NORTH AIRWAYS,Disorder,10,2018,8
NORTH AIRWAYS,Disorder,12,2018,9
NORTH AIRWAYS,Disorder,8,2018,10
NORTH AIRWAYS,Disorder,10,2018,11
NORTH AIRWAYS,Disorder,6,2018,12
NORTH AIRWAYS,Disorder,8,2019,1
NORTH AIRWAYS,Disorder,2,2019,2
NORTH AIRWAYS,Disorder,10,2019,3
NORTH AIRWAYS,Disorder,7,2019,4
NORTH AIRWAYS,Disorder,5,2019,5
NORTH AIRWAYS,Disorder,3,2019,6
NORTH AIRWAYS,Disorder,5,2019,7
NORTH AIRWAYS,Disorder,7,2019,8
NORTH AIRWAYS,Disorder,8,2019,9
NORTH AIRWAYS,Disorder,5,2019,10
NORTH AIRWAYS,Disorder,9,2019,11
NORTH AIRWAYS,Disorder,5,2019,12
NORTH AIRWAYS,Disorder,3,2020,1
NORTH AIRWAYS,Disorder,5,2020,2
NORTH AIRWAYS,Disorder,9,2020,3
NORTH AIRWAYS,Disorder,11,2020,4
NORTH AIRWAYS,Disorder,10,2020,5
NORTH AIRWAYS,Disorder,10,2020,6
NORTH AIRWAYS,Disorder,17,2020,7
NORTH AIRWAYS,Disorder,12,2020,8
NORTH AIRWAYS,Disorder,8,2020,9
NORTH AIRWAYS,Disorder,14,2020,10
NORTH AIRWAYS,Disorder,3,2020,11
NORTH AIRWAYS,Disorder,9,2020,12
NORTH AIRWAYS,Disorder,6,2021,1
NORTH AIRWAYS,Disorder,5,2021,2
NORTH AIRWAYS,Disorder,10,2021,3
NORTH AIRWAYS,Disorder,6,2021,4
NORTH AIRWAYS,Disorder,7,2021,5
NORTH AIRWAYS,Disorder,7,2021,6
NORTH AIRWAYS,Disorder,4,2021,7
NORTH AIRWAYS,Disorder,11,2021,8
NORTH AIRWAYS,Disorder,8,2021,9
NORTH AIRWAYS,Disorder,6,2021,10
NORTH AIRWAYS,Disorder,8,2021,11
NORTH AIRWAYS,Disorder,8,2021,12
NORTH AIRWAYS,Disorder,4,2022,1
NORTH AIRWAYS,Disorder,7,2022,2
NORTH AIRWAYS,Disorder,8,2022,3
NORTH AIRWAYS,Disorder,7,2022,4
NORTH AIRWAYS,Disorder,7,2022,5
NORTH AIRWAYS,Disorder,16,2022,6
NORTH AIRWAYS,Disorder,14,2022,7
NORTH AIRWAYS,Disorder,4,2022,8
NORTH AIRWAYS,Disorder,10,2022,9
NORTH AIRWAYS,Disorder,8,2022,10
NORTH AIRWAYS,Disorder,7,2022,11
NORTH AIRWAYS,Disorder,8,2022,12
NORTH AIRWAYS,Disorder,6,2023,1
NORTH AIRWAYS,Disorder,3,2023,2
NORTH AIRWAYS,Disorder,9,2023,3
NORTH AIRWAYS,Disorder,10,2023,4
NORTH AIRWAYS,Disorder,6,2023,5
NORTH AIRWAYS,Disorder,9,2023,6
NORTH AIRWAYS,Disorder,3,2023,7
NORTH AIRWAYS,Disorder,7,2023,8
NORTH AIRWAYS,Disorder,10,2023,9
NORTH AIRWAYS,Disorder,3,2023,10
NORTH AIRWAYS,Disorder,3,2023,11
NORTH AIRWAYS,Disorder,7,2023,12
NORTH AIRWAYS,Disorder,4,2024,1
NORTH AIRWAYS,Disorder,4,2024,2
NORTH AIRWAYS,Disorder,3,2024,3
NORTH AIRWAYS,Disorder,10,2024,4
NORTH AIRWAYS,Disorder,11,2024,5
NORTH GLENMORE PARK,Disorder,6,2018,1
NORTH GLENMORE PARK,Disorder,2,2018,2
NORTH GLENMORE PARK,Disorder,3,2018,3
NORTH GLENMORE PARK,Disorder,6,2018,4
NORTH GLENMORE PARK,Disorder,8,2018,5
NORTH GLENMORE PARK,Disorder,7,2018,6
NORTH GLENMORE PARK,Disorder,9,2018,7
NORTH GLENMORE PARK,Disorder,8,2018,8
NORTH GLENMORE PARK,Disorder,5,2018,9
NORTH GLENMORE PARK,Disorder,7,2018,10
NORTH GLENMORE PARK,Disorder,4,2018,11
NORTH GLENMORE PARK,Disorder,9,2018,12
NORTH GLENMORE PARK,Disorder,9,2019,1
NORTH GLENMORE PARK,Disorder,8,2019,2
NORTH GLENMORE PARK,Disorder,4,2019,3
NORTH GLENMORE PARK,Disorder,3,2019,4
NORTH GLENMORE PARK,Disorder,4,2019,5
NORTH GLENMORE PARK,Disorder,10,2019,6
NORTH GLENMORE PARK,Disorder,14,2019,7
NORTH GLENMORE PARK,Disorder,11,2019,8
NORTH GLENMORE PARK,Disorder,11,2019,9
NORTH GLENMORE PARK,Disorder,8,2019,10
NORTH GLENMORE PARK,Disorder,11,2019,11
NORTH GLENMORE PARK,Disorder,6,2019,12
NORTH GLENMORE PARK,Disorder,9,2020,1
NORTH GLENMORE PARK,Disorder,14,2020,2
NORTH GLENMORE PARK,Disorder,3,2020,3
NORTH GLENMORE PARK,Disorder,9,2020,4
NORTH GLENMORE PARK,Disorder,12,2020,5
NORTH GLENMORE PARK,Disorder,5,2020,6
NORTH GLENMORE PARK,Disorder,8,2020,7
NORTH GLENMORE PARK,Disorder,11,2020,8
NORTH GLENMORE PARK,Disorder,7,2020,9
NORTH GLENMORE PARK,Disorder,11,2020,10
NORTH GLENMORE PARK,Disorder,4,2020,11
NORTH GLENMORE PARK,Disorder,5,2020,12
NORTH GLENMORE PARK,Disorder,11,2021,1
NORTH GLENMORE PARK,Disorder,5,2021,2
NORTH GLENMORE PARK,Disorder,8,2021,3
NORTH GLENMORE PARK,Disorder,4,2021,4
NORTH GLENMORE PARK,Disorder,7,2021,5
NORTH GLENMORE PARK,Disorder,4,2021,6
NORTH GLENMORE PARK,Disorder,8,2021,7
NORTH GLENMORE PARK,Disorder,8,2021,8
NORTH GLENMORE PARK,Disorder,7,2021,9
NORTH GLENMORE PARK,Disorder,7,2021,10
NORTH GLENMORE PARK,Disorder,8,2021,11
NORTH GLENMORE PARK,Disorder,7,2021,12
NORTH GLENMORE PARK,Disorder,6,2022,1
NORTH GLENMORE PARK,Disorder,4,2022,2
NORTH GLENMORE PARK,Disorder,18,2022,3
NORTH GLENMORE PARK,Disorder,8,2022,4
NORTH GLENMORE PARK,Disorder,4,2022,5
NORTH GLENMORE PARK,Disorder,9,2022,6
NORTH GLENMORE PARK,Disorder,5,2022,7
NORTH GLENMORE PARK,Disorder,8,2022,8
NORTH GLENMORE PARK,Disorder,7,2022,9
NORTH GLENMORE PARK,Disorder,11,2022,10
NORTH GLENMORE PARK,Disorder,6,2022,11
NORTH GLENMORE PARK,Disorder,5,2022,12
NORTH GLENMORE PARK,Disorder,13,2023,1
NORTH GLENMORE PARK,Disorder,7,2023,2
NORTH GLENMORE PARK,Disorder,10,2023,3
NORTH GLENMORE PARK,Disorder,5,2023,4
NORTH GLENMORE PARK,Disorder,4,2023,5
NORTH GLENMORE PARK,Disorder,7,2023,6
NORTH GLENMORE PARK,Disorder,2,2023,7
NORTH GLENMORE PARK,Disorder,10,2023,8
NORTH GLENMORE PARK,Disorder,2,2023,9
NORTH GLENMORE PARK,Disorder,2,2023,10
NORTH GLENMORE PARK,Disorder,6,2023,11
NORTH GLENMORE PARK,Disorder,3,2023,12
NORTH GLENMORE PARK,Disorder,2,2024,1
NORTH GLENMORE PARK,Disorder,7,2024,2
NORTH GLENMORE PARK,Disorder,3,2024,3
NORTH GLENMORE PARK,Disorder,10,2024,4
NORTH GLENMORE PARK,Disorder,10,2024,5
NORTH HAVEN,Disorder,5,2018,1
NORTH HAVEN,Disorder,7,2018,2
NORTH HAVEN,Disorder,1,2018,3
NORTH HAVEN,Disorder,2,2018,4
NORTH HAVEN,Disorder,3,2018,5
NORTH HAVEN,Disorder,10,2018,6
NORTH HAVEN,Disorder,4,2018,7
NORTH HAVEN,Disorder,11,2018,8
NORTH HAVEN,Disorder,10,2018,9
NORTH HAVEN,Disorder,2,2018,10
NORTH HAVEN,Disorder,2,2018,11
NORTH HAVEN,Disorder,3,2018,12
NORTH HAVEN,Disorder,6,2019,1
NORTH HAVEN,Disorder,11,2019,2
NORTH HAVEN,Disorder,10,2019,3
NORTH HAVEN,Disorder,5,2019,4
NORTH HAVEN,Disorder,11,2019,5
NORTH HAVEN,Disorder,9,2019,6
NORTH HAVEN,Disorder,8,2019,7
NORTH HAVEN,Disorder,7,2019,8
NORTH HAVEN,Disorder,6,2019,9
NORTH HAVEN,Disorder,4,2019,10
NORTH HAVEN,Disorder,1,2019,11
NORTH HAVEN,Disorder,6,2019,12
NORTH HAVEN,Disorder,1,2020,1
NORTH HAVEN,Disorder,9,2020,2
NORTH HAVEN,Disorder,4,2020,3
NORTH HAVEN,Disorder,5,2020,4
NORTH HAVEN,Disorder,9,2020,5
NORTH HAVEN,Disorder,11,2020,6
NORTH HAVEN,Disorder,8,2020,7
NORTH HAVEN,Disorder,5,2020,8
NORTH HAVEN,Disorder,4,2020,9
NORTH HAVEN,Disorder,5,2020,10
NORTH HAVEN,Disorder,8,2020,11
NORTH HAVEN,Disorder,3,2020,12
NORTH HAVEN,Disorder,4,2021,1
NORTH HAVEN,Disorder,2,2021,2
NORTH HAVEN,Disorder,6,2021,3
NORTH HAVEN,Disorder,7,2021,4
NORTH HAVEN,Disorder,8,2021,5
NORTH HAVEN,Disorder,9,2021,6
NORTH HAVEN,Disorder,6,2021,7
NORTH HAVEN,Disorder,6,2021,8
NORTH HAVEN,Disorder,1,2021,9
NORTH HAVEN,Disorder,4,2021,10
NORTH HAVEN,Disorder,8,2021,11
NORTH HAVEN,Disorder,4,2021,12
NORTH HAVEN,Disorder,5,2022,1
NORTH HAVEN,Disorder,3,2022,2
NORTH HAVEN,Disorder,8,2022,3
NORTH HAVEN,Disorder,4,2022,4
NORTH HAVEN,Disorder,13,2022,5
NORTH HAVEN,Disorder,8,2022,6
NORTH HAVEN,Disorder,3,2022,7
NORTH HAVEN,Disorder,7,2022,8
NORTH HAVEN,Disorder,5,2022,9
NORTH HAVEN,Disorder,6,2022,10
NORTH HAVEN,Disorder,3,2022,11
NORTH HAVEN,Disorder,4,2022,12
NORTH HAVEN,Disorder,8,2023,1
NORTH HAVEN,Disorder,7,2023,2
NORTH HAVEN,Disorder,4,2023,3
NORTH HAVEN,Disorder,5,2023,4
NORTH HAVEN,Disorder,4,2023,5
NORTH HAVEN,Disorder,5,2023,6
NORTH HAVEN,Disorder,5,2023,7
NORTH HAVEN,Disorder,3,2023,8
NORTH HAVEN,Disorder,5,2023,9
NORTH HAVEN,Disorder,8,2023,10
NORTH HAVEN,Disorder,5,2023,11
NORTH HAVEN,Disorder,5,2023,12
NORTH HAVEN,Disorder,1,2024,1
NORTH HAVEN,Disorder,3,2024,2
NORTH HAVEN,Disorder,11,2024,3
NORTH HAVEN,Disorder,2,2024,4
NORTH HAVEN,Disorder,6,2024,5
NORTH HAVEN UPPER,Disorder,1,2018,1
NORTH HAVEN UPPER,Disorder,3,2018,2
NORTH HAVEN UPPER,Disorder,2,2018,4
NORTH HAVEN UPPER,Disorder,3,2018,5
NORTH HAVEN UPPER,Disorder,2,2018,6
NORTH HAVEN UPPER,Disorder,2,2018,8
NORTH HAVEN UPPER,Disorder,7,2018,9
NORTH HAVEN UPPER,Disorder,1,2018,10
NORTH HAVEN UPPER,Disorder,2,2018,12
NORTH HAVEN UPPER,Disorder,2,2019,1
NORTH HAVEN UPPER,Disorder,2,2019,3
NORTH HAVEN UPPER,Disorder,1,2019,4
NORTH HAVEN UPPER,Disorder,1,2019,6
NORTH HAVEN UPPER,Disorder,2,2019,7
NORTH HAVEN UPPER,Disorder,3,2019,10
NORTH HAVEN UPPER,Disorder,1,2019,11
NORTH HAVEN UPPER,Disorder,1,2019,12
NORTH HAVEN UPPER,Disorder,1,2020,1
NORTH HAVEN UPPER,Disorder,2,2020,5
NORTH HAVEN UPPER,Disorder,2,2020,7
NORTH HAVEN UPPER,Disorder,1,2020,8
NORTH HAVEN UPPER,Disorder,1,2020,9
NORTH HAVEN UPPER,Disorder,1,2020,10
NORTH HAVEN UPPER,Disorder,1,2020,11
NORTH HAVEN UPPER,Disorder,3,2020,12
NORTH HAVEN UPPER,Disorder,3,2021,1
NORTH HAVEN UPPER,Disorder,3,2021,2
NORTH HAVEN UPPER,Disorder,1,2021,3
NORTH HAVEN UPPER,Disorder,4,2021,4
NORTH HAVEN UPPER,Disorder,2,2021,5
NORTH HAVEN UPPER,Disorder,1,2021,6
NORTH HAVEN UPPER,Disorder,2,2021,8
NORTH HAVEN UPPER,Disorder,2,2021,9
NORTH HAVEN UPPER,Disorder,2,2021,10
NORTH HAVEN UPPER,Disorder,1,2022,2
NORTH HAVEN UPPER,Disorder,1,2022,3
NORTH HAVEN UPPER,Disorder,2,2022,4
NORTH HAVEN UPPER,Disorder,6,2022,5
NORTH HAVEN UPPER,Disorder,2,2022,6
NORTH HAVEN UPPER,Disorder,1,2022,7
NORTH HAVEN UPPER,Disorder,3,2022,8
NORTH HAVEN UPPER,Disorder,5,2022,9
NORTH HAVEN UPPER,Disorder,1,2023,1
NORTH HAVEN UPPER,Disorder,1,2023,3
NORTH HAVEN UPPER,Disorder,1,2023,4
NORTH HAVEN UPPER,Disorder,1,2023,8
NORTH HAVEN UPPER,Disorder,3,2023,9
NORTH HAVEN UPPER,Disorder,1,2023,10
NORTH HAVEN UPPER,Disorder,2,2023,11
NORTH HAVEN UPPER,Disorder,1,2024,1
NORTH HAVEN UPPER,Disorder,2,2024,2
NORTH HAVEN UPPER,Disorder,2,2024,4
NOSE HILL PARK,Disorder,1,2018,1
NOSE HILL PARK,Disorder,4,2018,2
NOSE HILL PARK,Disorder,1,2018,3
NOSE HILL PARK,Disorder,3,2018,4
NOSE HILL PARK,Disorder,1,2018,5
NOSE HILL PARK,Disorder,4,2018,6
NOSE HILL PARK,Disorder,4,2018,7
NOSE HILL PARK,Disorder,5,2018,8
NOSE HILL PARK,Disorder,3,2018,9
NOSE HILL PARK,Disorder,4,2018,10
NOSE HILL PARK,Disorder,1,2018,11
NOSE HILL PARK,Disorder,3,2018,12
NOSE HILL PARK,Disorder,8,2019,1
NOSE HILL PARK,Disorder,1,2019,2
NOSE HILL PARK,Disorder,6,2019,3
NOSE HILL PARK,Disorder,5,2019,4
NOSE HILL PARK,Disorder,7,2019,5
NOSE HILL PARK,Disorder,3,2019,6
NOSE HILL PARK,Disorder,7,2019,7
NOSE HILL PARK,Disorder,2,2019,8
NOSE HILL PARK,Disorder,2,2019,9
NOSE HILL PARK,Disorder,3,2019,10
NOSE HILL PARK,Disorder,2,2019,11
NOSE HILL PARK,Disorder,4,2019,12
NOSE HILL PARK,Disorder,1,2020,1
NOSE HILL PARK,Disorder,2,2020,2
NOSE HILL PARK,Disorder,5,2020,3
NOSE HILL PARK,Disorder,6,2020,4
NOSE HILL PARK,Disorder,2,2020,5
NOSE HILL PARK,Disorder,9,2020,6
NOSE HILL PARK,Disorder,5,2020,7
NOSE HILL PARK,Disorder,4,2020,8
NOSE HILL PARK,Disorder,3,2020,9
NOSE HILL PARK,Disorder,5,2020,10
NOSE HILL PARK,Disorder,4,2020,11
NOSE HILL PARK,Disorder,3,2020,12
NOSE HILL PARK,Disorder,4,2021,2
NOSE HILL PARK,Disorder,6,2021,3
NOSE HILL PARK,Disorder,2,2021,4
NOSE HILL PARK,Disorder,3,2021,5
NOSE HILL PARK,Disorder,5,2021,6
NOSE HILL PARK,Disorder,4,2021,7
NOSE HILL PARK,Disorder,6,2021,8
NOSE HILL PARK,Disorder,4,2021,9
NOSE HILL PARK,Disorder,4,2021,10
NOSE HILL PARK,Disorder,4,2021,11
NOSE HILL PARK,Disorder,3,2021,12
NOSE HILL PARK,Disorder,2,2022,1
NOSE HILL PARK,Disorder,2,2022,2
NOSE HILL PARK,Disorder,7,2022,3
NOSE HILL PARK,Disorder,1,2022,4
NOSE HILL PARK,Disorder,7,2022,5
NOSE HILL PARK,Disorder,3,2022,6
NOSE HILL PARK,Disorder,2,2022,7
NOSE HILL PARK,Disorder,7,2022,8
NOSE HILL PARK,Disorder,5,2022,9
NOSE HILL PARK,Disorder,6,2022,10
NOSE HILL PARK,Disorder,1,2022,11
NOSE HILL PARK,Disorder,3,2022,12
NOSE HILL PARK,Disorder,4,2023,1
NOSE HILL PARK,Disorder,1,2023,2
NOSE HILL PARK,Disorder,3,2023,3
NOSE HILL PARK,Disorder,4,2023,4
NOSE HILL PARK,Disorder,4,2023,6
NOSE HILL PARK,Disorder,1,2023,7
NOSE HILL PARK,Disorder,6,2023,8
NOSE HILL PARK,Disorder,4,2023,9
NOSE HILL PARK,Disorder,1,2023,10
NOSE HILL PARK,Disorder,4,2023,11
NOSE HILL PARK,Disorder,4,2023,12
NOSE HILL PARK,Disorder,2,2024,1
NOSE HILL PARK,Disorder,2,2024,2
NOSE HILL PARK,Disorder,5,2024,3
NOSE HILL PARK,Disorder,6,2024,4
NOSE HILL PARK,Disorder,7,2024,5
OAKRIDGE,Disorder,10,2018,1
OAKRIDGE,Disorder,8,2018,2
OAKRIDGE,Disorder,6,2018,3
OAKRIDGE,Disorder,21,2018,4
OAKRIDGE,Disorder,14,2018,5
OAKRIDGE,Disorder,20,2018,6
OAKRIDGE,Disorder,23,2018,7
OAKRIDGE,Disorder,19,2018,8
OAKRIDGE,Disorder,17,2018,9
OAKRIDGE,Disorder,19,2018,10
OAKRIDGE,Disorder,12,2018,11
OAKRIDGE,Disorder,12,2018,12
OAKRIDGE,Disorder,14,2019,1
OAKRIDGE,Disorder,1,2019,2
OAKRIDGE,Disorder,12,2019,3
OAKRIDGE,Disorder,18,2019,4
OAKRIDGE,Disorder,9,2019,5
OAKRIDGE,Disorder,18,2019,6
OAKRIDGE,Disorder,15,2019,7
OAKRIDGE,Disorder,11,2019,8
OAKRIDGE,Disorder,13,2019,9
OAKRIDGE,Disorder,7,2019,10
OAKRIDGE,Disorder,14,2019,11
OAKRIDGE,Disorder,8,2019,12
OAKRIDGE,Disorder,8,2020,1
OAKRIDGE,Disorder,10,2020,2
OAKRIDGE,Disorder,7,2020,3
OAKRIDGE,Disorder,14,2020,4
OAKRIDGE,Disorder,19,2020,5
OAKRIDGE,Disorder,22,2020,6
OAKRIDGE,Disorder,20,2020,7
OAKRIDGE,Disorder,13,2020,8
OAKRIDGE,Disorder,14,2020,9
OAKRIDGE,Disorder,19,2020,10
OAKRIDGE,Disorder,17,2020,11
OAKRIDGE,Disorder,14,2020,12
OAKRIDGE,Disorder,8,2021,1
OAKRIDGE,Disorder,8,2021,2
OAKRIDGE,Disorder,14,2021,3
OAKRIDGE,Disorder,5,2021,4
OAKRIDGE,Disorder,19,2021,5
OAKRIDGE,Disorder,27,2021,6
OAKRIDGE,Disorder,17,2021,7
OAKRIDGE,Disorder,19,2021,8
OAKRIDGE,Disorder,17,2021,9
OAKRIDGE,Disorder,18,2021,10
OAKRIDGE,Disorder,11,2021,11
OAKRIDGE,Disorder,6,2021,12
OAKRIDGE,Disorder,9,2022,1
OAKRIDGE,Disorder,12,2022,2
OAKRIDGE,Disorder,8,2022,3
OAKRIDGE,Disorder,13,2022,4
OAKRIDGE,Disorder,10,2022,5
OAKRIDGE,Disorder,18,2022,6
OAKRIDGE,Disorder,18,2022,7
OAKRIDGE,Disorder,20,2022,8
OAKRIDGE,Disorder,17,2022,9
OAKRIDGE,Disorder,15,2022,10
OAKRIDGE,Disorder,8,2022,11
OAKRIDGE,Disorder,7,2022,12
OAKRIDGE,Disorder,7,2023,1
OAKRIDGE,Disorder,3,2023,2
OAKRIDGE,Disorder,6,2023,3
OAKRIDGE,Disorder,12,2023,4
OAKRIDGE,Disorder,12,2023,5
OAKRIDGE,Disorder,10,2023,6
OAKRIDGE,Disorder,17,2023,7
OAKRIDGE,Disorder,15,2023,8
OAKRIDGE,Disorder,9,2023,9
OAKRIDGE,Disorder,11,2023,10
OAKRIDGE,Disorder,9,2023,11
OAKRIDGE,Disorder,7,2023,12
OAKRIDGE,Disorder,7,2024,1
OAKRIDGE,Disorder,9,2024,2
OAKRIDGE,Disorder,11,2024,3
OAKRIDGE,Disorder,7,2024,4
OAKRIDGE,Disorder,3,2024,5
OGDEN,Disorder,50,2018,1
OGDEN,Disorder,44,2018,2
OGDEN,Disorder,56,2018,3
OGDEN,Disorder,67,2018,4
OGDEN,Disorder,63,2018,5
OGDEN,Disorder,55,2018,6
OGDEN,Disorder,66,2018,7
OGDEN,Disorder,73,2018,8
OGDEN,Disorder,81,2018,9
OGDEN,Disorder,52,2018,10
OGDEN,Disorder,47,2018,11
OGDEN,Disorder,31,2018,12
OGDEN,Disorder,54,2019,1
OGDEN,Disorder,44,2019,2
OGDEN,Disorder,48,2019,3
OGDEN,Disorder,77,2019,4
OGDEN,Disorder,82,2019,5
OGDEN,Disorder,65,2019,6
OGDEN,Disorder,79,2019,7
OGDEN,Disorder,72,2019,8
OGDEN,Disorder,40,2019,9
OGDEN,Disorder,51,2019,10
OGDEN,Disorder,41,2019,11
OGDEN,Disorder,34,2019,12
OGDEN,Disorder,38,2020,1
OGDEN,Disorder,39,2020,2
OGDEN,Disorder,44,2020,3
OGDEN,Disorder,74,2020,4
OGDEN,Disorder,82,2020,5
OGDEN,Disorder,73,2020,6
OGDEN,Disorder,78,2020,7
OGDEN,Disorder,76,2020,8
OGDEN,Disorder,61,2020,9
OGDEN,Disorder,67,2020,10
OGDEN,Disorder,43,2020,11
OGDEN,Disorder,42,2020,12
OGDEN,Disorder,35,2021,1
OGDEN,Disorder,29,2021,2
OGDEN,Disorder,39,2021,3
OGDEN,Disorder,30,2021,4
OGDEN,Disorder,36,2021,5
OGDEN,Disorder,35,2021,6
OGDEN,Disorder,64,2021,7
OGDEN,Disorder,52,2021,8
OGDEN,Disorder,49,2021,9
OGDEN,Disorder,55,2021,10
OGDEN,Disorder,40,2021,11
OGDEN,Disorder,36,2021,12
OGDEN,Disorder,25,2022,1
OGDEN,Disorder,20,2022,2
OGDEN,Disorder,32,2022,3
OGDEN,Disorder,39,2022,4
OGDEN,Disorder,38,2022,5
OGDEN,Disorder,39,2022,6
OGDEN,Disorder,54,2022,7
OGDEN,Disorder,44,2022,8
OGDEN,Disorder,45,2022,9
OGDEN,Disorder,32,2022,10
OGDEN,Disorder,32,2022,11
OGDEN,Disorder,22,2022,12
OGDEN,Disorder,32,2023,1
OGDEN,Disorder,34,2023,2
OGDEN,Disorder,39,2023,3
OGDEN,Disorder,52,2023,4
OGDEN,Disorder,47,2023,5
OGDEN,Disorder,54,2023,6
OGDEN,Disorder,70,2023,7
OGDEN,Disorder,53,2023,8
OGDEN,Disorder,37,2023,9
OGDEN,Disorder,29,2023,10
OGDEN,Disorder,25,2023,11
OGDEN,Disorder,22,2023,12
OGDEN,Disorder,26,2024,1
OGDEN,Disorder,35,2024,2
OGDEN,Disorder,28,2024,3
OGDEN,Disorder,31,2024,4
OGDEN,Disorder,31,2024,5
OGDEN SHOPS,Disorder,1,2018,4
OGDEN SHOPS,Disorder,1,2018,5
OGDEN SHOPS,Disorder,1,2018,6
OGDEN SHOPS,Disorder,1,2018,7
OGDEN SHOPS,Disorder,1,2018,9
OGDEN SHOPS,Disorder,1,2018,10
OGDEN SHOPS,Disorder,1,2019,3
OGDEN SHOPS,Disorder,1,2019,5
OGDEN SHOPS,Disorder,2,2019,7
OGDEN SHOPS,Disorder,1,2019,8
OGDEN SHOPS,Disorder,1,2019,12
OGDEN SHOPS,Disorder,2,2020,1
OGDEN SHOPS,Disorder,3,2020,5
OGDEN SHOPS,Disorder,1,2020,6
OGDEN SHOPS,Disorder,2,2020,7
OGDEN SHOPS,Disorder,2,2020,8
OGDEN SHOPS,Disorder,2,2020,9
OGDEN SHOPS,Disorder,1,2021,3
OGDEN SHOPS,Disorder,1,2021,4
OGDEN SHOPS,Disorder,2,2021,7
OGDEN SHOPS,Disorder,1,2021,9
OGDEN SHOPS,Disorder,2,2022,3
OGDEN SHOPS,Disorder,1,2022,4
OGDEN SHOPS,Disorder,1,2022,7
OGDEN SHOPS,Disorder,1,2022,9
OGDEN SHOPS,Disorder,2,2022,10
OGDEN SHOPS,Disorder,1,2023,4
OGDEN SHOPS,Disorder,1,2023,5
OGDEN SHOPS,Disorder,2,2023,6
OGDEN SHOPS,Disorder,2,2023,8
OGDEN SHOPS,Disorder,3,2023,9
OGDEN SHOPS,Disorder,1,2023,11
OGDEN SHOPS,Disorder,2,2023,12
OGDEN SHOPS,Disorder,2,2024,1
OGDEN SHOPS,Disorder,2,2024,3
OGDEN SHOPS,Disorder,1,2024,4
OGDEN SHOPS,Disorder,1,2024,5
PALLISER,Disorder,13,2018,1
PALLISER,Disorder,9,2018,2
PALLISER,Disorder,8,2018,3
PALLISER,Disorder,9,2018,4
PALLISER,Disorder,8,2018,5
PALLISER,Disorder,9,2018,6
PALLISER,Disorder,11,2018,7
PALLISER,Disorder,7,2018,8
PALLISER,Disorder,8,2018,9
PALLISER,Disorder,5,2018,10
PALLISER,Disorder,4,2018,11
PALLISER,Disorder,8,2018,12
PALLISER,Disorder,4,2019,1
PALLISER,Disorder,15,2019,2
PALLISER,Disorder,9,2019,3
PALLISER,Disorder,10,2019,4
PALLISER,Disorder,10,2019,5
PALLISER,Disorder,7,2019,6
PALLISER,Disorder,5,2019,7
PALLISER,Disorder,9,2019,8
PALLISER,Disorder,8,2019,9
PALLISER,Disorder,3,2019,10
PALLISER,Disorder,5,2019,11
PALLISER,Disorder,8,2019,12
PALLISER,Disorder,6,2020,1
PALLISER,Disorder,11,2020,2
PALLISER,Disorder,13,2020,3
PALLISER,Disorder,8,2020,4
PALLISER,Disorder,9,2020,5
PALLISER,Disorder,9,2020,6
PALLISER,Disorder,9,2020,7
PALLISER,Disorder,4,2020,8
PALLISER,Disorder,3,2020,9
PALLISER,Disorder,11,2020,10
PALLISER,Disorder,4,2020,11
PALLISER,Disorder,10,2020,12
PALLISER,Disorder,7,2021,1
PALLISER,Disorder,9,2021,2
PALLISER,Disorder,13,2021,3
PALLISER,Disorder,10,2021,4
PALLISER,Disorder,8,2021,5
PALLISER,Disorder,8,2021,6
PALLISER,Disorder,7,2021,7
PALLISER,Disorder,10,2021,8
PALLISER,Disorder,8,2021,9
PALLISER,Disorder,7,2021,10
PALLISER,Disorder,5,2021,11
PALLISER,Disorder,4,2021,12
PALLISER,Disorder,4,2022,1
PALLISER,Disorder,4,2022,2
PALLISER,Disorder,8,2022,3
PALLISER,Disorder,3,2022,4
PALLISER,Disorder,3,2022,5
PALLISER,Disorder,7,2022,6
PALLISER,Disorder,14,2022,7
PALLISER,Disorder,5,2022,8
PALLISER,Disorder,3,2022,9
PALLISER,Disorder,10,2022,10
PALLISER,Disorder,9,2022,11
PALLISER,Disorder,8,2022,12
PALLISER,Disorder,9,2023,1
PALLISER,Disorder,2,2023,2
PALLISER,Disorder,10,2023,3
PALLISER,Disorder,4,2023,4
PALLISER,Disorder,8,2023,5
PALLISER,Disorder,16,2023,6
PALLISER,Disorder,13,2023,7
PALLISER,Disorder,5,2023,8
PALLISER,Disorder,10,2023,9
PALLISER,Disorder,3,2023,10
PALLISER,Disorder,4,2023,11
PALLISER,Disorder,6,2023,12
PALLISER,Disorder,7,2024,1
PALLISER,Disorder,4,2024,2
PALLISER,Disorder,4,2024,3
PALLISER,Disorder,3,2024,4
PALLISER,Disorder,13,2024,5
PANORAMA HILLS,Disorder,37,2018,1
PANORAMA HILLS,Disorder,22,2018,2
PANORAMA HILLS,Disorder,31,2018,3
PANORAMA HILLS,Disorder,32,2018,4
PANORAMA HILLS,Disorder,54,2018,5
PANORAMA HILLS,Disorder,47,2018,6
PANORAMA HILLS,Disorder,46,2018,7
PANORAMA HILLS,Disorder,58,2018,8
PANORAMA HILLS,Disorder,41,2018,9
PANORAMA HILLS,Disorder,33,2018,10
PANORAMA HILLS,Disorder,33,2018,11
PANORAMA HILLS,Disorder,44,2018,12
PANORAMA HILLS,Disorder,30,2019,1
PANORAMA HILLS,Disorder,22,2019,2
PANORAMA HILLS,Disorder,37,2019,3
PANORAMA HILLS,Disorder,35,2019,4
PANORAMA HILLS,Disorder,45,2019,5
PANORAMA HILLS,Disorder,50,2019,6
PANORAMA HILLS,Disorder,47,2019,7
PANORAMA HILLS,Disorder,46,2019,8
PANORAMA HILLS,Disorder,37,2019,9
PANORAMA HILLS,Disorder,23,2019,10
PANORAMA HILLS,Disorder,25,2019,11
PANORAMA HILLS,Disorder,27,2019,12
PANORAMA HILLS,Disorder,34,2020,1
PANORAMA HILLS,Disorder,23,2020,2
PANORAMA HILLS,Disorder,40,2020,3
PANORAMA HILLS,Disorder,34,2020,4
PANORAMA HILLS,Disorder,42,2020,5
PANORAMA HILLS,Disorder,47,2020,6
PANORAMA HILLS,Disorder,49,2020,7
PANORAMA HILLS,Disorder,50,2020,8
PANORAMA HILLS,Disorder,44,2020,9
PANORAMA HILLS,Disorder,30,2020,10
PANORAMA HILLS,Disorder,30,2020,11
PANORAMA HILLS,Disorder,25,2020,12
PANORAMA HILLS,Disorder,23,2021,1
PANORAMA HILLS,Disorder,19,2021,2
PANORAMA HILLS,Disorder,33,2021,3
PANORAMA HILLS,Disorder,40,2021,4
PANORAMA HILLS,Disorder,25,2021,5
PANORAMA HILLS,Disorder,43,2021,6
PANORAMA HILLS,Disorder,52,2021,7
PANORAMA HILLS,Disorder,42,2021,8
PANORAMA HILLS,Disorder,27,2021,9
PANORAMA HILLS,Disorder,28,2021,10
PANORAMA HILLS,Disorder,38,2021,11
PANORAMA HILLS,Disorder,19,2021,12
PANORAMA HILLS,Disorder,25,2022,1
PANORAMA HILLS,Disorder,28,2022,2
PANORAMA HILLS,Disorder,33,2022,3
PANORAMA HILLS,Disorder,31,2022,4
PANORAMA HILLS,Disorder,35,2022,5
PANORAMA HILLS,Disorder,46,2022,6
PANORAMA HILLS,Disorder,44,2022,7
PANORAMA HILLS,Disorder,61,2022,8
PANORAMA HILLS,Disorder,37,2022,9
PANORAMA HILLS,Disorder,27,2022,10
PANORAMA HILLS,Disorder,23,2022,11
PANORAMA HILLS,Disorder,14,2022,12
PANORAMA HILLS,Disorder,27,2023,1
PANORAMA HILLS,Disorder,29,2023,2
PANORAMA HILLS,Disorder,31,2023,3
PANORAMA HILLS,Disorder,27,2023,4
PANORAMA HILLS,Disorder,43,2023,5
PANORAMA HILLS,Disorder,32,2023,6
PANORAMA HILLS,Disorder,48,2023,7
PANORAMA HILLS,Disorder,37,2023,8
PANORAMA HILLS,Disorder,30,2023,9
PANORAMA HILLS,Disorder,30,2023,10
PANORAMA HILLS,Disorder,41,2023,11
PANORAMA HILLS,Disorder,25,2023,12
PANORAMA HILLS,Disorder,26,2024,1
PANORAMA HILLS,Disorder,20,2024,2
PANORAMA HILLS,Disorder,21,2024,3
PANORAMA HILLS,Disorder,30,2024,4
PANORAMA HILLS,Disorder,22,2024,5
PARKDALE,Disorder,10,2018,1
PARKDALE,Disorder,8,2018,2
PARKDALE,Disorder,14,2018,3
PARKDALE,Disorder,12,2018,4
PARKDALE,Disorder,12,2018,5
PARKDALE,Disorder,8,2018,6
PARKDALE,Disorder,12,2018,7
PARKDALE,Disorder,8,2018,8
PARKDALE,Disorder,10,2018,9
PARKDALE,Disorder,10,2018,10
PARKDALE,Disorder,9,2018,11
PARKDALE,Disorder,8,2018,12
PARKDALE,Disorder,8,2019,1
PARKDALE,Disorder,6,2019,2
PARKDALE,Disorder,14,2019,3
PARKDALE,Disorder,11,2019,4
PARKDALE,Disorder,13,2019,5
PARKDALE,Disorder,14,2019,6
PARKDALE,Disorder,12,2019,7
PARKDALE,Disorder,15,2019,8
PARKDALE,Disorder,13,2019,9
PARKDALE,Disorder,6,2019,10
PARKDALE,Disorder,8,2019,11
PARKDALE,Disorder,7,2019,12
PARKDALE,Disorder,6,2020,1
PARKDALE,Disorder,6,2020,2
PARKDALE,Disorder,5,2020,3
PARKDALE,Disorder,16,2020,4
PARKDALE,Disorder,16,2020,5
PARKDALE,Disorder,8,2020,6
PARKDALE,Disorder,10,2020,7
PARKDALE,Disorder,11,2020,8
PARKDALE,Disorder,16,2020,9
PARKDALE,Disorder,16,2020,10
PARKDALE,Disorder,9,2020,11
PARKDALE,Disorder,10,2020,12
PARKDALE,Disorder,5,2021,1
PARKDALE,Disorder,9,2021,2
PARKDALE,Disorder,9,2021,3
PARKDALE,Disorder,10,2021,4
PARKDALE,Disorder,13,2021,5
PARKDALE,Disorder,11,2021,6
PARKDALE,Disorder,8,2021,7
PARKDALE,Disorder,15,2021,8
PARKDALE,Disorder,12,2021,9
PARKDALE,Disorder,9,2021,10
PARKDALE,Disorder,5,2021,11
PARKDALE,Disorder,5,2021,12
PARKDALE,Disorder,7,2022,1
PARKDALE,Disorder,11,2022,2
PARKDALE,Disorder,7,2022,3
PARKDALE,Disorder,14,2022,4
PARKDALE,Disorder,8,2022,5
PARKDALE,Disorder,5,2022,6
PARKDALE,Disorder,13,2022,7
PARKDALE,Disorder,15,2022,8
PARKDALE,Disorder,10,2022,9
PARKDALE,Disorder,13,2022,10
PARKDALE,Disorder,6,2022,11
PARKDALE,Disorder,3,2022,12
PARKDALE,Disorder,7,2023,1
PARKDALE,Disorder,6,2023,2
PARKDALE,Disorder,3,2023,3
PARKDALE,Disorder,15,2023,4
PARKDALE,Disorder,14,2023,5
PARKDALE,Disorder,8,2023,6
PARKDALE,Disorder,9,2023,7
PARKDALE,Disorder,10,2023,8
PARKDALE,Disorder,22,2023,9
PARKDALE,Disorder,7,2023,10
PARKDALE,Disorder,9,2023,11
PARKDALE,Disorder,2,2023,12
PARKDALE,Disorder,13,2024,1
PARKDALE,Disorder,13,2024,2
PARKDALE,Disorder,14,2024,3
PARKDALE,Disorder,10,2024,4
PARKDALE,Disorder,14,2024,5
PARKHILL,Disorder,17,2018,1
PARKHILL,Disorder,6,2018,2
PARKHILL,Disorder,9,2018,3
PARKHILL,Disorder,15,2018,4
PARKHILL,Disorder,13,2018,5
PARKHILL,Disorder,25,2018,6
PARKHILL,Disorder,28,2018,7
PARKHILL,Disorder,13,2018,8
PARKHILL,Disorder,13,2018,9
PARKHILL,Disorder,25,2018,10
PARKHILL,Disorder,11,2018,11
PARKHILL,Disorder,10,2018,12
PARKHILL,Disorder,10,2019,1
PARKHILL,Disorder,10,2019,2
PARKHILL,Disorder,6,2019,3
PARKHILL,Disorder,15,2019,4
PARKHILL,Disorder,13,2019,5
PARKHILL,Disorder,23,2019,6
PARKHILL,Disorder,24,2019,7
PARKHILL,Disorder,34,2019,8
PARKHILL,Disorder,41,2019,9
PARKHILL,Disorder,34,2019,10
PARKHILL,Disorder,22,2019,11
PARKHILL,Disorder,23,2019,12
PARKHILL,Disorder,12,2020,1
PARKHILL,Disorder,23,2020,2
PARKHILL,Disorder,21,2020,3
PARKHILL,Disorder,28,2020,4
PARKHILL,Disorder,37,2020,5
PARKHILL,Disorder,37,2020,6
PARKHILL,Disorder,43,2020,7
PARKHILL,Disorder,67,2020,8
PARKHILL,Disorder,35,2020,9
PARKHILL,Disorder,28,2020,10
PARKHILL,Disorder,18,2020,11
PARKHILL,Disorder,18,2020,12
PARKHILL,Disorder,14,2021,1
PARKHILL,Disorder,18,2021,2
PARKHILL,Disorder,16,2021,3
PARKHILL,Disorder,16,2021,4
PARKHILL,Disorder,40,2021,5
PARKHILL,Disorder,48,2021,6
PARKHILL,Disorder,52,2021,7
PARKHILL,Disorder,36,2021,8
PARKHILL,Disorder,25,2021,9
PARKHILL,Disorder,48,2021,10
PARKHILL,Disorder,27,2021,11
PARKHILL,Disorder,23,2021,12
PARKHILL,Disorder,16,2022,1
PARKHILL,Disorder,34,2022,2
PARKHILL,Disorder,23,2022,3
PARKHILL,Disorder,22,2022,4
PARKHILL,Disorder,17,2022,5
PARKHILL,Disorder,26,2022,6
PARKHILL,Disorder,25,2022,7
PARKHILL,Disorder,36,2022,8
PARKHILL,Disorder,26,2022,9
PARKHILL,Disorder,31,2022,10
PARKHILL,Disorder,21,2022,11
PARKHILL,Disorder,15,2022,12
PARKHILL,Disorder,10,2023,1
PARKHILL,Disorder,11,2023,2
PARKHILL,Disorder,7,2023,3
PARKHILL,Disorder,11,2023,4
PARKHILL,Disorder,30,2023,5
PARKHILL,Disorder,50,2023,6
PARKHILL,Disorder,34,2023,7
PARKHILL,Disorder,39,2023,8
PARKHILL,Disorder,21,2023,9
PARKHILL,Disorder,11,2023,10
PARKHILL,Disorder,6,2023,11
PARKHILL,Disorder,7,2023,12
PARKHILL,Disorder,4,2024,1
PARKHILL,Disorder,13,2024,2
PARKHILL,Disorder,12,2024,3
PARKHILL,Disorder,4,2024,4
PARKHILL,Disorder,14,2024,5
PARKLAND,Disorder,3,2018,1
PARKLAND,Disorder,3,2018,2
PARKLAND,Disorder,6,2018,3
PARKLAND,Disorder,3,2018,4
PARKLAND,Disorder,8,2018,5
PARKLAND,Disorder,8,2018,6
PARKLAND,Disorder,9,2018,7
PARKLAND,Disorder,9,2018,8
PARKLAND,Disorder,3,2018,9
PARKLAND,Disorder,10,2018,10
PARKLAND,Disorder,9,2018,11
PARKLAND,Disorder,7,2018,12
PARKLAND,Disorder,4,2019,1
PARKLAND,Disorder,3,2019,2
PARKLAND,Disorder,2,2019,3
PARKLAND,Disorder,9,2019,4
PARKLAND,Disorder,6,2019,5
PARKLAND,Disorder,10,2019,6
PARKLAND,Disorder,9,2019,7
PARKLAND,Disorder,6,2019,8
PARKLAND,Disorder,8,2019,9
PARKLAND,Disorder,7,2019,10
PARKLAND,Disorder,5,2019,11
PARKLAND,Disorder,4,2019,12
PARKLAND,Disorder,4,2020,1
PARKLAND,Disorder,6,2020,2
PARKLAND,Disorder,5,2020,3
PARKLAND,Disorder,5,2020,4
PARKLAND,Disorder,10,2020,5
PARKLAND,Disorder,1,2020,6
PARKLAND,Disorder,13,2020,7
PARKLAND,Disorder,11,2020,8
PARKLAND,Disorder,8,2020,9
PARKLAND,Disorder,12,2020,10
PARKLAND,Disorder,5,2020,11
PARKLAND,Disorder,5,2020,12
PARKLAND,Disorder,5,2021,1
PARKLAND,Disorder,5,2021,2
PARKLAND,Disorder,2,2021,3
PARKLAND,Disorder,6,2021,4
PARKLAND,Disorder,7,2021,5
PARKLAND,Disorder,8,2021,6
PARKLAND,Disorder,8,2021,7
PARKLAND,Disorder,13,2021,8
PARKLAND,Disorder,10,2021,9
PARKLAND,Disorder,4,2021,10
PARKLAND,Disorder,4,2021,11
PARKLAND,Disorder,4,2022,1
PARKLAND,Disorder,1,2022,2
PARKLAND,Disorder,4,2022,3
PARKLAND,Disorder,1,2022,4
PARKLAND,Disorder,6,2022,5
PARKLAND,Disorder,2,2022,6
PARKLAND,Disorder,7,2022,7
PARKLAND,Disorder,8,2022,8
PARKLAND,Disorder,9,2022,9
PARKLAND,Disorder,2,2022,10
PARKLAND,Disorder,4,2022,11
PARKLAND,Disorder,1,2022,12
PARKLAND,Disorder,4,2023,1
PARKLAND,Disorder,4,2023,2
PARKLAND,Disorder,3,2023,3
PARKLAND,Disorder,5,2023,4
PARKLAND,Disorder,8,2023,5
PARKLAND,Disorder,4,2023,6
PARKLAND,Disorder,4,2023,7
PARKLAND,Disorder,5,2023,8
PARKLAND,Disorder,3,2023,9
PARKLAND,Disorder,7,2023,10
PARKLAND,Disorder,9,2023,11
PARKLAND,Disorder,5,2023,12
PARKLAND,Disorder,7,2024,1
PARKLAND,Disorder,3,2024,2
PARKLAND,Disorder,5,2024,3
PARKLAND,Disorder,4,2024,4
PARKLAND,Disorder,1,2024,5
PATTERSON,Disorder,10,2018,1
PATTERSON,Disorder,11,2018,2
PATTERSON,Disorder,4,2018,3
PATTERSON,Disorder,5,2018,4
PATTERSON,Disorder,7,2018,5
PATTERSON,Disorder,10,2018,6
PATTERSON,Disorder,7,2018,7
PATTERSON,Disorder,13,2018,8
PATTERSON,Disorder,5,2018,9
PATTERSON,Disorder,10,2018,10
PATTERSON,Disorder,8,2018,11
PATTERSON,Disorder,11,2018,12
PATTERSON,Disorder,14,2019,1
PATTERSON,Disorder,6,2019,2
PATTERSON,Disorder,11,2019,3
PATTERSON,Disorder,18,2019,4
PATTERSON,Disorder,10,2019,5
PATTERSON,Disorder,15,2019,6
PATTERSON,Disorder,12,2019,7
PATTERSON,Disorder,9,2019,8
PATTERSON,Disorder,10,2019,9
PATTERSON,Disorder,6,2019,10
PATTERSON,Disorder,6,2019,11
PATTERSON,Disorder,10,2019,12
PATTERSON,Disorder,7,2020,2
PATTERSON,Disorder,12,2020,3
PATTERSON,Disorder,16,2020,4
PATTERSON,Disorder,5,2020,5
PATTERSON,Disorder,8,2020,6
PATTERSON,Disorder,14,2020,7
PATTERSON,Disorder,13,2020,8
PATTERSON,Disorder,7,2020,9
PATTERSON,Disorder,7,2020,10
PATTERSON,Disorder,8,2020,11
PATTERSON,Disorder,2,2020,12
PATTERSON,Disorder,11,2021,1
PATTERSON,Disorder,4,2021,2
PATTERSON,Disorder,6,2021,3
PATTERSON,Disorder,9,2021,4
PATTERSON,Disorder,18,2021,5
PATTERSON,Disorder,9,2021,6
PATTERSON,Disorder,9,2021,7
PATTERSON,Disorder,15,2021,8
PATTERSON,Disorder,6,2021,9
PATTERSON,Disorder,5,2021,10
PATTERSON,Disorder,6,2021,11
PATTERSON,Disorder,7,2021,12
PATTERSON,Disorder,9,2022,1
PATTERSON,Disorder,13,2022,2
PATTERSON,Disorder,6,2022,3
PATTERSON,Disorder,7,2022,4
PATTERSON,Disorder,5,2022,5
PATTERSON,Disorder,13,2022,6
PATTERSON,Disorder,10,2022,7
PATTERSON,Disorder,3,2022,8
PATTERSON,Disorder,9,2022,9
PATTERSON,Disorder,6,2022,10
PATTERSON,Disorder,7,2022,11
PATTERSON,Disorder,8,2022,12
PATTERSON,Disorder,10,2023,1
PATTERSON,Disorder,7,2023,2
PATTERSON,Disorder,5,2023,3
PATTERSON,Disorder,9,2023,4
PATTERSON,Disorder,5,2023,5
PATTERSON,Disorder,7,2023,7
PATTERSON,Disorder,6,2023,8
PATTERSON,Disorder,3,2023,9
PATTERSON,Disorder,6,2023,10
PATTERSON,Disorder,5,2023,11
PATTERSON,Disorder,6,2023,12
PATTERSON,Disorder,6,2024,1
PATTERSON,Disorder,4,2024,2
PATTERSON,Disorder,5,2024,3
PATTERSON,Disorder,2,2024,4
PATTERSON,Disorder,3,2024,5
PEGASUS,Disorder,1,2018,1
PEGASUS,Disorder,4,2018,3
PEGASUS,Disorder,2,2018,4
PEGASUS,Disorder,1,2018,7
PEGASUS,Disorder,2,2018,8
PEGASUS,Disorder,2,2018,10
PEGASUS,Disorder,5,2018,11
PEGASUS,Disorder,4,2018,12
PEGASUS,Disorder,3,2019,1
PEGASUS,Disorder,2,2019,2
PEGASUS,Disorder,1,2019,5
PEGASUS,Disorder,2,2019,6
PEGASUS,Disorder,3,2019,7
PEGASUS,Disorder,2,2019,8
PEGASUS,Disorder,2,2019,9
PEGASUS,Disorder,2,2019,11
PEGASUS,Disorder,1,2019,12
PEGASUS,Disorder,1,2020,1
PEGASUS,Disorder,3,2020,3
PEGASUS,Disorder,6,2020,4
PEGASUS,Disorder,3,2020,6
PEGASUS,Disorder,3,2020,7
PEGASUS,Disorder,1,2020,8
PEGASUS,Disorder,2,2020,10
PEGASUS,Disorder,1,2020,11
PEGASUS,Disorder,1,2020,12
PEGASUS,Disorder,2,2021,1
PEGASUS,Disorder,2,2021,3
PEGASUS,Disorder,1,2021,4
PEGASUS,Disorder,4,2021,5
PEGASUS,Disorder,1,2021,6
PEGASUS,Disorder,4,2021,7
PEGASUS,Disorder,4,2021,8
PEGASUS,Disorder,2,2021,9
PEGASUS,Disorder,1,2021,10
PEGASUS,Disorder,1,2021,11
PEGASUS,Disorder,4,2022,3
PEGASUS,Disorder,3,2022,4
PEGASUS,Disorder,2,2022,5
PEGASUS,Disorder,2,2022,6
PEGASUS,Disorder,5,2022,7
PEGASUS,Disorder,3,2022,8
PEGASUS,Disorder,1,2022,9
PEGASUS,Disorder,2,2022,10
PEGASUS,Disorder,3,2022,11
PEGASUS,Disorder,1,2022,12
PEGASUS,Disorder,1,2023,1
PEGASUS,Disorder,1,2023,3
PEGASUS,Disorder,1,2023,4
PEGASUS,Disorder,1,2023,5
PEGASUS,Disorder,2,2023,6
PEGASUS,Disorder,1,2023,7
PEGASUS,Disorder,4,2023,8
PEGASUS,Disorder,1,2023,9
PEGASUS,Disorder,5,2023,10
PEGASUS,Disorder,2,2023,11
PEGASUS,Disorder,1,2024,1
PEGASUS,Disorder,1,2024,2
PEGASUS,Disorder,1,2024,5
PENBROOKE MEADOWS,Disorder,57,2018,1
PENBROOKE MEADOWS,Disorder,59,2018,2
PENBROOKE MEADOWS,Disorder,76,2018,3
PENBROOKE MEADOWS,Disorder,63,2018,4
PENBROOKE MEADOWS,Disorder,66,2018,5
PENBROOKE MEADOWS,Disorder,107,2018,6
PENBROOKE MEADOWS,Disorder,96,2018,7
PENBROOKE MEADOWS,Disorder,99,2018,8
PENBROOKE MEADOWS,Disorder,79,2018,9
PENBROOKE MEADOWS,Disorder,70,2018,10
PENBROOKE MEADOWS,Disorder,70,2018,11
PENBROOKE MEADOWS,Disorder,55,2018,12
PENBROOKE MEADOWS,Disorder,36,2019,1
PENBROOKE MEADOWS,Disorder,31,2019,2
PENBROOKE MEADOWS,Disorder,51,2019,3
PENBROOKE MEADOWS,Disorder,78,2019,4
PENBROOKE MEADOWS,Disorder,80,2019,5
PENBROOKE MEADOWS,Disorder,80,2019,6
PENBROOKE MEADOWS,Disorder,76,2019,7
PENBROOKE MEADOWS,Disorder,105,2019,8
PENBROOKE MEADOWS,Disorder,79,2019,9
PENBROOKE MEADOWS,Disorder,66,2019,10
PENBROOKE MEADOWS,Disorder,70,2019,11
PENBROOKE MEADOWS,Disorder,55,2019,12
PENBROOKE MEADOWS,Disorder,35,2020,1
PENBROOKE MEADOWS,Disorder,55,2020,2
PENBROOKE MEADOWS,Disorder,67,2020,3
PENBROOKE MEADOWS,Disorder,76,2020,4
PENBROOKE MEADOWS,Disorder,96,2020,5
PENBROOKE MEADOWS,Disorder,76,2020,6
PENBROOKE MEADOWS,Disorder,85,2020,7
PENBROOKE MEADOWS,Disorder,104,2020,8
PENBROOKE MEADOWS,Disorder,113,2020,9
PENBROOKE MEADOWS,Disorder,91,2020,10
PENBROOKE MEADOWS,Disorder,65,2020,11
PENBROOKE MEADOWS,Disorder,60,2020,12
PENBROOKE MEADOWS,Disorder,57,2021,1
PENBROOKE MEADOWS,Disorder,53,2021,2
PENBROOKE MEADOWS,Disorder,70,2021,3
PENBROOKE MEADOWS,Disorder,89,2021,4
PENBROOKE MEADOWS,Disorder,64,2021,5
PENBROOKE MEADOWS,Disorder,82,2021,6
PENBROOKE MEADOWS,Disorder,86,2021,7
PENBROOKE MEADOWS,Disorder,81,2021,8
PENBROOKE MEADOWS,Disorder,98,2021,9
PENBROOKE MEADOWS,Disorder,81,2021,10
PENBROOKE MEADOWS,Disorder,55,2021,11
PENBROOKE MEADOWS,Disorder,63,2021,12
PENBROOKE MEADOWS,Disorder,51,2022,1
PENBROOKE MEADOWS,Disorder,45,2022,2
PENBROOKE MEADOWS,Disorder,68,2022,3
PENBROOKE MEADOWS,Disorder,73,2022,4
PENBROOKE MEADOWS,Disorder,79,2022,5
PENBROOKE MEADOWS,Disorder,74,2022,6
PENBROOKE MEADOWS,Disorder,71,2022,7
PENBROOKE MEADOWS,Disorder,61,2022,8
PENBROOKE MEADOWS,Disorder,69,2022,9
PENBROOKE MEADOWS,Disorder,57,2022,10
PENBROOKE MEADOWS,Disorder,46,2022,11
PENBROOKE MEADOWS,Disorder,47,2022,12
PENBROOKE MEADOWS,Disorder,67,2023,1
PENBROOKE MEADOWS,Disorder,42,2023,2
PENBROOKE MEADOWS,Disorder,56,2023,3
PENBROOKE MEADOWS,Disorder,83,2023,4
PENBROOKE MEADOWS,Disorder,76,2023,5
PENBROOKE MEADOWS,Disorder,89,2023,6
PENBROOKE MEADOWS,Disorder,81,2023,7
PENBROOKE MEADOWS,Disorder,61,2023,8
PENBROOKE MEADOWS,Disorder,62,2023,9
PENBROOKE MEADOWS,Disorder,58,2023,10
PENBROOKE MEADOWS,Disorder,85,2023,11
PENBROOKE MEADOWS,Disorder,69,2023,12
PENBROOKE MEADOWS,Disorder,63,2024,1
PENBROOKE MEADOWS,Disorder,56,2024,2
PENBROOKE MEADOWS,Disorder,56,2024,3
PENBROOKE MEADOWS,Disorder,73,2024,4
PENBROOKE MEADOWS,Disorder,67,2024,5
PINE CREEK,Disorder,1,2020,10
PINE CREEK,Disorder,1,2020,11
PINE CREEK,Disorder,1,2021,1
PINE CREEK,Disorder,1,2021,2
PINE CREEK,Disorder,1,2021,3
PINE CREEK,Disorder,1,2021,4
PINE CREEK,Disorder,2,2021,7
PINE CREEK,Disorder,1,2021,8
PINE CREEK,Disorder,1,2021,9
PINE CREEK,Disorder,1,2021,10
PINE CREEK,Disorder,2,2022,1
PINE CREEK,Disorder,2,2022,2
PINE CREEK,Disorder,2,2022,3
PINE CREEK,Disorder,1,2022,4
PINE CREEK,Disorder,1,2022,5
PINE CREEK,Disorder,2,2022,6
PINE CREEK,Disorder,1,2022,7
PINE CREEK,Disorder,1,2022,8
PINE CREEK,Disorder,3,2022,9
PINE CREEK,Disorder,1,2022,10
PINE CREEK,Disorder,1,2022,11
PINE CREEK,Disorder,1,2022,12
PINE CREEK,Disorder,5,2023,1
PINE CREEK,Disorder,1,2023,2
PINE CREEK,Disorder,7,2023,4
PINE CREEK,Disorder,3,2023,5
PINE CREEK,Disorder,2,2023,6
PINE CREEK,Disorder,1,2023,7
PINE CREEK,Disorder,2,2023,8
PINE CREEK,Disorder,4,2023,9
PINE CREEK,Disorder,3,2023,10
PINE CREEK,Disorder,7,2023,11
PINE CREEK,Disorder,3,2023,12
PINE CREEK,Disorder,1,2024,1
PINE CREEK,Disorder,6,2024,2
PINE CREEK,Disorder,3,2024,3
PINE CREEK,Disorder,2,2024,5
PINERIDGE,Disorder,58,2018,1
PINERIDGE,Disorder,75,2018,2
PINERIDGE,Disorder,70,2018,3
PINERIDGE,Disorder,93,2018,4
PINERIDGE,Disorder,105,2018,5
PINERIDGE,Disorder,75,2018,6
PINERIDGE,Disorder,105,2018,7
PINERIDGE,Disorder,83,2018,8
PINERIDGE,Disorder,84,2018,9
PINERIDGE,Disorder,96,2018,10
PINERIDGE,Disorder,72,2018,11
PINERIDGE,Disorder,95,2018,12
PINERIDGE,Disorder,73,2019,1
PINERIDGE,Disorder,61,2019,2
PINERIDGE,Disorder,97,2019,3
PINERIDGE,Disorder,109,2019,4
PINERIDGE,Disorder,81,2019,5
PINERIDGE,Disorder,94,2019,6
PINERIDGE,Disorder,92,2019,7
PINERIDGE,Disorder,63,2019,8
PINERIDGE,Disorder,84,2019,9
PINERIDGE,Disorder,114,2019,10
PINERIDGE,Disorder,64,2019,11
PINERIDGE,Disorder,76,2019,12
PINERIDGE,Disorder,72,2020,1
PINERIDGE,Disorder,76,2020,2
PINERIDGE,Disorder,78,2020,3
PINERIDGE,Disorder,97,2020,4
PINERIDGE,Disorder,105,2020,5
PINERIDGE,Disorder,72,2020,6
PINERIDGE,Disorder,106,2020,7
PINERIDGE,Disorder,96,2020,8
PINERIDGE,Disorder,98,2020,9
PINERIDGE,Disorder,74,2020,10
PINERIDGE,Disorder,81,2020,11
PINERIDGE,Disorder,86,2020,12
PINERIDGE,Disorder,102,2021,1
PINERIDGE,Disorder,89,2021,2
PINERIDGE,Disorder,127,2021,3
PINERIDGE,Disorder,96,2021,4
PINERIDGE,Disorder,77,2021,5
PINERIDGE,Disorder,85,2021,6
PINERIDGE,Disorder,85,2021,7
PINERIDGE,Disorder,81,2021,8
PINERIDGE,Disorder,80,2021,9
PINERIDGE,Disorder,78,2021,10
PINERIDGE,Disorder,77,2021,11
PINERIDGE,Disorder,50,2021,12
PINERIDGE,Disorder,70,2022,1
PINERIDGE,Disorder,60,2022,2
PINERIDGE,Disorder,90,2022,3
PINERIDGE,Disorder,93,2022,4
PINERIDGE,Disorder,133,2022,5
PINERIDGE,Disorder,127,2022,6
PINERIDGE,Disorder,104,2022,7
PINERIDGE,Disorder,82,2022,8
PINERIDGE,Disorder,104,2022,9
PINERIDGE,Disorder,99,2022,10
PINERIDGE,Disorder,79,2022,11
PINERIDGE,Disorder,100,2022,12
PINERIDGE,Disorder,143,2023,1
PINERIDGE,Disorder,168,2023,2
PINERIDGE,Disorder,92,2023,3
PINERIDGE,Disorder,86,2023,4
PINERIDGE,Disorder,100,2023,5
PINERIDGE,Disorder,102,2023,6
PINERIDGE,Disorder,87,2023,7
PINERIDGE,Disorder,95,2023,8
PINERIDGE,Disorder,85,2023,9
PINERIDGE,Disorder,81,2023,10
PINERIDGE,Disorder,54,2023,11
PINERIDGE,Disorder,56,2023,12
PINERIDGE,Disorder,43,2024,1
PINERIDGE,Disorder,82,2024,2
PINERIDGE,Disorder,64,2024,3
PINERIDGE,Disorder,59,2024,4
PINERIDGE,Disorder,55,2024,5
POINT MCKAY,Disorder,2,2018,1
POINT MCKAY,Disorder,1,2018,5
POINT MCKAY,Disorder,2,2018,6
POINT MCKAY,Disorder,2,2018,7
POINT MCKAY,Disorder,1,2018,9
POINT MCKAY,Disorder,1,2018,10
POINT MCKAY,Disorder,1,2018,12
POINT MCKAY,Disorder,1,2019,1
POINT MCKAY,Disorder,1,2019,2
POINT MCKAY,Disorder,4,2019,4
POINT MCKAY,Disorder,4,2019,5
POINT MCKAY,Disorder,1,2019,6
POINT MCKAY,Disorder,4,2019,7
POINT MCKAY,Disorder,5,2019,8
POINT MCKAY,Disorder,3,2019,9
POINT MCKAY,Disorder,4,2019,11
POINT MCKAY,Disorder,4,2019,12
POINT MCKAY,Disorder,4,2020,2
POINT MCKAY,Disorder,3,2020,3
POINT MCKAY,Disorder,5,2020,4
POINT MCKAY,Disorder,3,2020,5
POINT MCKAY,Disorder,4,2020,6
POINT MCKAY,Disorder,5,2020,7
POINT MCKAY,Disorder,3,2020,8
POINT MCKAY,Disorder,1,2020,11
POINT MCKAY,Disorder,3,2020,12
POINT MCKAY,Disorder,1,2021,1
POINT MCKAY,Disorder,1,2021,2
POINT MCKAY,Disorder,1,2021,3
POINT MCKAY,Disorder,3,2021,4
POINT MCKAY,Disorder,3,2021,5
POINT MCKAY,Disorder,2,2021,6
POINT MCKAY,Disorder,4,2021,7
POINT MCKAY,Disorder,2,2021,8
POINT MCKAY,Disorder,7,2021,9
POINT MCKAY,Disorder,1,2021,10
POINT MCKAY,Disorder,1,2021,12
POINT MCKAY,Disorder,3,2022,1
POINT MCKAY,Disorder,1,2022,2
POINT MCKAY,Disorder,4,2022,3
POINT MCKAY,Disorder,1,2022,4
POINT MCKAY,Disorder,2,2022,5
POINT MCKAY,Disorder,3,2022,7
POINT MCKAY,Disorder,5,2022,8
POINT MCKAY,Disorder,5,2022,10
POINT MCKAY,Disorder,2,2022,11
POINT MCKAY,Disorder,2,2022,12
POINT MCKAY,Disorder,2,2023,1
POINT MCKAY,Disorder,1,2023,2
POINT MCKAY,Disorder,1,2023,3
POINT MCKAY,Disorder,3,2023,4
POINT MCKAY,Disorder,5,2023,5
POINT MCKAY,Disorder,4,2023,6
POINT MCKAY,Disorder,6,2023,7
POINT MCKAY,Disorder,2,2023,8
POINT MCKAY,Disorder,2,2023,9
POINT MCKAY,Disorder,1,2023,10
POINT MCKAY,Disorder,1,2024,1
POINT MCKAY,Disorder,1,2024,3
POINT MCKAY,Disorder,1,2024,4
PUMP HILL,Disorder,4,2018,1
PUMP HILL,Disorder,6,2018,2
PUMP HILL,Disorder,8,2018,3
PUMP HILL,Disorder,8,2018,4
PUMP HILL,Disorder,3,2018,5
PUMP HILL,Disorder,5,2018,6
PUMP HILL,Disorder,6,2018,7
PUMP HILL,Disorder,6,2018,8
PUMP HILL,Disorder,8,2018,9
PUMP HILL,Disorder,5,2018,10
PUMP HILL,Disorder,4,2018,11
PUMP HILL,Disorder,4,2018,12
PUMP HILL,Disorder,1,2019,1
PUMP HILL,Disorder,3,2019,2
PUMP HILL,Disorder,4,2019,3
PUMP HILL,Disorder,5,2019,4
PUMP HILL,Disorder,2,2019,5
PUMP HILL,Disorder,8,2019,6
PUMP HILL,Disorder,8,2019,7
PUMP HILL,Disorder,6,2019,8
PUMP HILL,Disorder,6,2019,9
PUMP HILL,Disorder,5,2019,10
PUMP HILL,Disorder,1,2019,11
PUMP HILL,Disorder,2,2019,12
PUMP HILL,Disorder,4,2020,1
PUMP HILL,Disorder,4,2020,2
PUMP HILL,Disorder,3,2020,3
PUMP HILL,Disorder,3,2020,4
PUMP HILL,Disorder,4,2020,5
PUMP HILL,Disorder,5,2020,6
PUMP HILL,Disorder,1,2020,7
PUMP HILL,Disorder,2,2020,8
PUMP HILL,Disorder,5,2020,9
PUMP HILL,Disorder,1,2020,10
PUMP HILL,Disorder,3,2020,11
PUMP HILL,Disorder,3,2020,12
PUMP HILL,Disorder,1,2021,1
PUMP HILL,Disorder,2,2021,2
PUMP HILL,Disorder,3,2021,3
PUMP HILL,Disorder,8,2021,4
PUMP HILL,Disorder,4,2021,5
PUMP HILL,Disorder,6,2021,6
PUMP HILL,Disorder,6,2021,7
PUMP HILL,Disorder,8,2021,8
PUMP HILL,Disorder,3,2021,9
PUMP HILL,Disorder,5,2021,10
PUMP HILL,Disorder,5,2021,11
PUMP HILL,Disorder,2,2021,12
PUMP HILL,Disorder,3,2022,1
PUMP HILL,Disorder,2,2022,2
PUMP HILL,Disorder,8,2022,3
PUMP HILL,Disorder,3,2022,4
PUMP HILL,Disorder,5,2022,5
PUMP HILL,Disorder,6,2022,6
PUMP HILL,Disorder,4,2022,7
PUMP HILL,Disorder,3,2022,8
PUMP HILL,Disorder,6,2022,9
PUMP HILL,Disorder,5,2022,10
PUMP HILL,Disorder,4,2022,11
PUMP HILL,Disorder,5,2022,12
PUMP HILL,Disorder,2,2023,1
PUMP HILL,Disorder,3,2023,2
PUMP HILL,Disorder,4,2023,3
PUMP HILL,Disorder,4,2023,4
PUMP HILL,Disorder,4,2023,5
PUMP HILL,Disorder,8,2023,6
PUMP HILL,Disorder,3,2023,7
PUMP HILL,Disorder,2,2023,8
PUMP HILL,Disorder,4,2023,9
PUMP HILL,Disorder,5,2023,11
PUMP HILL,Disorder,2,2023,12
PUMP HILL,Disorder,2,2024,1
PUMP HILL,Disorder,1,2024,2
PUMP HILL,Disorder,3,2024,3
PUMP HILL,Disorder,9,2024,4
PUMP HILL,Disorder,3,2024,5
QUEENS PARK VILLAGE,Disorder,4,2018,1
QUEENS PARK VILLAGE,Disorder,3,2018,2
QUEENS PARK VILLAGE,Disorder,4,2018,3
QUEENS PARK VILLAGE,Disorder,7,2018,4
QUEENS PARK VILLAGE,Disorder,4,2018,5
QUEENS PARK VILLAGE,Disorder,3,2018,6
QUEENS PARK VILLAGE,Disorder,8,2018,7
QUEENS PARK VILLAGE,Disorder,4,2018,8
QUEENS PARK VILLAGE,Disorder,5,2018,9
QUEENS PARK VILLAGE,Disorder,4,2018,10
QUEENS PARK VILLAGE,Disorder,4,2018,11
QUEENS PARK VILLAGE,Disorder,1,2018,12
QUEENS PARK VILLAGE,Disorder,5,2019,1
QUEENS PARK VILLAGE,Disorder,6,2019,2
QUEENS PARK VILLAGE,Disorder,5,2019,3
QUEENS PARK VILLAGE,Disorder,5,2019,4
QUEENS PARK VILLAGE,Disorder,4,2019,5
QUEENS PARK VILLAGE,Disorder,4,2019,6
QUEENS PARK VILLAGE,Disorder,2,2019,7
QUEENS PARK VILLAGE,Disorder,3,2019,8
QUEENS PARK VILLAGE,Disorder,6,2019,9
QUEENS PARK VILLAGE,Disorder,3,2019,10
QUEENS PARK VILLAGE,Disorder,3,2019,11
QUEENS PARK VILLAGE,Disorder,2,2019,12
QUEENS PARK VILLAGE,Disorder,5,2020,1
QUEENS PARK VILLAGE,Disorder,2,2020,2
QUEENS PARK VILLAGE,Disorder,5,2020,4
QUEENS PARK VILLAGE,Disorder,2,2020,5
QUEENS PARK VILLAGE,Disorder,8,2020,6
QUEENS PARK VILLAGE,Disorder,5,2020,7
QUEENS PARK VILLAGE,Disorder,6,2020,8
QUEENS PARK VILLAGE,Disorder,7,2020,9
QUEENS PARK VILLAGE,Disorder,2,2020,11
QUEENS PARK VILLAGE,Disorder,1,2020,12
QUEENS PARK VILLAGE,Disorder,2,2021,1
QUEENS PARK VILLAGE,Disorder,2,2021,2
QUEENS PARK VILLAGE,Disorder,5,2021,3
QUEENS PARK VILLAGE,Disorder,9,2021,4
QUEENS PARK VILLAGE,Disorder,3,2021,5
QUEENS PARK VILLAGE,Disorder,1,2021,6
QUEENS PARK VILLAGE,Disorder,4,2021,7
QUEENS PARK VILLAGE,Disorder,2,2021,8
QUEENS PARK VILLAGE,Disorder,6,2021,9
QUEENS PARK VILLAGE,Disorder,2,2021,10
QUEENS PARK VILLAGE,Disorder,2,2021,11
QUEENS PARK VILLAGE,Disorder,4,2021,12
QUEENS PARK VILLAGE,Disorder,13,2022,2
QUEENS PARK VILLAGE,Disorder,4,2022,3
QUEENS PARK VILLAGE,Disorder,3,2022,4
QUEENS PARK VILLAGE,Disorder,3,2022,5
QUEENS PARK VILLAGE,Disorder,5,2022,6
QUEENS PARK VILLAGE,Disorder,6,2022,7
QUEENS PARK VILLAGE,Disorder,3,2022,8
QUEENS PARK VILLAGE,Disorder,7,2022,9
QUEENS PARK VILLAGE,Disorder,5,2022,10
QUEENS PARK VILLAGE,Disorder,1,2023,1
QUEENS PARK VILLAGE,Disorder,1,2023,2
QUEENS PARK VILLAGE,Disorder,3,2023,3
QUEENS PARK VILLAGE,Disorder,3,2023,4
QUEENS PARK VILLAGE,Disorder,3,2023,5
QUEENS PARK VILLAGE,Disorder,3,2023,6
QUEENS PARK VILLAGE,Disorder,4,2023,7
QUEENS PARK VILLAGE,Disorder,2,2023,10
QUEENS PARK VILLAGE,Disorder,1,2023,11
QUEENS PARK VILLAGE,Disorder,1,2023,12
QUEENS PARK VILLAGE,Disorder,1,2024,2
QUEENS PARK VILLAGE,Disorder,5,2024,3
QUEENS PARK VILLAGE,Disorder,5,2024,4
QUEENS PARK VILLAGE,Disorder,7,2024,5
QUEENSLAND,Disorder,10,2018,1
QUEENSLAND,Disorder,11,2018,2
QUEENSLAND,Disorder,8,2018,3
QUEENSLAND,Disorder,18,2018,4
QUEENSLAND,Disorder,21,2018,5
QUEENSLAND,Disorder,12,2018,6
QUEENSLAND,Disorder,29,2018,7
QUEENSLAND,Disorder,28,2018,8
QUEENSLAND,Disorder,15,2018,9
QUEENSLAND,Disorder,14,2018,10
QUEENSLAND,Disorder,10,2018,11
QUEENSLAND,Disorder,9,2018,12
QUEENSLAND,Disorder,13,2019,1
QUEENSLAND,Disorder,13,2019,2
QUEENSLAND,Disorder,12,2019,3
QUEENSLAND,Disorder,14,2019,4
QUEENSLAND,Disorder,16,2019,5
QUEENSLAND,Disorder,11,2019,6
QUEENSLAND,Disorder,20,2019,7
QUEENSLAND,Disorder,13,2019,8
QUEENSLAND,Disorder,11,2019,9
QUEENSLAND,Disorder,5,2019,10
QUEENSLAND,Disorder,7,2019,11
QUEENSLAND,Disorder,15,2019,12
QUEENSLAND,Disorder,16,2020,1
QUEENSLAND,Disorder,13,2020,2
QUEENSLAND,Disorder,14,2020,3
QUEENSLAND,Disorder,17,2020,4
QUEENSLAND,Disorder,12,2020,5
QUEENSLAND,Disorder,12,2020,6
QUEENSLAND,Disorder,25,2020,7
QUEENSLAND,Disorder,29,2020,8
QUEENSLAND,Disorder,23,2020,9
QUEENSLAND,Disorder,9,2020,10
QUEENSLAND,Disorder,17,2020,11
QUEENSLAND,Disorder,10,2020,12
QUEENSLAND,Disorder,13,2021,1
QUEENSLAND,Disorder,8,2021,2
QUEENSLAND,Disorder,7,2021,3
QUEENSLAND,Disorder,9,2021,4
QUEENSLAND,Disorder,10,2021,5
QUEENSLAND,Disorder,15,2021,6
QUEENSLAND,Disorder,11,2021,7
QUEENSLAND,Disorder,11,2021,8
QUEENSLAND,Disorder,8,2021,9
QUEENSLAND,Disorder,8,2021,10
QUEENSLAND,Disorder,10,2021,11
QUEENSLAND,Disorder,10,2021,12
QUEENSLAND,Disorder,10,2022,1
QUEENSLAND,Disorder,7,2022,2
QUEENSLAND,Disorder,12,2022,3
QUEENSLAND,Disorder,8,2022,4
QUEENSLAND,Disorder,3,2022,5
QUEENSLAND,Disorder,12,2022,6
QUEENSLAND,Disorder,11,2022,7
QUEENSLAND,Disorder,13,2022,8
QUEENSLAND,Disorder,10,2022,9
QUEENSLAND,Disorder,13,2022,10
QUEENSLAND,Disorder,6,2022,11
QUEENSLAND,Disorder,8,2022,12
QUEENSLAND,Disorder,10,2023,1
QUEENSLAND,Disorder,9,2023,2
QUEENSLAND,Disorder,19,2023,3
QUEENSLAND,Disorder,11,2023,4
QUEENSLAND,Disorder,25,2023,5
QUEENSLAND,Disorder,14,2023,6
QUEENSLAND,Disorder,13,2023,7
QUEENSLAND,Disorder,25,2023,8
QUEENSLAND,Disorder,19,2023,9
QUEENSLAND,Disorder,10,2023,10
QUEENSLAND,Disorder,13,2023,11
QUEENSLAND,Disorder,6,2023,12
QUEENSLAND,Disorder,19,2024,1
QUEENSLAND,Disorder,9,2024,2
QUEENSLAND,Disorder,11,2024,3
QUEENSLAND,Disorder,5,2024,4
QUEENSLAND,Disorder,16,2024,5
RAMSAY,Disorder,10,2018,1
RAMSAY,Disorder,9,2018,2
RAMSAY,Disorder,14,2018,3
RAMSAY,Disorder,13,2018,4
RAMSAY,Disorder,18,2018,5
RAMSAY,Disorder,27,2018,6
RAMSAY,Disorder,20,2018,7
RAMSAY,Disorder,15,2018,8
RAMSAY,Disorder,38,2018,9
RAMSAY,Disorder,11,2018,10
RAMSAY,Disorder,16,2018,11
RAMSAY,Disorder,16,2018,12
RAMSAY,Disorder,11,2019,1
RAMSAY,Disorder,5,2019,2
RAMSAY,Disorder,15,2019,3
RAMSAY,Disorder,28,2019,4
RAMSAY,Disorder,21,2019,5
RAMSAY,Disorder,25,2019,6
RAMSAY,Disorder,30,2019,7
RAMSAY,Disorder,26,2019,8
RAMSAY,Disorder,28,2019,9
RAMSAY,Disorder,24,2019,10
RAMSAY,Disorder,11,2019,11
RAMSAY,Disorder,16,2019,12
RAMSAY,Disorder,14,2020,1
RAMSAY,Disorder,8,2020,2
RAMSAY,Disorder,17,2020,3
RAMSAY,Disorder,13,2020,4
RAMSAY,Disorder,31,2020,5
RAMSAY,Disorder,29,2020,6
RAMSAY,Disorder,29,2020,7
RAMSAY,Disorder,28,2020,8
RAMSAY,Disorder,23,2020,9
RAMSAY,Disorder,14,2020,10
RAMSAY,Disorder,12,2020,11
RAMSAY,Disorder,8,2020,12
RAMSAY,Disorder,5,2021,1
RAMSAY,Disorder,8,2021,2
RAMSAY,Disorder,22,2021,3
RAMSAY,Disorder,15,2021,4
RAMSAY,Disorder,14,2021,5
RAMSAY,Disorder,18,2021,6
RAMSAY,Disorder,15,2021,7
RAMSAY,Disorder,13,2021,8
RAMSAY,Disorder,25,2021,9
RAMSAY,Disorder,22,2021,10
RAMSAY,Disorder,15,2021,11
RAMSAY,Disorder,5,2021,12
RAMSAY,Disorder,9,2022,1
RAMSAY,Disorder,10,2022,2
RAMSAY,Disorder,18,2022,3
RAMSAY,Disorder,17,2022,4
RAMSAY,Disorder,24,2022,5
RAMSAY,Disorder,11,2022,6
RAMSAY,Disorder,21,2022,7
RAMSAY,Disorder,17,2022,8
RAMSAY,Disorder,10,2022,9
RAMSAY,Disorder,14,2022,10
RAMSAY,Disorder,10,2022,11
RAMSAY,Disorder,9,2022,12
RAMSAY,Disorder,11,2023,1
RAMSAY,Disorder,11,2023,2
RAMSAY,Disorder,16,2023,3
RAMSAY,Disorder,6,2023,4
RAMSAY,Disorder,13,2023,5
RAMSAY,Disorder,19,2023,6
RAMSAY,Disorder,15,2023,7
RAMSAY,Disorder,9,2023,8
RAMSAY,Disorder,12,2023,9
RAMSAY,Disorder,12,2023,10
RAMSAY,Disorder,5,2023,11
RAMSAY,Disorder,5,2023,12
RAMSAY,Disorder,6,2024,1
RAMSAY,Disorder,14,2024,2
RAMSAY,Disorder,12,2024,3
RAMSAY,Disorder,8,2024,4
RAMSAY,Disorder,7,2024,5
RANCHLANDS,Disorder,20,2018,1
RANCHLANDS,Disorder,13,2018,2
RANCHLANDS,Disorder,15,2018,3
RANCHLANDS,Disorder,20,2018,4
RANCHLANDS,Disorder,17,2018,5
RANCHLANDS,Disorder,21,2018,6
RANCHLANDS,Disorder,32,2018,7
RANCHLANDS,Disorder,25,2018,8
RANCHLANDS,Disorder,22,2018,9
RANCHLANDS,Disorder,26,2018,10
RANCHLANDS,Disorder,20,2018,11
RANCHLANDS,Disorder,20,2018,12
RANCHLANDS,Disorder,24,2019,1
RANCHLANDS,Disorder,11,2019,2
RANCHLANDS,Disorder,14,2019,3
RANCHLANDS,Disorder,34,2019,4
RANCHLANDS,Disorder,17,2019,5
RANCHLANDS,Disorder,33,2019,6
RANCHLANDS,Disorder,22,2019,7
RANCHLANDS,Disorder,31,2019,8
RANCHLANDS,Disorder,20,2019,9
RANCHLANDS,Disorder,19,2019,10
RANCHLANDS,Disorder,13,2019,11
RANCHLANDS,Disorder,14,2019,12
RANCHLANDS,Disorder,17,2020,1
RANCHLANDS,Disorder,14,2020,2
RANCHLANDS,Disorder,20,2020,3
RANCHLANDS,Disorder,17,2020,4
RANCHLANDS,Disorder,22,2020,5
RANCHLANDS,Disorder,21,2020,6
RANCHLANDS,Disorder,22,2020,7
RANCHLANDS,Disorder,21,2020,8
RANCHLANDS,Disorder,18,2020,9
RANCHLANDS,Disorder,11,2020,10
RANCHLANDS,Disorder,15,2020,11
RANCHLANDS,Disorder,15,2020,12
RANCHLANDS,Disorder,12,2021,1
RANCHLANDS,Disorder,5,2021,2
RANCHLANDS,Disorder,13,2021,3
RANCHLANDS,Disorder,19,2021,4
RANCHLANDS,Disorder,16,2021,5
RANCHLANDS,Disorder,27,2021,6
RANCHLANDS,Disorder,21,2021,7
RANCHLANDS,Disorder,18,2021,8
RANCHLANDS,Disorder,12,2021,9
RANCHLANDS,Disorder,16,2021,10
RANCHLANDS,Disorder,12,2021,11
RANCHLANDS,Disorder,13,2021,12
RANCHLANDS,Disorder,11,2022,1
RANCHLANDS,Disorder,17,2022,2
RANCHLANDS,Disorder,19,2022,3
RANCHLANDS,Disorder,24,2022,4
RANCHLANDS,Disorder,10,2022,5
RANCHLANDS,Disorder,19,2022,6
RANCHLANDS,Disorder,24,2022,7
RANCHLANDS,Disorder,22,2022,8
RANCHLANDS,Disorder,20,2022,9
RANCHLANDS,Disorder,18,2022,10
RANCHLANDS,Disorder,9,2022,11
RANCHLANDS,Disorder,14,2022,12
RANCHLANDS,Disorder,17,2023,1
RANCHLANDS,Disorder,9,2023,2
RANCHLANDS,Disorder,17,2023,3
RANCHLANDS,Disorder,13,2023,4
RANCHLANDS,Disorder,22,2023,5
RANCHLANDS,Disorder,19,2023,6
RANCHLANDS,Disorder,23,2023,7
RANCHLANDS,Disorder,13,2023,8
RANCHLANDS,Disorder,20,2023,9
RANCHLANDS,Disorder,13,2023,10
RANCHLANDS,Disorder,17,2023,11
RANCHLANDS,Disorder,18,2023,12
RANCHLANDS,Disorder,9,2024,1
RANCHLANDS,Disorder,13,2024,2
RANCHLANDS,Disorder,16,2024,3
RANCHLANDS,Disorder,13,2024,4
RANCHLANDS,Disorder,22,2024,5
RANGEVIEW,Disorder,1,2022,3
RANGEVIEW,Disorder,1,2022,5
RANGEVIEW,Disorder,1,2022,6
RANGEVIEW,Disorder,1,2022,7
RANGEVIEW,Disorder,1,2022,9
RANGEVIEW,Disorder,3,2023,4
RANGEVIEW,Disorder,3,2023,7
RANGEVIEW,Disorder,1,2023,8
RANGEVIEW,Disorder,2,2023,9
RANGEVIEW,Disorder,2,2023,10
RANGEVIEW,Disorder,4,2023,11
RANGEVIEW,Disorder,1,2023,12
RANGEVIEW,Disorder,1,2024,1
RANGEVIEW,Disorder,2,2024,2
RANGEVIEW,Disorder,1,2024,3
RANGEVIEW,Disorder,3,2024,4
RANGEVIEW,Disorder,2,2024,5
RED CARPET,Disorder,22,2018,1
RED CARPET,Disorder,10,2018,2
RED CARPET,Disorder,18,2018,3
RED CARPET,Disorder,9,2018,4
RED CARPET,Disorder,12,2018,5
RED CARPET,Disorder,14,2018,6
RED CARPET,Disorder,7,2018,7
RED CARPET,Disorder,10,2018,8
RED CARPET,Disorder,11,2018,9
RED CARPET,Disorder,6,2018,10
RED CARPET,Disorder,3,2018,11
RED CARPET,Disorder,9,2018,12
RED CARPET,Disorder,16,2019,1
RED CARPET,Disorder,9,2019,2
RED CARPET,Disorder,11,2019,3
RED CARPET,Disorder,12,2019,4
RED CARPET,Disorder,16,2019,5
RED CARPET,Disorder,7,2019,6
RED CARPET,Disorder,10,2019,7
RED CARPET,Disorder,16,2019,8
RED CARPET,Disorder,13,2019,9
RED CARPET,Disorder,4,2019,10
RED CARPET,Disorder,10,2019,11
RED CARPET,Disorder,11,2019,12
RED CARPET,Disorder,7,2020,1
RED CARPET,Disorder,8,2020,2
RED CARPET,Disorder,6,2020,3
RED CARPET,Disorder,14,2020,4
RED CARPET,Disorder,13,2020,5
RED CARPET,Disorder,11,2020,6
RED CARPET,Disorder,10,2020,7
RED CARPET,Disorder,10,2020,8
RED CARPET,Disorder,12,2020,9
RED CARPET,Disorder,7,2020,10
RED CARPET,Disorder,7,2020,11
RED CARPET,Disorder,12,2020,12
RED CARPET,Disorder,8,2021,1
RED CARPET,Disorder,5,2021,2
RED CARPET,Disorder,10,2021,3
RED CARPET,Disorder,8,2021,4
RED CARPET,Disorder,8,2021,5
RED CARPET,Disorder,7,2021,6
RED CARPET,Disorder,12,2021,7
RED CARPET,Disorder,13,2021,8
RED CARPET,Disorder,17,2021,9
RED CARPET,Disorder,16,2021,10
RED CARPET,Disorder,12,2021,11
RED CARPET,Disorder,8,2021,12
RED CARPET,Disorder,9,2022,1
RED CARPET,Disorder,22,2022,2
RED CARPET,Disorder,15,2022,3
RED CARPET,Disorder,17,2022,4
RED CARPET,Disorder,16,2022,5
RED CARPET,Disorder,4,2022,6
RED CARPET,Disorder,9,2022,7
RED CARPET,Disorder,12,2022,8
RED CARPET,Disorder,14,2022,9
RED CARPET,Disorder,11,2022,10
RED CARPET,Disorder,11,2022,11
RED CARPET,Disorder,10,2022,12
RED CARPET,Disorder,7,2023,1
RED CARPET,Disorder,7,2023,2
RED CARPET,Disorder,10,2023,3
RED CARPET,Disorder,4,2023,4
RED CARPET,Disorder,9,2023,5
RED CARPET,Disorder,14,2023,6
RED CARPET,Disorder,10,2023,7
RED CARPET,Disorder,15,2023,8
RED CARPET,Disorder,8,2023,9
RED CARPET,Disorder,21,2023,10
RED CARPET,Disorder,11,2023,11
RED CARPET,Disorder,7,2023,12
RED CARPET,Disorder,6,2024,1
RED CARPET,Disorder,5,2024,2
RED CARPET,Disorder,8,2024,3
RED CARPET,Disorder,3,2024,4
RED CARPET,Disorder,15,2024,5
REDSTONE,Disorder,5,2018,1
REDSTONE,Disorder,7,2018,2
REDSTONE,Disorder,9,2018,3
REDSTONE,Disorder,3,2018,4
REDSTONE,Disorder,8,2018,5
REDSTONE,Disorder,14,2018,6
REDSTONE,Disorder,18,2018,7
REDSTONE,Disorder,16,2018,8
REDSTONE,Disorder,8,2018,9
REDSTONE,Disorder,3,2018,10
REDSTONE,Disorder,7,2018,11
REDSTONE,Disorder,8,2018,12
REDSTONE,Disorder,7,2019,1
REDSTONE,Disorder,3,2019,2
REDSTONE,Disorder,4,2019,3
REDSTONE,Disorder,13,2019,4
REDSTONE,Disorder,9,2019,5
REDSTONE,Disorder,13,2019,6
REDSTONE,Disorder,16,2019,7
REDSTONE,Disorder,14,2019,8
REDSTONE,Disorder,10,2019,9
REDSTONE,Disorder,8,2019,10
REDSTONE,Disorder,4,2019,11
REDSTONE,Disorder,9,2019,12
REDSTONE,Disorder,8,2020,1
REDSTONE,Disorder,8,2020,2
REDSTONE,Disorder,5,2020,3
REDSTONE,Disorder,9,2020,4
REDSTONE,Disorder,15,2020,5
REDSTONE,Disorder,13,2020,6
REDSTONE,Disorder,16,2020,7
REDSTONE,Disorder,21,2020,8
REDSTONE,Disorder,15,2020,9
REDSTONE,Disorder,15,2020,10
REDSTONE,Disorder,16,2020,11
REDSTONE,Disorder,15,2020,12
REDSTONE,Disorder,24,2021,1
REDSTONE,Disorder,13,2021,2
REDSTONE,Disorder,9,2021,3
REDSTONE,Disorder,7,2021,4
REDSTONE,Disorder,11,2021,5
REDSTONE,Disorder,7,2021,6
REDSTONE,Disorder,26,2021,7
REDSTONE,Disorder,17,2021,8
REDSTONE,Disorder,13,2021,9
REDSTONE,Disorder,8,2021,10
REDSTONE,Disorder,9,2021,11
REDSTONE,Disorder,13,2021,12
REDSTONE,Disorder,11,2022,1
REDSTONE,Disorder,12,2022,2
REDSTONE,Disorder,9,2022,3
REDSTONE,Disorder,15,2022,4
REDSTONE,Disorder,9,2022,5
REDSTONE,Disorder,6,2022,6
REDSTONE,Disorder,8,2022,7
REDSTONE,Disorder,12,2022,8
REDSTONE,Disorder,13,2022,9
REDSTONE,Disorder,16,2022,10
REDSTONE,Disorder,13,2022,11
REDSTONE,Disorder,12,2022,12
REDSTONE,Disorder,14,2023,1
REDSTONE,Disorder,9,2023,2
REDSTONE,Disorder,13,2023,3
REDSTONE,Disorder,8,2023,4
REDSTONE,Disorder,12,2023,5
REDSTONE,Disorder,13,2023,6
REDSTONE,Disorder,15,2023,7
REDSTONE,Disorder,15,2023,8
REDSTONE,Disorder,19,2023,9
REDSTONE,Disorder,7,2023,10
REDSTONE,Disorder,15,2023,11
REDSTONE,Disorder,10,2023,12
REDSTONE,Disorder,8,2024,1
REDSTONE,Disorder,12,2024,2
REDSTONE,Disorder,11,2024,3
REDSTONE,Disorder,8,2024,4
REDSTONE,Disorder,21,2024,5
RENFREW,Disorder,44,2018,1
RENFREW,Disorder,18,2018,2
RENFREW,Disorder,41,2018,3
RENFREW,Disorder,46,2018,4
RENFREW,Disorder,38,2018,5
RENFREW,Disorder,33,2018,6
RENFREW,Disorder,46,2018,7
RENFREW,Disorder,37,2018,8
RENFREW,Disorder,44,2018,9
RENFREW,Disorder,30,2018,10
RENFREW,Disorder,25,2018,11
RENFREW,Disorder,30,2018,12
RENFREW,Disorder,38,2019,1
RENFREW,Disorder,34,2019,2
RENFREW,Disorder,39,2019,3
RENFREW,Disorder,33,2019,4
RENFREW,Disorder,55,2019,5
RENFREW,Disorder,48,2019,6
RENFREW,Disorder,47,2019,7
RENFREW,Disorder,50,2019,8
RENFREW,Disorder,58,2019,9
RENFREW,Disorder,41,2019,10
RENFREW,Disorder,30,2019,11
RENFREW,Disorder,33,2019,12
RENFREW,Disorder,36,2020,1
RENFREW,Disorder,40,2020,2
RENFREW,Disorder,50,2020,3
RENFREW,Disorder,72,2020,4
RENFREW,Disorder,70,2020,5
RENFREW,Disorder,57,2020,6
RENFREW,Disorder,85,2020,7
RENFREW,Disorder,86,2020,8
RENFREW,Disorder,64,2020,9
RENFREW,Disorder,39,2020,10
RENFREW,Disorder,51,2020,11
RENFREW,Disorder,24,2020,12
RENFREW,Disorder,35,2021,1
RENFREW,Disorder,27,2021,2
RENFREW,Disorder,57,2021,3
RENFREW,Disorder,65,2021,4
RENFREW,Disorder,36,2021,5
RENFREW,Disorder,51,2021,6
RENFREW,Disorder,68,2021,7
RENFREW,Disorder,60,2021,8
RENFREW,Disorder,47,2021,9
RENFREW,Disorder,37,2021,10
RENFREW,Disorder,35,2021,11
RENFREW,Disorder,29,2021,12
RENFREW,Disorder,33,2022,1
RENFREW,Disorder,25,2022,2
RENFREW,Disorder,33,2022,3
RENFREW,Disorder,44,2022,4
RENFREW,Disorder,41,2022,5
RENFREW,Disorder,32,2022,6
RENFREW,Disorder,31,2022,7
RENFREW,Disorder,49,2022,8
RENFREW,Disorder,43,2022,9
RENFREW,Disorder,38,2022,10
RENFREW,Disorder,24,2022,11
RENFREW,Disorder,27,2022,12
RENFREW,Disorder,31,2023,1
RENFREW,Disorder,21,2023,2
RENFREW,Disorder,25,2023,3
RENFREW,Disorder,32,2023,4
RENFREW,Disorder,36,2023,5
RENFREW,Disorder,31,2023,6
RENFREW,Disorder,28,2023,7
RENFREW,Disorder,47,2023,8
RENFREW,Disorder,42,2023,9
RENFREW,Disorder,39,2023,10
RENFREW,Disorder,31,2023,11
RENFREW,Disorder,23,2023,12
RENFREW,Disorder,21,2024,1
RENFREW,Disorder,21,2024,2
RENFREW,Disorder,30,2024,3
RENFREW,Disorder,36,2024,4
RENFREW,Disorder,41,2024,5
RICHMOND,Disorder,16,2018,1
RICHMOND,Disorder,15,2018,2
RICHMOND,Disorder,14,2018,3
RICHMOND,Disorder,16,2018,4
RICHMOND,Disorder,22,2018,5
RICHMOND,Disorder,19,2018,6
RICHMOND,Disorder,25,2018,7
RICHMOND,Disorder,17,2018,8
RICHMOND,Disorder,20,2018,9
RICHMOND,Disorder,16,2018,10
RICHMOND,Disorder,17,2018,11
RICHMOND,Disorder,18,2018,12
RICHMOND,Disorder,16,2019,1
RICHMOND,Disorder,10,2019,2
RICHMOND,Disorder,31,2019,3
RICHMOND,Disorder,19,2019,4
RICHMOND,Disorder,28,2019,5
RICHMOND,Disorder,32,2019,6
RICHMOND,Disorder,25,2019,7
RICHMOND,Disorder,33,2019,8
RICHMOND,Disorder,25,2019,9
RICHMOND,Disorder,19,2019,10
RICHMOND,Disorder,22,2019,11
RICHMOND,Disorder,16,2019,12
RICHMOND,Disorder,15,2020,1
RICHMOND,Disorder,30,2020,2
RICHMOND,Disorder,22,2020,3
RICHMOND,Disorder,38,2020,4
RICHMOND,Disorder,27,2020,5
RICHMOND,Disorder,27,2020,6
RICHMOND,Disorder,27,2020,7
RICHMOND,Disorder,8,2020,8
RICHMOND,Disorder,25,2020,9
RICHMOND,Disorder,21,2020,10
RICHMOND,Disorder,7,2020,11
RICHMOND,Disorder,21,2020,12
RICHMOND,Disorder,14,2021,1
RICHMOND,Disorder,31,2021,2
RICHMOND,Disorder,32,2021,3
RICHMOND,Disorder,27,2021,4
RICHMOND,Disorder,30,2021,5
RICHMOND,Disorder,29,2021,6
RICHMOND,Disorder,27,2021,7
RICHMOND,Disorder,32,2021,8
RICHMOND,Disorder,28,2021,9
RICHMOND,Disorder,22,2021,10
RICHMOND,Disorder,22,2021,11
RICHMOND,Disorder,18,2021,12
RICHMOND,Disorder,15,2022,1
RICHMOND,Disorder,22,2022,2
RICHMOND,Disorder,16,2022,3
RICHMOND,Disorder,20,2022,4
RICHMOND,Disorder,15,2022,5
RICHMOND,Disorder,20,2022,6
RICHMOND,Disorder,19,2022,7
RICHMOND,Disorder,15,2022,8
RICHMOND,Disorder,24,2022,9
RICHMOND,Disorder,14,2022,10
RICHMOND,Disorder,15,2022,11
RICHMOND,Disorder,14,2022,12
RICHMOND,Disorder,18,2023,1
RICHMOND,Disorder,5,2023,2
RICHMOND,Disorder,15,2023,3
RICHMOND,Disorder,20,2023,4
RICHMOND,Disorder,15,2023,5
RICHMOND,Disorder,25,2023,6
RICHMOND,Disorder,18,2023,7
RICHMOND,Disorder,20,2023,8
RICHMOND,Disorder,25,2023,9
RICHMOND,Disorder,17,2023,10
RICHMOND,Disorder,10,2023,11
RICHMOND,Disorder,15,2023,12
RICHMOND,Disorder,13,2024,1
RICHMOND,Disorder,11,2024,2
RICHMOND,Disorder,8,2024,3
RICHMOND,Disorder,12,2024,4
RICHMOND,Disorder,22,2024,5
RIDEAU PARK,Disorder,1,2018,1
RIDEAU PARK,Disorder,2,2018,3
RIDEAU PARK,Disorder,2,2018,4
RIDEAU PARK,Disorder,7,2018,5
RIDEAU PARK,Disorder,1,2018,6
RIDEAU PARK,Disorder,1,2018,7
RIDEAU PARK,Disorder,4,2018,8
RIDEAU PARK,Disorder,7,2018,9
RIDEAU PARK,Disorder,4,2018,10
RIDEAU PARK,Disorder,2,2018,11
RIDEAU PARK,Disorder,1,2018,12
RIDEAU PARK,Disorder,4,2019,1
RIDEAU PARK,Disorder,4,2019,2
RIDEAU PARK,Disorder,3,2019,3
RIDEAU PARK,Disorder,2,2019,4
RIDEAU PARK,Disorder,2,2019,5
RIDEAU PARK,Disorder,3,2019,6
RIDEAU PARK,Disorder,6,2019,7
RIDEAU PARK,Disorder,13,2019,8
RIDEAU PARK,Disorder,4,2019,9
RIDEAU PARK,Disorder,4,2019,10
RIDEAU PARK,Disorder,2,2019,12
RIDEAU PARK,Disorder,1,2020,1
RIDEAU PARK,Disorder,3,2020,4
RIDEAU PARK,Disorder,4,2020,5
RIDEAU PARK,Disorder,4,2020,6
RIDEAU PARK,Disorder,3,2020,7
RIDEAU PARK,Disorder,4,2020,8
RIDEAU PARK,Disorder,7,2020,9
RIDEAU PARK,Disorder,2,2020,10
RIDEAU PARK,Disorder,1,2020,11
RIDEAU PARK,Disorder,1,2020,12
RIDEAU PARK,Disorder,4,2021,1
RIDEAU PARK,Disorder,3,2021,3
RIDEAU PARK,Disorder,3,2021,4
RIDEAU PARK,Disorder,1,2021,5
RIDEAU PARK,Disorder,4,2021,6
RIDEAU PARK,Disorder,5,2021,7
RIDEAU PARK,Disorder,8,2021,8
RIDEAU PARK,Disorder,2,2021,9
RIDEAU PARK,Disorder,4,2021,12
RIDEAU PARK,Disorder,1,2022,1
RIDEAU PARK,Disorder,2,2022,3
RIDEAU PARK,Disorder,1,2022,4
RIDEAU PARK,Disorder,4,2022,5
RIDEAU PARK,Disorder,4,2022,6
RIDEAU PARK,Disorder,3,2022,7
RIDEAU PARK,Disorder,1,2022,8
RIDEAU PARK,Disorder,1,2022,9
RIDEAU PARK,Disorder,1,2022,12
RIDEAU PARK,Disorder,1,2023,1
RIDEAU PARK,Disorder,1,2023,3
RIDEAU PARK,Disorder,1,2023,5
RIDEAU PARK,Disorder,1,2023,6
RIDEAU PARK,Disorder,2,2023,7
RIDEAU PARK,Disorder,2,2023,9
RIDEAU PARK,Disorder,4,2023,10
RIDEAU PARK,Disorder,1,2023,11
RIDEAU PARK,Disorder,1,2024,2
RIDEAU PARK,Disorder,1,2024,4
RIDEAU PARK,Disorder,4,2024,5
RIVERBEND,Disorder,30,2018,1
RIVERBEND,Disorder,30,2018,2
RIVERBEND,Disorder,38,2018,3
RIVERBEND,Disorder,42,2018,4
RIVERBEND,Disorder,34,2018,5
RIVERBEND,Disorder,24,2018,6
RIVERBEND,Disorder,36,2018,7
RIVERBEND,Disorder,38,2018,8
RIVERBEND,Disorder,21,2018,9
RIVERBEND,Disorder,27,2018,10
RIVERBEND,Disorder,13,2018,11
RIVERBEND,Disorder,9,2018,12
RIVERBEND,Disorder,15,2019,1
RIVERBEND,Disorder,15,2019,2
RIVERBEND,Disorder,17,2019,3
RIVERBEND,Disorder,29,2019,4
RIVERBEND,Disorder,30,2019,5
RIVERBEND,Disorder,29,2019,6
RIVERBEND,Disorder,23,2019,7
RIVERBEND,Disorder,22,2019,8
RIVERBEND,Disorder,27,2019,9
RIVERBEND,Disorder,24,2019,10
RIVERBEND,Disorder,18,2019,11
RIVERBEND,Disorder,24,2019,12
RIVERBEND,Disorder,22,2020,1
RIVERBEND,Disorder,17,2020,2
RIVERBEND,Disorder,24,2020,3
RIVERBEND,Disorder,19,2020,4
RIVERBEND,Disorder,35,2020,5
RIVERBEND,Disorder,31,2020,6
RIVERBEND,Disorder,34,2020,7
RIVERBEND,Disorder,33,2020,8
RIVERBEND,Disorder,21,2020,9
RIVERBEND,Disorder,14,2020,10
RIVERBEND,Disorder,14,2020,11
RIVERBEND,Disorder,19,2020,12
RIVERBEND,Disorder,11,2021,1
RIVERBEND,Disorder,13,2021,2
RIVERBEND,Disorder,22,2021,3
RIVERBEND,Disorder,23,2021,4
RIVERBEND,Disorder,18,2021,5
RIVERBEND,Disorder,20,2021,6
RIVERBEND,Disorder,26,2021,7
RIVERBEND,Disorder,16,2021,8
RIVERBEND,Disorder,25,2021,9
RIVERBEND,Disorder,16,2021,10
RIVERBEND,Disorder,19,2021,11
RIVERBEND,Disorder,14,2021,12
RIVERBEND,Disorder,8,2022,1
RIVERBEND,Disorder,12,2022,2
RIVERBEND,Disorder,15,2022,3
RIVERBEND,Disorder,9,2022,4
RIVERBEND,Disorder,29,2022,5
RIVERBEND,Disorder,18,2022,6
RIVERBEND,Disorder,13,2022,7
RIVERBEND,Disorder,31,2022,8
RIVERBEND,Disorder,25,2022,9
RIVERBEND,Disorder,18,2022,10
RIVERBEND,Disorder,6,2022,11
RIVERBEND,Disorder,11,2022,12
RIVERBEND,Disorder,18,2023,1
RIVERBEND,Disorder,22,2023,2
RIVERBEND,Disorder,14,2023,3
RIVERBEND,Disorder,16,2023,4
RIVERBEND,Disorder,24,2023,5
RIVERBEND,Disorder,20,2023,6
RIVERBEND,Disorder,23,2023,7
RIVERBEND,Disorder,15,2023,8
RIVERBEND,Disorder,5,2023,9
RIVERBEND,Disorder,12,2023,10
RIVERBEND,Disorder,19,2023,11
RIVERBEND,Disorder,12,2023,12
RIVERBEND,Disorder,17,2024,1
RIVERBEND,Disorder,18,2024,2
RIVERBEND,Disorder,15,2024,3
RIVERBEND,Disorder,4,2024,4
RIVERBEND,Disorder,19,2024,5
ROCKY RIDGE,Disorder,13,2018,1
ROCKY RIDGE,Disorder,7,2018,2
ROCKY RIDGE,Disorder,10,2018,3
ROCKY RIDGE,Disorder,8,2018,4
ROCKY RIDGE,Disorder,5,2018,5
ROCKY RIDGE,Disorder,1,2018,6
ROCKY RIDGE,Disorder,9,2018,7
ROCKY RIDGE,Disorder,9,2018,8
ROCKY RIDGE,Disorder,9,2018,9
ROCKY RIDGE,Disorder,12,2018,10
ROCKY RIDGE,Disorder,12,2018,11
ROCKY RIDGE,Disorder,3,2018,12
ROCKY RIDGE,Disorder,10,2019,1
ROCKY RIDGE,Disorder,8,2019,2
ROCKY RIDGE,Disorder,10,2019,3
ROCKY RIDGE,Disorder,11,2019,4
ROCKY RIDGE,Disorder,13,2019,5
ROCKY RIDGE,Disorder,9,2019,6
ROCKY RIDGE,Disorder,13,2019,7
ROCKY RIDGE,Disorder,13,2019,8
ROCKY RIDGE,Disorder,8,2019,9
ROCKY RIDGE,Disorder,7,2019,10
ROCKY RIDGE,Disorder,4,2019,11
ROCKY RIDGE,Disorder,11,2019,12
ROCKY RIDGE,Disorder,11,2020,1
ROCKY RIDGE,Disorder,10,2020,2
ROCKY RIDGE,Disorder,4,2020,3
ROCKY RIDGE,Disorder,15,2020,4
ROCKY RIDGE,Disorder,11,2020,5
ROCKY RIDGE,Disorder,15,2020,6
ROCKY RIDGE,Disorder,12,2020,7
ROCKY RIDGE,Disorder,13,2020,8
ROCKY RIDGE,Disorder,8,2020,9
ROCKY RIDGE,Disorder,11,2020,10
ROCKY RIDGE,Disorder,9,2020,11
ROCKY RIDGE,Disorder,9,2020,12
ROCKY RIDGE,Disorder,6,2021,1
ROCKY RIDGE,Disorder,4,2021,2
ROCKY RIDGE,Disorder,9,2021,3
ROCKY RIDGE,Disorder,8,2021,4
ROCKY RIDGE,Disorder,8,2021,5
ROCKY RIDGE,Disorder,19,2021,6
ROCKY RIDGE,Disorder,9,2021,7
ROCKY RIDGE,Disorder,14,2021,8
ROCKY RIDGE,Disorder,13,2021,9
ROCKY RIDGE,Disorder,14,2021,10
ROCKY RIDGE,Disorder,2,2021,11
ROCKY RIDGE,Disorder,9,2021,12
ROCKY RIDGE,Disorder,6,2022,1
ROCKY RIDGE,Disorder,6,2022,2
ROCKY RIDGE,Disorder,10,2022,3
ROCKY RIDGE,Disorder,6,2022,4
ROCKY RIDGE,Disorder,11,2022,5
ROCKY RIDGE,Disorder,10,2022,6
ROCKY RIDGE,Disorder,5,2022,7
ROCKY RIDGE,Disorder,7,2022,8
ROCKY RIDGE,Disorder,10,2022,9
ROCKY RIDGE,Disorder,13,2022,10
ROCKY RIDGE,Disorder,2,2022,11
ROCKY RIDGE,Disorder,7,2022,12
ROCKY RIDGE,Disorder,7,2023,1
ROCKY RIDGE,Disorder,7,2023,2
ROCKY RIDGE,Disorder,12,2023,3
ROCKY RIDGE,Disorder,3,2023,4
ROCKY RIDGE,Disorder,6,2023,5
ROCKY RIDGE,Disorder,8,2023,6
ROCKY RIDGE,Disorder,13,2023,7
ROCKY RIDGE,Disorder,12,2023,8
ROCKY RIDGE,Disorder,11,2023,9
ROCKY RIDGE,Disorder,11,2023,10
ROCKY RIDGE,Disorder,14,2023,11
ROCKY RIDGE,Disorder,17,2023,12
ROCKY RIDGE,Disorder,8,2024,1
ROCKY RIDGE,Disorder,5,2024,2
ROCKY RIDGE,Disorder,13,2024,3
ROCKY RIDGE,Disorder,6,2024,4
ROCKY RIDGE,Disorder,17,2024,5
ROSEDALE,Disorder,1,2018,2
ROSEDALE,Disorder,8,2018,3
ROSEDALE,Disorder,12,2018,4
ROSEDALE,Disorder,7,2018,5
ROSEDALE,Disorder,8,2018,6
ROSEDALE,Disorder,8,2018,7
ROSEDALE,Disorder,5,2018,8
ROSEDALE,Disorder,6,2018,9
ROSEDALE,Disorder,8,2018,10
ROSEDALE,Disorder,5,2018,11
ROSEDALE,Disorder,4,2018,12
ROSEDALE,Disorder,4,2019,1
ROSEDALE,Disorder,7,2019,3
ROSEDALE,Disorder,9,2019,4
ROSEDALE,Disorder,9,2019,5
ROSEDALE,Disorder,8,2019,6
ROSEDALE,Disorder,4,2019,7
ROSEDALE,Disorder,7,2019,8
ROSEDALE,Disorder,13,2019,9
ROSEDALE,Disorder,8,2019,10
ROSEDALE,Disorder,7,2019,11
ROSEDALE,Disorder,6,2019,12
ROSEDALE,Disorder,3,2020,1
ROSEDALE,Disorder,5,2020,2
ROSEDALE,Disorder,11,2020,3
ROSEDALE,Disorder,14,2020,4
ROSEDALE,Disorder,8,2020,5
ROSEDALE,Disorder,6,2020,6
ROSEDALE,Disorder,9,2020,7
ROSEDALE,Disorder,2,2020,8
ROSEDALE,Disorder,12,2020,9
ROSEDALE,Disorder,3,2020,10
ROSEDALE,Disorder,2,2020,11
ROSEDALE,Disorder,3,2020,12
ROSEDALE,Disorder,2,2021,1
ROSEDALE,Disorder,3,2021,2
ROSEDALE,Disorder,3,2021,3
ROSEDALE,Disorder,10,2021,4
ROSEDALE,Disorder,17,2021,5
ROSEDALE,Disorder,11,2021,6
ROSEDALE,Disorder,6,2021,7
ROSEDALE,Disorder,3,2021,8
ROSEDALE,Disorder,4,2021,9
ROSEDALE,Disorder,3,2021,10
ROSEDALE,Disorder,7,2021,11
ROSEDALE,Disorder,1,2021,12
ROSEDALE,Disorder,2,2022,1
ROSEDALE,Disorder,6,2022,2
ROSEDALE,Disorder,9,2022,3
ROSEDALE,Disorder,4,2022,4
ROSEDALE,Disorder,4,2022,5
ROSEDALE,Disorder,3,2022,6
ROSEDALE,Disorder,5,2022,7
ROSEDALE,Disorder,4,2022,8
ROSEDALE,Disorder,9,2022,9
ROSEDALE,Disorder,8,2022,10
ROSEDALE,Disorder,4,2022,11
ROSEDALE,Disorder,8,2022,12
ROSEDALE,Disorder,8,2023,1
ROSEDALE,Disorder,17,2023,2
ROSEDALE,Disorder,5,2023,3
ROSEDALE,Disorder,4,2023,4
ROSEDALE,Disorder,3,2023,5
ROSEDALE,Disorder,6,2023,6
ROSEDALE,Disorder,12,2023,7
ROSEDALE,Disorder,3,2023,8
ROSEDALE,Disorder,4,2023,9
ROSEDALE,Disorder,3,2023,10
ROSEDALE,Disorder,6,2023,11
ROSEDALE,Disorder,5,2023,12
ROSEDALE,Disorder,1,2024,1
ROSEDALE,Disorder,8,2024,2
ROSEDALE,Disorder,4,2024,3
ROSEDALE,Disorder,2,2024,4
ROSEDALE,Disorder,5,2024,5
ROSEMONT,Disorder,6,2018,1
ROSEMONT,Disorder,3,2018,2
ROSEMONT,Disorder,7,2018,3
ROSEMONT,Disorder,2,2018,4
ROSEMONT,Disorder,5,2018,5
ROSEMONT,Disorder,4,2018,6
ROSEMONT,Disorder,5,2018,7
ROSEMONT,Disorder,6,2018,8
ROSEMONT,Disorder,3,2018,9
ROSEMONT,Disorder,1,2018,10
ROSEMONT,Disorder,3,2018,11
ROSEMONT,Disorder,3,2018,12
ROSEMONT,Disorder,5,2019,1
ROSEMONT,Disorder,1,2019,2
ROSEMONT,Disorder,2,2019,3
ROSEMONT,Disorder,3,2019,4
ROSEMONT,Disorder,2,2019,5
ROSEMONT,Disorder,1,2019,6
ROSEMONT,Disorder,6,2019,7
ROSEMONT,Disorder,6,2019,8
ROSEMONT,Disorder,1,2019,9
ROSEMONT,Disorder,6,2019,10
ROSEMONT,Disorder,6,2019,11
ROSEMONT,Disorder,2,2019,12
ROSEMONT,Disorder,2,2020,1
ROSEMONT,Disorder,2,2020,2
ROSEMONT,Disorder,3,2020,3
ROSEMONT,Disorder,6,2020,4
ROSEMONT,Disorder,3,2020,5
ROSEMONT,Disorder,13,2020,6
ROSEMONT,Disorder,8,2020,7
ROSEMONT,Disorder,11,2020,8
ROSEMONT,Disorder,7,2020,9
ROSEMONT,Disorder,4,2020,10
ROSEMONT,Disorder,4,2020,11
ROSEMONT,Disorder,2,2020,12
ROSEMONT,Disorder,3,2021,1
ROSEMONT,Disorder,4,2021,2
ROSEMONT,Disorder,4,2021,3
ROSEMONT,Disorder,3,2021,4
ROSEMONT,Disorder,5,2021,5
ROSEMONT,Disorder,5,2021,6
ROSEMONT,Disorder,2,2021,7
ROSEMONT,Disorder,6,2021,8
ROSEMONT,Disorder,4,2021,9
ROSEMONT,Disorder,12,2021,10
ROSEMONT,Disorder,5,2021,11
ROSEMONT,Disorder,3,2021,12
ROSEMONT,Disorder,2,2022,1
ROSEMONT,Disorder,6,2022,2
ROSEMONT,Disorder,2,2022,3
ROSEMONT,Disorder,5,2022,4
ROSEMONT,Disorder,3,2022,5
ROSEMONT,Disorder,4,2022,6
ROSEMONT,Disorder,2,2022,7
ROSEMONT,Disorder,1,2022,8
ROSEMONT,Disorder,2,2022,9
ROSEMONT,Disorder,5,2022,10
ROSEMONT,Disorder,4,2022,11
ROSEMONT,Disorder,3,2022,12
ROSEMONT,Disorder,2,2023,1
ROSEMONT,Disorder,3,2023,2
ROSEMONT,Disorder,3,2023,3
ROSEMONT,Disorder,4,2023,4
ROSEMONT,Disorder,5,2023,5
ROSEMONT,Disorder,6,2023,6
ROSEMONT,Disorder,4,2023,7
ROSEMONT,Disorder,7,2023,8
ROSEMONT,Disorder,5,2023,9
ROSEMONT,Disorder,5,2023,10
ROSEMONT,Disorder,8,2023,11
ROSEMONT,Disorder,2,2024,1
ROSEMONT,Disorder,1,2024,2
ROSEMONT,Disorder,1,2024,3
ROSEMONT,Disorder,4,2024,4
ROSEMONT,Disorder,1,2024,5
ROSSCARROCK,Disorder,67,2018,1
ROSSCARROCK,Disorder,53,2018,2
ROSSCARROCK,Disorder,58,2018,3
ROSSCARROCK,Disorder,73,2018,4
ROSSCARROCK,Disorder,79,2018,5
ROSSCARROCK,Disorder,71,2018,6
ROSSCARROCK,Disorder,70,2018,7
ROSSCARROCK,Disorder,66,2018,8
ROSSCARROCK,Disorder,61,2018,9
ROSSCARROCK,Disorder,45,2018,10
ROSSCARROCK,Disorder,57,2018,11
ROSSCARROCK,Disorder,71,2018,12
ROSSCARROCK,Disorder,52,2019,1
ROSSCARROCK,Disorder,43,2019,2
ROSSCARROCK,Disorder,61,2019,3
ROSSCARROCK,Disorder,58,2019,4
ROSSCARROCK,Disorder,60,2019,5
ROSSCARROCK,Disorder,45,2019,6
ROSSCARROCK,Disorder,54,2019,7
ROSSCARROCK,Disorder,79,2019,8
ROSSCARROCK,Disorder,51,2019,9
ROSSCARROCK,Disorder,43,2019,10
ROSSCARROCK,Disorder,31,2019,11
ROSSCARROCK,Disorder,62,2019,12
ROSSCARROCK,Disorder,47,2020,1
ROSSCARROCK,Disorder,52,2020,2
ROSSCARROCK,Disorder,57,2020,3
ROSSCARROCK,Disorder,50,2020,4
ROSSCARROCK,Disorder,73,2020,5
ROSSCARROCK,Disorder,81,2020,6
ROSSCARROCK,Disorder,93,2020,7
ROSSCARROCK,Disorder,79,2020,8
ROSSCARROCK,Disorder,60,2020,9
ROSSCARROCK,Disorder,45,2020,10
ROSSCARROCK,Disorder,50,2020,11
ROSSCARROCK,Disorder,94,2020,12
ROSSCARROCK,Disorder,78,2021,1
ROSSCARROCK,Disorder,76,2021,2
ROSSCARROCK,Disorder,85,2021,3
ROSSCARROCK,Disorder,84,2021,4
ROSSCARROCK,Disorder,112,2021,5
ROSSCARROCK,Disorder,103,2021,6
ROSSCARROCK,Disorder,89,2021,7
ROSSCARROCK,Disorder,85,2021,8
ROSSCARROCK,Disorder,78,2021,9
ROSSCARROCK,Disorder,68,2021,10
ROSSCARROCK,Disorder,59,2021,11
ROSSCARROCK,Disorder,53,2021,12
ROSSCARROCK,Disorder,48,2022,1
ROSSCARROCK,Disorder,62,2022,2
ROSSCARROCK,Disorder,72,2022,3
ROSSCARROCK,Disorder,54,2022,4
ROSSCARROCK,Disorder,59,2022,5
ROSSCARROCK,Disorder,63,2022,6
ROSSCARROCK,Disorder,59,2022,7
ROSSCARROCK,Disorder,64,2022,8
ROSSCARROCK,Disorder,61,2022,9
ROSSCARROCK,Disorder,49,2022,10
ROSSCARROCK,Disorder,54,2022,11
ROSSCARROCK,Disorder,58,2022,12
ROSSCARROCK,Disorder,59,2023,1
ROSSCARROCK,Disorder,54,2023,2
ROSSCARROCK,Disorder,85,2023,3
ROSSCARROCK,Disorder,121,2023,4
ROSSCARROCK,Disorder,92,2023,5
ROSSCARROCK,Disorder,96,2023,6
ROSSCARROCK,Disorder,98,2023,7
ROSSCARROCK,Disorder,79,2023,8
ROSSCARROCK,Disorder,70,2023,9
ROSSCARROCK,Disorder,43,2023,10
ROSSCARROCK,Disorder,68,2023,11
ROSSCARROCK,Disorder,71,2023,12
ROSSCARROCK,Disorder,53,2024,1
ROSSCARROCK,Disorder,74,2024,2
ROSSCARROCK,Disorder,60,2024,3
ROSSCARROCK,Disorder,79,2024,4
ROSSCARROCK,Disorder,92,2024,5
ROXBORO,Disorder,1,2018,1
ROXBORO,Disorder,1,2018,2
ROXBORO,Disorder,2,2018,3
ROXBORO,Disorder,2,2018,4
ROXBORO,Disorder,1,2018,5
ROXBORO,Disorder,3,2018,6
ROXBORO,Disorder,8,2018,8
ROXBORO,Disorder,4,2018,9
ROXBORO,Disorder,3,2018,11
ROXBORO,Disorder,2,2018,12
ROXBORO,Disorder,1,2019,2
ROXBORO,Disorder,1,2019,3
ROXBORO,Disorder,3,2019,4
ROXBORO,Disorder,2,2019,5
ROXBORO,Disorder,5,2019,6
ROXBORO,Disorder,1,2019,7
ROXBORO,Disorder,1,2019,8
ROXBORO,Disorder,2,2019,9
ROXBORO,Disorder,4,2019,10
ROXBORO,Disorder,5,2019,11
ROXBORO,Disorder,1,2019,12
ROXBORO,Disorder,1,2020,1
ROXBORO,Disorder,1,2020,2
ROXBORO,Disorder,1,2020,3
ROXBORO,Disorder,2,2020,4
ROXBORO,Disorder,3,2020,5
ROXBORO,Disorder,2,2020,6
ROXBORO,Disorder,1,2020,7
ROXBORO,Disorder,1,2020,8
ROXBORO,Disorder,3,2020,9
ROXBORO,Disorder,3,2020,10
ROXBORO,Disorder,2,2020,11
ROXBORO,Disorder,1,2020,12
ROXBORO,Disorder,1,2021,3
ROXBORO,Disorder,1,2021,4
ROXBORO,Disorder,2,2021,5
ROXBORO,Disorder,2,2021,6
ROXBORO,Disorder,3,2021,7
ROXBORO,Disorder,4,2021,8
ROXBORO,Disorder,2,2021,9
ROXBORO,Disorder,1,2021,10
ROXBORO,Disorder,3,2021,12
ROXBORO,Disorder,2,2022,4
ROXBORO,Disorder,1,2022,5
ROXBORO,Disorder,4,2022,6
ROXBORO,Disorder,2,2022,7
ROXBORO,Disorder,2,2022,8
ROXBORO,Disorder,1,2022,12
ROXBORO,Disorder,1,2023,1
ROXBORO,Disorder,1,2023,2
ROXBORO,Disorder,1,2023,3
ROXBORO,Disorder,2,2023,4
ROXBORO,Disorder,4,2023,5
ROXBORO,Disorder,1,2023,9
ROXBORO,Disorder,4,2023,11
ROXBORO,Disorder,1,2023,12
ROXBORO,Disorder,2,2024,5
ROYAL OAK,Disorder,16,2018,1
ROYAL OAK,Disorder,10,2018,2
ROYAL OAK,Disorder,18,2018,3
ROYAL OAK,Disorder,6,2018,4
ROYAL OAK,Disorder,9,2018,5
ROYAL OAK,Disorder,16,2018,6
ROYAL OAK,Disorder,22,2018,7
ROYAL OAK,Disorder,22,2018,8
ROYAL OAK,Disorder,20,2018,9
ROYAL OAK,Disorder,17,2018,10
ROYAL OAK,Disorder,22,2018,11
ROYAL OAK,Disorder,9,2018,12
ROYAL OAK,Disorder,18,2019,1
ROYAL OAK,Disorder,9,2019,2
ROYAL OAK,Disorder,12,2019,3
ROYAL OAK,Disorder,15,2019,4
ROYAL OAK,Disorder,20,2019,5
ROYAL OAK,Disorder,15,2019,6
ROYAL OAK,Disorder,18,2019,7
ROYAL OAK,Disorder,16,2019,8
ROYAL OAK,Disorder,10,2019,9
ROYAL OAK,Disorder,19,2019,10
ROYAL OAK,Disorder,11,2019,11
ROYAL OAK,Disorder,12,2019,12
ROYAL OAK,Disorder,13,2020,1
ROYAL OAK,Disorder,14,2020,2
ROYAL OAK,Disorder,13,2020,3
ROYAL OAK,Disorder,13,2020,4
ROYAL OAK,Disorder,14,2020,5
ROYAL OAK,Disorder,25,2020,6
ROYAL OAK,Disorder,26,2020,7
ROYAL OAK,Disorder,16,2020,8
ROYAL OAK,Disorder,8,2020,9
ROYAL OAK,Disorder,15,2020,10
ROYAL OAK,Disorder,18,2020,11
ROYAL OAK,Disorder,13,2020,12
ROYAL OAK,Disorder,11,2021,1
ROYAL OAK,Disorder,9,2021,2
ROYAL OAK,Disorder,10,2021,3
ROYAL OAK,Disorder,10,2021,4
ROYAL OAK,Disorder,12,2021,5
ROYAL OAK,Disorder,13,2021,6
ROYAL OAK,Disorder,17,2021,7
ROYAL OAK,Disorder,12,2021,8
ROYAL OAK,Disorder,10,2021,9
ROYAL OAK,Disorder,12,2021,10
ROYAL OAK,Disorder,19,2021,11
ROYAL OAK,Disorder,7,2021,12
ROYAL OAK,Disorder,6,2022,1
ROYAL OAK,Disorder,13,2022,2
ROYAL OAK,Disorder,14,2022,3
ROYAL OAK,Disorder,13,2022,4
ROYAL OAK,Disorder,18,2022,5
ROYAL OAK,Disorder,10,2022,6
ROYAL OAK,Disorder,16,2022,7
ROYAL OAK,Disorder,13,2022,8
ROYAL OAK,Disorder,12,2022,9
ROYAL OAK,Disorder,18,2022,10
ROYAL OAK,Disorder,9,2022,11
ROYAL OAK,Disorder,3,2022,12
ROYAL OAK,Disorder,4,2023,1
ROYAL OAK,Disorder,14,2023,2
ROYAL OAK,Disorder,11,2023,3
ROYAL OAK,Disorder,10,2023,4
ROYAL OAK,Disorder,23,2023,5
ROYAL OAK,Disorder,9,2023,6
ROYAL OAK,Disorder,11,2023,7
ROYAL OAK,Disorder,9,2023,8
ROYAL OAK,Disorder,8,2023,9
ROYAL OAK,Disorder,13,2023,10
ROYAL OAK,Disorder,14,2023,11
ROYAL OAK,Disorder,7,2023,12
ROYAL OAK,Disorder,5,2024,1
ROYAL OAK,Disorder,3,2024,2
ROYAL OAK,Disorder,12,2024,3
ROYAL OAK,Disorder,9,2024,4
ROYAL OAK,Disorder,11,2024,5
ROYAL VISTA,Disorder,9,2018,1
ROYAL VISTA,Disorder,5,2018,2
ROYAL VISTA,Disorder,12,2018,3
ROYAL VISTA,Disorder,7,2018,4
ROYAL VISTA,Disorder,8,2018,5
ROYAL VISTA,Disorder,8,2018,6
ROYAL VISTA,Disorder,6,2018,7
ROYAL VISTA,Disorder,6,2018,8
ROYAL VISTA,Disorder,7,2018,9
ROYAL VISTA,Disorder,3,2018,10
ROYAL VISTA,Disorder,4,2018,11
ROYAL VISTA,Disorder,8,2018,12
ROYAL VISTA,Disorder,10,2019,1
ROYAL VISTA,Disorder,6,2019,2
ROYAL VISTA,Disorder,6,2019,3
ROYAL VISTA,Disorder,10,2019,4
ROYAL VISTA,Disorder,14,2019,5
ROYAL VISTA,Disorder,5,2019,6
ROYAL VISTA,Disorder,7,2019,7
ROYAL VISTA,Disorder,6,2019,8
ROYAL VISTA,Disorder,10,2019,9
ROYAL VISTA,Disorder,4,2019,10
ROYAL VISTA,Disorder,9,2019,11
ROYAL VISTA,Disorder,6,2019,12
ROYAL VISTA,Disorder,6,2020,1
ROYAL VISTA,Disorder,8,2020,2
ROYAL VISTA,Disorder,19,2020,3
ROYAL VISTA,Disorder,12,2020,4
ROYAL VISTA,Disorder,19,2020,5
ROYAL VISTA,Disorder,12,2020,6
ROYAL VISTA,Disorder,9,2020,7
ROYAL VISTA,Disorder,3,2020,8
ROYAL VISTA,Disorder,9,2020,9
ROYAL VISTA,Disorder,12,2020,10
ROYAL VISTA,Disorder,8,2020,11
ROYAL VISTA,Disorder,7,2020,12
ROYAL VISTA,Disorder,9,2021,1
ROYAL VISTA,Disorder,7,2021,2
ROYAL VISTA,Disorder,30,2021,3
ROYAL VISTA,Disorder,26,2021,4
ROYAL VISTA,Disorder,6,2021,5
ROYAL VISTA,Disorder,7,2021,6
ROYAL VISTA,Disorder,3,2021,7
ROYAL VISTA,Disorder,16,2021,8
ROYAL VISTA,Disorder,6,2021,9
ROYAL VISTA,Disorder,17,2021,10
ROYAL VISTA,Disorder,9,2021,11
ROYAL VISTA,Disorder,15,2021,12
ROYAL VISTA,Disorder,9,2022,1
ROYAL VISTA,Disorder,10,2022,2
ROYAL VISTA,Disorder,11,2022,3
ROYAL VISTA,Disorder,16,2022,4
ROYAL VISTA,Disorder,4,2022,5
ROYAL VISTA,Disorder,5,2022,6
ROYAL VISTA,Disorder,6,2022,7
ROYAL VISTA,Disorder,10,2022,8
ROYAL VISTA,Disorder,8,2022,9
ROYAL VISTA,Disorder,10,2022,10
ROYAL VISTA,Disorder,9,2022,11
ROYAL VISTA,Disorder,17,2022,12
ROYAL VISTA,Disorder,10,2023,1
ROYAL VISTA,Disorder,16,2023,2
ROYAL VISTA,Disorder,15,2023,3
ROYAL VISTA,Disorder,9,2023,4
ROYAL VISTA,Disorder,6,2023,5
ROYAL VISTA,Disorder,8,2023,6
ROYAL VISTA,Disorder,6,2023,7
ROYAL VISTA,Disorder,8,2023,8
ROYAL VISTA,Disorder,14,2023,9
ROYAL VISTA,Disorder,6,2023,10
ROYAL VISTA,Disorder,8,2023,11
ROYAL VISTA,Disorder,9,2023,12
ROYAL VISTA,Disorder,7,2024,1
ROYAL VISTA,Disorder,11,2024,2
ROYAL VISTA,Disorder,11,2024,3
ROYAL VISTA,Disorder,12,2024,4
ROYAL VISTA,Disorder,6,2024,5
RUNDLE,Disorder,47,2018,1
RUNDLE,Disorder,34,2018,2
RUNDLE,Disorder,70,2018,3
RUNDLE,Disorder,61,2018,4
RUNDLE,Disorder,84,2018,5
RUNDLE,Disorder,68,2018,6
RUNDLE,Disorder,123,2018,7
RUNDLE,Disorder,115,2018,8
RUNDLE,Disorder,101,2018,9
RUNDLE,Disorder,93,2018,10
RUNDLE,Disorder,60,2018,11
RUNDLE,Disorder,66,2018,12
RUNDLE,Disorder,64,2019,1
RUNDLE,Disorder,51,2019,2
RUNDLE,Disorder,85,2019,3
RUNDLE,Disorder,104,2019,4
RUNDLE,Disorder,93,2019,5
RUNDLE,Disorder,157,2019,6
RUNDLE,Disorder,134,2019,7
RUNDLE,Disorder,127,2019,8
RUNDLE,Disorder,140,2019,9
RUNDLE,Disorder,92,2019,10
RUNDLE,Disorder,84,2019,11
RUNDLE,Disorder,73,2019,12
RUNDLE,Disorder,81,2020,1
RUNDLE,Disorder,108,2020,2
RUNDLE,Disorder,112,2020,3
RUNDLE,Disorder,120,2020,4
RUNDLE,Disorder,115,2020,5
RUNDLE,Disorder,90,2020,6
RUNDLE,Disorder,150,2020,7
RUNDLE,Disorder,100,2020,8
RUNDLE,Disorder,86,2020,9
RUNDLE,Disorder,75,2020,10
RUNDLE,Disorder,82,2020,11
RUNDLE,Disorder,65,2020,12
RUNDLE,Disorder,54,2021,1
RUNDLE,Disorder,47,2021,2
RUNDLE,Disorder,91,2021,3
RUNDLE,Disorder,94,2021,4
RUNDLE,Disorder,91,2021,5
RUNDLE,Disorder,103,2021,6
RUNDLE,Disorder,126,2021,7
RUNDLE,Disorder,87,2021,8
RUNDLE,Disorder,93,2021,9
RUNDLE,Disorder,102,2021,10
RUNDLE,Disorder,90,2021,11
RUNDLE,Disorder,77,2021,12
RUNDLE,Disorder,99,2022,1
RUNDLE,Disorder,75,2022,2
RUNDLE,Disorder,99,2022,3
RUNDLE,Disorder,81,2022,4
RUNDLE,Disorder,105,2022,5
RUNDLE,Disorder,66,2022,6
RUNDLE,Disorder,94,2022,7
RUNDLE,Disorder,82,2022,8
RUNDLE,Disorder,83,2022,9
RUNDLE,Disorder,75,2022,10
RUNDLE,Disorder,43,2022,11
RUNDLE,Disorder,57,2022,12
RUNDLE,Disorder,76,2023,1
RUNDLE,Disorder,64,2023,2
RUNDLE,Disorder,78,2023,3
RUNDLE,Disorder,101,2023,4
RUNDLE,Disorder,120,2023,5
RUNDLE,Disorder,116,2023,6
RUNDLE,Disorder,99,2023,7
RUNDLE,Disorder,109,2023,8
RUNDLE,Disorder,81,2023,9
RUNDLE,Disorder,56,2023,10
RUNDLE,Disorder,65,2023,11
RUNDLE,Disorder,51,2023,12
RUNDLE,Disorder,33,2024,1
RUNDLE,Disorder,32,2024,2
RUNDLE,Disorder,57,2024,3
RUNDLE,Disorder,48,2024,4
RUNDLE,Disorder,77,2024,5
RUTLAND PARK,Disorder,8,2018,1
RUTLAND PARK,Disorder,10,2018,2
RUTLAND PARK,Disorder,8,2018,3
RUTLAND PARK,Disorder,10,2018,4
RUTLAND PARK,Disorder,12,2018,5
RUTLAND PARK,Disorder,16,2018,6
RUTLAND PARK,Disorder,15,2018,7
RUTLAND PARK,Disorder,19,2018,8
RUTLAND PARK,Disorder,12,2018,9
RUTLAND PARK,Disorder,8,2018,10
RUTLAND PARK,Disorder,11,2018,11
RUTLAND PARK,Disorder,7,2018,12
RUTLAND PARK,Disorder,7,2019,1
RUTLAND PARK,Disorder,9,2019,2
RUTLAND PARK,Disorder,6,2019,3
RUTLAND PARK,Disorder,14,2019,4
RUTLAND PARK,Disorder,14,2019,5
RUTLAND PARK,Disorder,10,2019,6
RUTLAND PARK,Disorder,8,2019,7
RUTLAND PARK,Disorder,13,2019,8
RUTLAND PARK,Disorder,8,2019,9
RUTLAND PARK,Disorder,9,2019,10
RUTLAND PARK,Disorder,10,2019,11
RUTLAND PARK,Disorder,11,2019,12
RUTLAND PARK,Disorder,7,2020,1
RUTLAND PARK,Disorder,6,2020,2
RUTLAND PARK,Disorder,10,2020,3
RUTLAND PARK,Disorder,13,2020,4
RUTLAND PARK,Disorder,16,2020,5
RUTLAND PARK,Disorder,13,2020,6
RUTLAND PARK,Disorder,8,2020,7
RUTLAND PARK,Disorder,9,2020,8
RUTLAND PARK,Disorder,11,2020,9
RUTLAND PARK,Disorder,10,2020,10
RUTLAND PARK,Disorder,6,2020,11
RUTLAND PARK,Disorder,6,2020,12
RUTLAND PARK,Disorder,13,2021,1
RUTLAND PARK,Disorder,10,2021,2
RUTLAND PARK,Disorder,8,2021,3
RUTLAND PARK,Disorder,14,2021,4
RUTLAND PARK,Disorder,12,2021,5
RUTLAND PARK,Disorder,7,2021,6
RUTLAND PARK,Disorder,13,2021,7
RUTLAND PARK,Disorder,14,2021,8
RUTLAND PARK,Disorder,5,2021,9
RUTLAND PARK,Disorder,7,2021,10
RUTLAND PARK,Disorder,11,2021,11
RUTLAND PARK,Disorder,4,2021,12
RUTLAND PARK,Disorder,5,2022,1
RUTLAND PARK,Disorder,7,2022,2
RUTLAND PARK,Disorder,11,2022,3
RUTLAND PARK,Disorder,7,2022,4
RUTLAND PARK,Disorder,9,2022,5
RUTLAND PARK,Disorder,16,2022,6
RUTLAND PARK,Disorder,12,2022,7
RUTLAND PARK,Disorder,9,2022,8
RUTLAND PARK,Disorder,8,2022,9
RUTLAND PARK,Disorder,14,2022,10
RUTLAND PARK,Disorder,15,2022,11
RUTLAND PARK,Disorder,10,2022,12
RUTLAND PARK,Disorder,14,2023,1
RUTLAND PARK,Disorder,4,2023,2
RUTLAND PARK,Disorder,15,2023,3
RUTLAND PARK,Disorder,6,2023,4
RUTLAND PARK,Disorder,4,2023,5
RUTLAND PARK,Disorder,10,2023,6
RUTLAND PARK,Disorder,9,2023,7
RUTLAND PARK,Disorder,8,2023,8
RUTLAND PARK,Disorder,10,2023,9
RUTLAND PARK,Disorder,7,2023,10
RUTLAND PARK,Disorder,8,2023,11
RUTLAND PARK,Disorder,7,2023,12
RUTLAND PARK,Disorder,14,2024,1
RUTLAND PARK,Disorder,5,2024,2
RUTLAND PARK,Disorder,5,2024,3
RUTLAND PARK,Disorder,9,2024,4
RUTLAND PARK,Disorder,7,2024,5
SADDLE RIDGE,Disorder,55,2018,1
SADDLE RIDGE,Disorder,38,2018,2
SADDLE RIDGE,Disorder,62,2018,3
SADDLE RIDGE,Disorder,54,2018,4
SADDLE RIDGE,Disorder,59,2018,5
SADDLE RIDGE,Disorder,62,2018,6
SADDLE RIDGE,Disorder,53,2018,7
SADDLE RIDGE,Disorder,68,2018,8
SADDLE RIDGE,Disorder,63,2018,9
SADDLE RIDGE,Disorder,53,2018,10
SADDLE RIDGE,Disorder,59,2018,11
SADDLE RIDGE,Disorder,53,2018,12
SADDLE RIDGE,Disorder,41,2019,1
SADDLE RIDGE,Disorder,39,2019,2
SADDLE RIDGE,Disorder,60,2019,3
SADDLE RIDGE,Disorder,57,2019,4
SADDLE RIDGE,Disorder,54,2019,5
SADDLE RIDGE,Disorder,59,2019,6
SADDLE RIDGE,Disorder,60,2019,7
SADDLE RIDGE,Disorder,54,2019,8
SADDLE RIDGE,Disorder,36,2019,9
SADDLE RIDGE,Disorder,67,2019,10
SADDLE RIDGE,Disorder,48,2019,11
SADDLE RIDGE,Disorder,42,2019,12
SADDLE RIDGE,Disorder,42,2020,1
SADDLE RIDGE,Disorder,58,2020,2
SADDLE RIDGE,Disorder,51,2020,3
SADDLE RIDGE,Disorder,64,2020,4
SADDLE RIDGE,Disorder,63,2020,5
SADDLE RIDGE,Disorder,73,2020,6
SADDLE RIDGE,Disorder,71,2020,7
SADDLE RIDGE,Disorder,78,2020,8
SADDLE RIDGE,Disorder,61,2020,9
SADDLE RIDGE,Disorder,58,2020,10
SADDLE RIDGE,Disorder,45,2020,11
SADDLE RIDGE,Disorder,47,2020,12
SADDLE RIDGE,Disorder,49,2021,1
SADDLE RIDGE,Disorder,28,2021,2
SADDLE RIDGE,Disorder,50,2021,3
SADDLE RIDGE,Disorder,41,2021,4
SADDLE RIDGE,Disorder,51,2021,5
SADDLE RIDGE,Disorder,59,2021,6
SADDLE RIDGE,Disorder,51,2021,7
SADDLE RIDGE,Disorder,65,2021,8
SADDLE RIDGE,Disorder,67,2021,9
SADDLE RIDGE,Disorder,71,2021,10
SADDLE RIDGE,Disorder,60,2021,11
SADDLE RIDGE,Disorder,51,2021,12
SADDLE RIDGE,Disorder,45,2022,1
SADDLE RIDGE,Disorder,49,2022,2
SADDLE RIDGE,Disorder,56,2022,3
SADDLE RIDGE,Disorder,44,2022,4
SADDLE RIDGE,Disorder,60,2022,5
SADDLE RIDGE,Disorder,42,2022,6
SADDLE RIDGE,Disorder,53,2022,7
SADDLE RIDGE,Disorder,49,2022,8
SADDLE RIDGE,Disorder,52,2022,9
SADDLE RIDGE,Disorder,51,2022,10
SADDLE RIDGE,Disorder,50,2022,11
SADDLE RIDGE,Disorder,61,2022,12
SADDLE RIDGE,Disorder,52,2023,1
SADDLE RIDGE,Disorder,60,2023,2
SADDLE RIDGE,Disorder,43,2023,3
SADDLE RIDGE,Disorder,58,2023,4
SADDLE RIDGE,Disorder,64,2023,5
SADDLE RIDGE,Disorder,57,2023,6
SADDLE RIDGE,Disorder,72,2023,7
SADDLE RIDGE,Disorder,68,2023,8
SADDLE RIDGE,Disorder,54,2023,9
SADDLE RIDGE,Disorder,58,2023,10
SADDLE RIDGE,Disorder,53,2023,11
SADDLE RIDGE,Disorder,56,2023,12
SADDLE RIDGE,Disorder,49,2024,1
SADDLE RIDGE,Disorder,50,2024,2
SADDLE RIDGE,Disorder,52,2024,3
SADDLE RIDGE,Disorder,56,2024,4
SADDLE RIDGE,Disorder,66,2024,5
SADDLE RIDGE INDUSTRIAL,Disorder,2,2018,1
SADDLE RIDGE INDUSTRIAL,Disorder,4,2018,2
SADDLE RIDGE INDUSTRIAL,Disorder,3,2018,3
SADDLE RIDGE INDUSTRIAL,Disorder,2,2018,4
SADDLE RIDGE INDUSTRIAL,Disorder,1,2018,5
SADDLE RIDGE INDUSTRIAL,Disorder,3,2018,6
SADDLE RIDGE INDUSTRIAL,Disorder,4,2018,7
SADDLE RIDGE INDUSTRIAL,Disorder,4,2018,8
SADDLE RIDGE INDUSTRIAL,Disorder,4,2018,9
SADDLE RIDGE INDUSTRIAL,Disorder,4,2018,10
SADDLE RIDGE INDUSTRIAL,Disorder,4,2018,11
SADDLE RIDGE INDUSTRIAL,Disorder,5,2018,12
SADDLE RIDGE INDUSTRIAL,Disorder,5,2019,1
SADDLE RIDGE INDUSTRIAL,Disorder,3,2019,2
SADDLE RIDGE INDUSTRIAL,Disorder,5,2019,3
SADDLE RIDGE INDUSTRIAL,Disorder,8,2019,4
SADDLE RIDGE INDUSTRIAL,Disorder,3,2019,5
SADDLE RIDGE INDUSTRIAL,Disorder,5,2019,6
SADDLE RIDGE INDUSTRIAL,Disorder,7,2019,7
SADDLE RIDGE INDUSTRIAL,Disorder,2,2019,8
SADDLE RIDGE INDUSTRIAL,Disorder,1,2019,9
SADDLE RIDGE INDUSTRIAL,Disorder,4,2019,10
SADDLE RIDGE INDUSTRIAL,Disorder,4,2019,11
SADDLE RIDGE INDUSTRIAL,Disorder,3,2019,12
SADDLE RIDGE INDUSTRIAL,Disorder,7,2020,1
SADDLE RIDGE INDUSTRIAL,Disorder,3,2020,2
SADDLE RIDGE INDUSTRIAL,Disorder,2,2020,3
SADDLE RIDGE INDUSTRIAL,Disorder,4,2020,4
SADDLE RIDGE INDUSTRIAL,Disorder,1,2020,5
SADDLE RIDGE INDUSTRIAL,Disorder,2,2020,6
SADDLE RIDGE INDUSTRIAL,Disorder,1,2020,7
SADDLE RIDGE INDUSTRIAL,Disorder,3,2020,8
SADDLE RIDGE INDUSTRIAL,Disorder,5,2020,9
SADDLE RIDGE INDUSTRIAL,Disorder,6,2020,10
SADDLE RIDGE INDUSTRIAL,Disorder,6,2020,11
SADDLE RIDGE INDUSTRIAL,Disorder,7,2020,12
SADDLE RIDGE INDUSTRIAL,Disorder,5,2021,1
SADDLE RIDGE INDUSTRIAL,Disorder,5,2021,2
SADDLE RIDGE INDUSTRIAL,Disorder,9,2021,3
SADDLE RIDGE INDUSTRIAL,Disorder,5,2021,4
SADDLE RIDGE INDUSTRIAL,Disorder,6,2021,5
SADDLE RIDGE INDUSTRIAL,Disorder,7,2021,6
SADDLE RIDGE INDUSTRIAL,Disorder,8,2021,7
SADDLE RIDGE INDUSTRIAL,Disorder,5,2021,8
SADDLE RIDGE INDUSTRIAL,Disorder,7,2021,9
SADDLE RIDGE INDUSTRIAL,Disorder,4,2021,10
SADDLE RIDGE INDUSTRIAL,Disorder,9,2021,11
SADDLE RIDGE INDUSTRIAL,Disorder,8,2021,12
SADDLE RIDGE INDUSTRIAL,Disorder,2,2022,1
SADDLE RIDGE INDUSTRIAL,Disorder,2,2022,2
SADDLE RIDGE INDUSTRIAL,Disorder,3,2022,3
SADDLE RIDGE INDUSTRIAL,Disorder,3,2022,4
SADDLE RIDGE INDUSTRIAL,Disorder,5,2022,5
SADDLE RIDGE INDUSTRIAL,Disorder,2,2022,6
SADDLE RIDGE INDUSTRIAL,Disorder,2,2022,7
SADDLE RIDGE INDUSTRIAL,Disorder,8,2022,8
SADDLE RIDGE INDUSTRIAL,Disorder,7,2022,9
SADDLE RIDGE INDUSTRIAL,Disorder,4,2022,10
SADDLE RIDGE INDUSTRIAL,Disorder,1,2022,11
SADDLE RIDGE INDUSTRIAL,Disorder,6,2022,12
SADDLE RIDGE INDUSTRIAL,Disorder,3,2023,1
SADDLE RIDGE INDUSTRIAL,Disorder,5,2023,3
SADDLE RIDGE INDUSTRIAL,Disorder,5,2023,4
SADDLE RIDGE INDUSTRIAL,Disorder,7,2023,5
SADDLE RIDGE INDUSTRIAL,Disorder,8,2023,6
SADDLE RIDGE INDUSTRIAL,Disorder,4,2023,7
SADDLE RIDGE INDUSTRIAL,Disorder,9,2023,8
SADDLE RIDGE INDUSTRIAL,Disorder,3,2023,9
SADDLE RIDGE INDUSTRIAL,Disorder,8,2023,10
SADDLE RIDGE INDUSTRIAL,Disorder,4,2023,11
SADDLE RIDGE INDUSTRIAL,Disorder,5,2023,12
SADDLE RIDGE INDUSTRIAL,Disorder,4,2024,1
SADDLE RIDGE INDUSTRIAL,Disorder,6,2024,2
SADDLE RIDGE INDUSTRIAL,Disorder,2,2024,3
SADDLE RIDGE INDUSTRIAL,Disorder,1,2024,5
SAGE HILL,Disorder,16,2018,1
SAGE HILL,Disorder,9,2018,2
SAGE HILL,Disorder,8,2018,3
SAGE HILL,Disorder,12,2018,4
SAGE HILL,Disorder,11,2018,5
SAGE HILL,Disorder,18,2018,6
SAGE HILL,Disorder,21,2018,7
SAGE HILL,Disorder,19,2018,8
SAGE HILL,Disorder,15,2018,9
SAGE HILL,Disorder,20,2018,10
SAGE HILL,Disorder,19,2018,11
SAGE HILL,Disorder,17,2018,12
SAGE HILL,Disorder,7,2019,1
SAGE HILL,Disorder,11,2019,2
SAGE HILL,Disorder,13,2019,3
SAGE HILL,Disorder,21,2019,4
SAGE HILL,Disorder,12,2019,5
SAGE HILL,Disorder,19,2019,6
SAGE HILL,Disorder,15,2019,7
SAGE HILL,Disorder,29,2019,8
SAGE HILL,Disorder,16,2019,9
SAGE HILL,Disorder,15,2019,10
SAGE HILL,Disorder,16,2019,11
SAGE HILL,Disorder,18,2019,12
SAGE HILL,Disorder,12,2020,1
SAGE HILL,Disorder,9,2020,2
SAGE HILL,Disorder,16,2020,3
SAGE HILL,Disorder,15,2020,4
SAGE HILL,Disorder,30,2020,5
SAGE HILL,Disorder,33,2020,6
SAGE HILL,Disorder,31,2020,7
SAGE HILL,Disorder,17,2020,8
SAGE HILL,Disorder,25,2020,9
SAGE HILL,Disorder,14,2020,10
SAGE HILL,Disorder,17,2020,11
SAGE HILL,Disorder,21,2020,12
SAGE HILL,Disorder,13,2021,1
SAGE HILL,Disorder,21,2021,2
SAGE HILL,Disorder,22,2021,3
SAGE HILL,Disorder,22,2021,4
SAGE HILL,Disorder,20,2021,5
SAGE HILL,Disorder,28,2021,6
SAGE HILL,Disorder,22,2021,7
SAGE HILL,Disorder,30,2021,8
SAGE HILL,Disorder,14,2021,9
SAGE HILL,Disorder,11,2021,10
SAGE HILL,Disorder,13,2021,11
SAGE HILL,Disorder,17,2021,12
SAGE HILL,Disorder,15,2022,1
SAGE HILL,Disorder,13,2022,2
SAGE HILL,Disorder,16,2022,3
SAGE HILL,Disorder,11,2022,4
SAGE HILL,Disorder,19,2022,5
SAGE HILL,Disorder,24,2022,6
SAGE HILL,Disorder,13,2022,7
SAGE HILL,Disorder,25,2022,8
SAGE HILL,Disorder,24,2022,9
SAGE HILL,Disorder,18,2022,10
SAGE HILL,Disorder,28,2022,11
SAGE HILL,Disorder,22,2022,12
SAGE HILL,Disorder,35,2023,1
SAGE HILL,Disorder,14,2023,2
SAGE HILL,Disorder,23,2023,3
SAGE HILL,Disorder,17,2023,4
SAGE HILL,Disorder,20,2023,5
SAGE HILL,Disorder,10,2023,6
SAGE HILL,Disorder,21,2023,7
SAGE HILL,Disorder,27,2023,8
SAGE HILL,Disorder,31,2023,9
SAGE HILL,Disorder,24,2023,10
SAGE HILL,Disorder,27,2023,11
SAGE HILL,Disorder,27,2023,12
SAGE HILL,Disorder,23,2024,1
SAGE HILL,Disorder,16,2024,2
SAGE HILL,Disorder,12,2024,3
SAGE HILL,Disorder,16,2024,4
SAGE HILL,Disorder,31,2024,5
SANDSTONE VALLEY,Disorder,6,2018,1
SANDSTONE VALLEY,Disorder,2,2018,2
SANDSTONE VALLEY,Disorder,2,2018,3
SANDSTONE VALLEY,Disorder,3,2018,4
SANDSTONE VALLEY,Disorder,13,2018,5
SANDSTONE VALLEY,Disorder,14,2018,6
SANDSTONE VALLEY,Disorder,9,2018,7
SANDSTONE VALLEY,Disorder,5,2018,8
SANDSTONE VALLEY,Disorder,7,2018,9
SANDSTONE VALLEY,Disorder,10,2018,10
SANDSTONE VALLEY,Disorder,7,2018,11
SANDSTONE VALLEY,Disorder,7,2018,12
SANDSTONE VALLEY,Disorder,5,2019,1
SANDSTONE VALLEY,Disorder,5,2019,2
SANDSTONE VALLEY,Disorder,8,2019,3
SANDSTONE VALLEY,Disorder,9,2019,4
SANDSTONE VALLEY,Disorder,12,2019,5
SANDSTONE VALLEY,Disorder,9,2019,6
SANDSTONE VALLEY,Disorder,13,2019,7
SANDSTONE VALLEY,Disorder,11,2019,8
SANDSTONE VALLEY,Disorder,14,2019,9
SANDSTONE VALLEY,Disorder,6,2019,10
SANDSTONE VALLEY,Disorder,10,2019,11
SANDSTONE VALLEY,Disorder,9,2019,12
SANDSTONE VALLEY,Disorder,8,2020,1
SANDSTONE VALLEY,Disorder,6,2020,2
SANDSTONE VALLEY,Disorder,8,2020,3
SANDSTONE VALLEY,Disorder,10,2020,4
SANDSTONE VALLEY,Disorder,17,2020,5
SANDSTONE VALLEY,Disorder,11,2020,6
SANDSTONE VALLEY,Disorder,13,2020,7
SANDSTONE VALLEY,Disorder,12,2020,8
SANDSTONE VALLEY,Disorder,12,2020,9
SANDSTONE VALLEY,Disorder,6,2020,10
SANDSTONE VALLEY,Disorder,4,2020,11
SANDSTONE VALLEY,Disorder,3,2020,12
SANDSTONE VALLEY,Disorder,7,2021,1
SANDSTONE VALLEY,Disorder,2,2021,2
SANDSTONE VALLEY,Disorder,9,2021,3
SANDSTONE VALLEY,Disorder,7,2021,4
SANDSTONE VALLEY,Disorder,10,2021,5
SANDSTONE VALLEY,Disorder,9,2021,6
SANDSTONE VALLEY,Disorder,23,2021,7
SANDSTONE VALLEY,Disorder,18,2021,8
SANDSTONE VALLEY,Disorder,11,2021,9
SANDSTONE VALLEY,Disorder,13,2021,10
SANDSTONE VALLEY,Disorder,13,2021,11
SANDSTONE VALLEY,Disorder,6,2021,12
SANDSTONE VALLEY,Disorder,10,2022,1
SANDSTONE VALLEY,Disorder,4,2022,2
SANDSTONE VALLEY,Disorder,6,2022,3
SANDSTONE VALLEY,Disorder,6,2022,4
SANDSTONE VALLEY,Disorder,6,2022,5
SANDSTONE VALLEY,Disorder,3,2022,6
SANDSTONE VALLEY,Disorder,9,2022,7
SANDSTONE VALLEY,Disorder,5,2022,8
SANDSTONE VALLEY,Disorder,6,2022,9
SANDSTONE VALLEY,Disorder,7,2022,10
SANDSTONE VALLEY,Disorder,6,2022,11
SANDSTONE VALLEY,Disorder,7,2022,12
SANDSTONE VALLEY,Disorder,8,2023,1
SANDSTONE VALLEY,Disorder,4,2023,2
SANDSTONE VALLEY,Disorder,5,2023,3
SANDSTONE VALLEY,Disorder,10,2023,4
SANDSTONE VALLEY,Disorder,7,2023,5
SANDSTONE VALLEY,Disorder,9,2023,6
SANDSTONE VALLEY,Disorder,7,2023,7
SANDSTONE VALLEY,Disorder,5,2023,8
SANDSTONE VALLEY,Disorder,7,2023,9
SANDSTONE VALLEY,Disorder,6,2023,10
SANDSTONE VALLEY,Disorder,5,2023,11
SANDSTONE VALLEY,Disorder,8,2023,12
SANDSTONE VALLEY,Disorder,8,2024,1
SANDSTONE VALLEY,Disorder,6,2024,2
SANDSTONE VALLEY,Disorder,6,2024,3
SANDSTONE VALLEY,Disorder,4,2024,4
SANDSTONE VALLEY,Disorder,13,2024,5
SCARBORO,Disorder,5,2018,1
SCARBORO,Disorder,4,2018,2
SCARBORO,Disorder,2,2018,3
SCARBORO,Disorder,1,2018,4
SCARBORO,Disorder,12,2018,5
SCARBORO,Disorder,5,2018,6
SCARBORO,Disorder,6,2018,7
SCARBORO,Disorder,10,2018,8
SCARBORO,Disorder,9,2018,9
SCARBORO,Disorder,9,2018,10
SCARBORO,Disorder,5,2018,11
SCARBORO,Disorder,4,2018,12
SCARBORO,Disorder,5,2019,1
SCARBORO,Disorder,6,2019,2
SCARBORO,Disorder,2,2019,3
SCARBORO,Disorder,12,2019,4
SCARBORO,Disorder,6,2019,5
SCARBORO,Disorder,9,2019,6
SCARBORO,Disorder,7,2019,7
SCARBORO,Disorder,8,2019,8
SCARBORO,Disorder,7,2019,9
SCARBORO,Disorder,2,2019,10
SCARBORO,Disorder,2,2019,11
SCARBORO,Disorder,4,2019,12
SCARBORO,Disorder,7,2020,1
SCARBORO,Disorder,2,2020,2
SCARBORO,Disorder,2,2020,3
SCARBORO,Disorder,7,2020,4
SCARBORO,Disorder,5,2020,5
SCARBORO,Disorder,11,2020,6
SCARBORO,Disorder,8,2020,7
SCARBORO,Disorder,5,2020,8
SCARBORO,Disorder,4,2020,9
SCARBORO,Disorder,5,2020,10
SCARBORO,Disorder,2,2020,11
SCARBORO,Disorder,4,2020,12
SCARBORO,Disorder,6,2021,1
SCARBORO,Disorder,1,2021,2
SCARBORO,Disorder,6,2021,3
SCARBORO,Disorder,1,2021,4
SCARBORO,Disorder,5,2021,5
SCARBORO,Disorder,2,2021,6
SCARBORO,Disorder,5,2021,7
SCARBORO,Disorder,8,2021,8
SCARBORO,Disorder,2,2021,9
SCARBORO,Disorder,4,2021,10
SCARBORO,Disorder,5,2021,11
SCARBORO,Disorder,2,2021,12
SCARBORO,Disorder,2,2022,1
SCARBORO,Disorder,3,2022,2
SCARBORO,Disorder,5,2022,3
SCARBORO,Disorder,3,2022,4
SCARBORO,Disorder,3,2022,5
SCARBORO,Disorder,4,2022,6
SCARBORO,Disorder,5,2022,7
SCARBORO,Disorder,6,2022,8
SCARBORO,Disorder,2,2022,9
SCARBORO,Disorder,2,2022,10
SCARBORO,Disorder,1,2022,11
SCARBORO,Disorder,2,2022,12
SCARBORO,Disorder,1,2023,1
SCARBORO,Disorder,1,2023,2
SCARBORO,Disorder,2,2023,3
SCARBORO,Disorder,5,2023,4
SCARBORO,Disorder,3,2023,5
SCARBORO,Disorder,7,2023,6
SCARBORO,Disorder,3,2023,7
SCARBORO,Disorder,7,2023,8
SCARBORO,Disorder,5,2023,9
SCARBORO,Disorder,2,2023,10
SCARBORO,Disorder,1,2023,11
SCARBORO,Disorder,3,2023,12
SCARBORO,Disorder,1,2024,1
SCARBORO,Disorder,7,2024,4
SCARBORO,Disorder,7,2024,5
SCENIC ACRES,Disorder,13,2018,1
SCENIC ACRES,Disorder,8,2018,2
SCENIC ACRES,Disorder,8,2018,3
SCENIC ACRES,Disorder,12,2018,4
SCENIC ACRES,Disorder,10,2018,5
SCENIC ACRES,Disorder,20,2018,6
SCENIC ACRES,Disorder,14,2018,7
SCENIC ACRES,Disorder,15,2018,8
SCENIC ACRES,Disorder,10,2018,9
SCENIC ACRES,Disorder,14,2018,10
SCENIC ACRES,Disorder,11,2018,11
SCENIC ACRES,Disorder,2,2018,12
SCENIC ACRES,Disorder,11,2019,1
SCENIC ACRES,Disorder,5,2019,2
SCENIC ACRES,Disorder,3,2019,3
SCENIC ACRES,Disorder,11,2019,4
SCENIC ACRES,Disorder,8,2019,5
SCENIC ACRES,Disorder,5,2019,6
SCENIC ACRES,Disorder,11,2019,7
SCENIC ACRES,Disorder,12,2019,8
SCENIC ACRES,Disorder,17,2019,9
SCENIC ACRES,Disorder,8,2019,10
SCENIC ACRES,Disorder,6,2019,11
SCENIC ACRES,Disorder,5,2019,12
SCENIC ACRES,Disorder,3,2020,1
SCENIC ACRES,Disorder,8,2020,2
SCENIC ACRES,Disorder,13,2020,3
SCENIC ACRES,Disorder,12,2020,4
SCENIC ACRES,Disorder,14,2020,5
SCENIC ACRES,Disorder,11,2020,6
SCENIC ACRES,Disorder,11,2020,7
SCENIC ACRES,Disorder,7,2020,8
SCENIC ACRES,Disorder,14,2020,9
SCENIC ACRES,Disorder,13,2020,10
SCENIC ACRES,Disorder,10,2020,11
SCENIC ACRES,Disorder,18,2020,12
SCENIC ACRES,Disorder,4,2021,1
SCENIC ACRES,Disorder,10,2021,2
SCENIC ACRES,Disorder,16,2021,3
SCENIC ACRES,Disorder,18,2021,4
SCENIC ACRES,Disorder,13,2021,5
SCENIC ACRES,Disorder,15,2021,6
SCENIC ACRES,Disorder,23,2021,7
SCENIC ACRES,Disorder,16,2021,8
SCENIC ACRES,Disorder,13,2021,9
SCENIC ACRES,Disorder,10,2021,10
SCENIC ACRES,Disorder,9,2021,11
SCENIC ACRES,Disorder,12,2021,12
SCENIC ACRES,Disorder,10,2022,1
SCENIC ACRES,Disorder,4,2022,2
SCENIC ACRES,Disorder,13,2022,3
SCENIC ACRES,Disorder,7,2022,4
SCENIC ACRES,Disorder,9,2022,5
SCENIC ACRES,Disorder,8,2022,6
SCENIC ACRES,Disorder,20,2022,7
SCENIC ACRES,Disorder,19,2022,8
SCENIC ACRES,Disorder,10,2022,9
SCENIC ACRES,Disorder,11,2022,10
SCENIC ACRES,Disorder,14,2022,11
SCENIC ACRES,Disorder,8,2022,12
SCENIC ACRES,Disorder,7,2023,1
SCENIC ACRES,Disorder,9,2023,2
SCENIC ACRES,Disorder,12,2023,3
SCENIC ACRES,Disorder,16,2023,4
SCENIC ACRES,Disorder,13,2023,5
SCENIC ACRES,Disorder,9,2023,6
SCENIC ACRES,Disorder,18,2023,7
SCENIC ACRES,Disorder,14,2023,8
SCENIC ACRES,Disorder,12,2023,9
SCENIC ACRES,Disorder,7,2023,10
SCENIC ACRES,Disorder,5,2023,11
SCENIC ACRES,Disorder,12,2023,12
SCENIC ACRES,Disorder,13,2024,1
SCENIC ACRES,Disorder,5,2024,2
SCENIC ACRES,Disorder,7,2024,3
SCENIC ACRES,Disorder,5,2024,4
SCENIC ACRES,Disorder,9,2024,5
SECTION 23,Disorder,5,2018,1
SECTION 23,Disorder,3,2018,2
SECTION 23,Disorder,2,2018,3
SECTION 23,Disorder,2,2018,4
SECTION 23,Disorder,1,2018,5
SECTION 23,Disorder,1,2018,6
SECTION 23,Disorder,4,2018,7
SECTION 23,Disorder,5,2018,8
SECTION 23,Disorder,3,2018,9
SECTION 23,Disorder,3,2018,10
SECTION 23,Disorder,1,2018,11
SECTION 23,Disorder,1,2019,1
SECTION 23,Disorder,1,2019,2
SECTION 23,Disorder,4,2019,4
SECTION 23,Disorder,3,2019,5
SECTION 23,Disorder,2,2019,7
SECTION 23,Disorder,1,2019,8
SECTION 23,Disorder,4,2019,9
SECTION 23,Disorder,1,2019,11
SECTION 23,Disorder,1,2019,12
SECTION 23,Disorder,3,2020,1
SECTION 23,Disorder,2,2020,2
SECTION 23,Disorder,3,2020,3
SECTION 23,Disorder,2,2020,4
SECTION 23,Disorder,4,2020,5
SECTION 23,Disorder,1,2020,7
SECTION 23,Disorder,4,2020,8
SECTION 23,Disorder,2,2020,10
SECTION 23,Disorder,2,2020,11
SECTION 23,Disorder,1,2020,12
SECTION 23,Disorder,1,2021,1
SECTION 23,Disorder,2,2021,2
SECTION 23,Disorder,2,2021,4
SECTION 23,Disorder,4,2021,5
SECTION 23,Disorder,1,2021,7
SECTION 23,Disorder,4,2021,8
SECTION 23,Disorder,1,2021,10
SECTION 23,Disorder,2,2021,11
SECTION 23,Disorder,2,2021,12
SECTION 23,Disorder,1,2022,2
SECTION 23,Disorder,2,2022,3
SECTION 23,Disorder,2,2022,4
SECTION 23,Disorder,6,2022,5
SECTION 23,Disorder,1,2022,6
SECTION 23,Disorder,1,2022,7
SECTION 23,Disorder,1,2022,8
SECTION 23,Disorder,3,2022,9
SECTION 23,Disorder,1,2022,10
SECTION 23,Disorder,3,2022,11
SECTION 23,Disorder,1,2022,12
SECTION 23,Disorder,3,2023,1
SECTION 23,Disorder,3,2023,2
SECTION 23,Disorder,1,2023,3
SECTION 23,Disorder,2,2023,4
SECTION 23,Disorder,2,2023,5
SECTION 23,Disorder,2,2023,7
SECTION 23,Disorder,1,2023,8
SECTION 23,Disorder,3,2023,9
SECTION 23,Disorder,2,2023,10
SECTION 23,Disorder,2,2023,11
SECTION 23,Disorder,1,2023,12
SECTION 23,Disorder,2,2024,2
SECTION 23,Disorder,1,2024,5
SETON,Disorder,12,2018,1
SETON,Disorder,7,2018,2
SETON,Disorder,4,2018,3
SETON,Disorder,9,2018,4
SETON,Disorder,7,2018,5
SETON,Disorder,15,2018,6
SETON,Disorder,6,2018,7
SETON,Disorder,11,2018,8
SETON,Disorder,12,2018,9
SETON,Disorder,13,2018,10
SETON,Disorder,15,2018,11
SETON,Disorder,8,2018,12
SETON,Disorder,18,2019,1
SETON,Disorder,11,2019,2
SETON,Disorder,16,2019,3
SETON,Disorder,20,2019,4
SETON,Disorder,21,2019,5
SETON,Disorder,10,2019,6
SETON,Disorder,14,2019,7
SETON,Disorder,16,2019,8
SETON,Disorder,12,2019,9
SETON,Disorder,16,2019,10
SETON,Disorder,16,2019,11
SETON,Disorder,14,2019,12
SETON,Disorder,21,2020,1
SETON,Disorder,15,2020,2
SETON,Disorder,21,2020,3
SETON,Disorder,17,2020,4
SETON,Disorder,28,2020,5
SETON,Disorder,14,2020,6
SETON,Disorder,28,2020,7
SETON,Disorder,23,2020,8
SETON,Disorder,27,2020,9
SETON,Disorder,22,2020,10
SETON,Disorder,26,2020,11
SETON,Disorder,16,2020,12
SETON,Disorder,16,2021,1
SETON,Disorder,21,2021,2
SETON,Disorder,23,2021,3
SETON,Disorder,18,2021,4
SETON,Disorder,24,2021,5
SETON,Disorder,22,2021,6
SETON,Disorder,21,2021,7
SETON,Disorder,18,2021,8
SETON,Disorder,35,2021,9
SETON,Disorder,19,2021,10
SETON,Disorder,18,2021,11
SETON,Disorder,32,2021,12
SETON,Disorder,19,2022,1
SETON,Disorder,31,2022,2
SETON,Disorder,30,2022,3
SETON,Disorder,22,2022,4
SETON,Disorder,30,2022,5
SETON,Disorder,17,2022,6
SETON,Disorder,18,2022,7
SETON,Disorder,26,2022,8
SETON,Disorder,23,2022,9
SETON,Disorder,25,2022,10
SETON,Disorder,41,2022,11
SETON,Disorder,26,2022,12
SETON,Disorder,27,2023,1
SETON,Disorder,35,2023,2
SETON,Disorder,38,2023,3
SETON,Disorder,27,2023,4
SETON,Disorder,29,2023,5
SETON,Disorder,24,2023,6
SETON,Disorder,28,2023,7
SETON,Disorder,41,2023,8
SETON,Disorder,38,2023,9
SETON,Disorder,36,2023,10
SETON,Disorder,20,2023,11
SETON,Disorder,29,2023,12
SETON,Disorder,29,2024,1
SETON,Disorder,31,2024,2
SETON,Disorder,42,2024,3
SETON,Disorder,43,2024,4
SETON,Disorder,43,2024,5
SHAGANAPPI,Disorder,5,2018,1
SHAGANAPPI,Disorder,10,2018,2
SHAGANAPPI,Disorder,10,2018,3
SHAGANAPPI,Disorder,11,2018,4
SHAGANAPPI,Disorder,18,2018,5
SHAGANAPPI,Disorder,18,2018,6
SHAGANAPPI,Disorder,18,2018,7
SHAGANAPPI,Disorder,16,2018,8
SHAGANAPPI,Disorder,17,2018,9
SHAGANAPPI,Disorder,9,2018,10
SHAGANAPPI,Disorder,22,2018,11
SHAGANAPPI,Disorder,15,2018,12
SHAGANAPPI,Disorder,8,2019,1
SHAGANAPPI,Disorder,10,2019,2
SHAGANAPPI,Disorder,13,2019,3
SHAGANAPPI,Disorder,13,2019,4
SHAGANAPPI,Disorder,13,2019,5
SHAGANAPPI,Disorder,23,2019,6
SHAGANAPPI,Disorder,26,2019,7
SHAGANAPPI,Disorder,24,2019,8
SHAGANAPPI,Disorder,28,2019,9
SHAGANAPPI,Disorder,17,2019,10
SHAGANAPPI,Disorder,22,2019,11
SHAGANAPPI,Disorder,17,2019,12
SHAGANAPPI,Disorder,8,2020,1
SHAGANAPPI,Disorder,11,2020,2
SHAGANAPPI,Disorder,18,2020,3
SHAGANAPPI,Disorder,19,2020,4
SHAGANAPPI,Disorder,23,2020,5
SHAGANAPPI,Disorder,24,2020,6
SHAGANAPPI,Disorder,11,2020,7
SHAGANAPPI,Disorder,16,2020,8
SHAGANAPPI,Disorder,20,2020,9
SHAGANAPPI,Disorder,20,2020,10
SHAGANAPPI,Disorder,7,2020,11
SHAGANAPPI,Disorder,16,2020,12
SHAGANAPPI,Disorder,15,2021,1
SHAGANAPPI,Disorder,13,2021,2
SHAGANAPPI,Disorder,14,2021,3
SHAGANAPPI,Disorder,23,2021,4
SHAGANAPPI,Disorder,39,2021,5
SHAGANAPPI,Disorder,32,2021,6
SHAGANAPPI,Disorder,23,2021,7
SHAGANAPPI,Disorder,9,2021,8
SHAGANAPPI,Disorder,16,2021,9
SHAGANAPPI,Disorder,15,2021,10
SHAGANAPPI,Disorder,10,2021,11
SHAGANAPPI,Disorder,16,2021,12
SHAGANAPPI,Disorder,24,2022,1
SHAGANAPPI,Disorder,17,2022,2
SHAGANAPPI,Disorder,14,2022,3
SHAGANAPPI,Disorder,25,2022,4
SHAGANAPPI,Disorder,20,2022,5
SHAGANAPPI,Disorder,17,2022,6
SHAGANAPPI,Disorder,11,2022,7
SHAGANAPPI,Disorder,17,2022,8
SHAGANAPPI,Disorder,10,2022,9
SHAGANAPPI,Disorder,14,2022,10
SHAGANAPPI,Disorder,12,2022,11
SHAGANAPPI,Disorder,8,2022,12
SHAGANAPPI,Disorder,19,2023,1
SHAGANAPPI,Disorder,12,2023,2
SHAGANAPPI,Disorder,23,2023,3
SHAGANAPPI,Disorder,25,2023,4
SHAGANAPPI,Disorder,26,2023,5
SHAGANAPPI,Disorder,15,2023,6
SHAGANAPPI,Disorder,31,2023,7
SHAGANAPPI,Disorder,43,2023,8
SHAGANAPPI,Disorder,16,2023,9
SHAGANAPPI,Disorder,18,2023,10
SHAGANAPPI,Disorder,22,2023,11
SHAGANAPPI,Disorder,15,2023,12
SHAGANAPPI,Disorder,17,2024,1
SHAGANAPPI,Disorder,17,2024,2
SHAGANAPPI,Disorder,13,2024,3
SHAGANAPPI,Disorder,21,2024,4
SHAGANAPPI,Disorder,21,2024,5
SHAWNEE SLOPES,Disorder,3,2018,1
SHAWNEE SLOPES,Disorder,3,2018,3
SHAWNEE SLOPES,Disorder,6,2018,4
SHAWNEE SLOPES,Disorder,2,2018,5
SHAWNEE SLOPES,Disorder,3,2018,6
SHAWNEE SLOPES,Disorder,4,2018,7
SHAWNEE SLOPES,Disorder,8,2018,8
SHAWNEE SLOPES,Disorder,10,2018,9
SHAWNEE SLOPES,Disorder,3,2018,10
SHAWNEE SLOPES,Disorder,6,2018,11
SHAWNEE SLOPES,Disorder,4,2018,12
SHAWNEE SLOPES,Disorder,4,2019,1
SHAWNEE SLOPES,Disorder,7,2019,2
SHAWNEE SLOPES,Disorder,2,2019,3
SHAWNEE SLOPES,Disorder,1,2019,4
SHAWNEE SLOPES,Disorder,6,2019,5
SHAWNEE SLOPES,Disorder,4,2019,6
SHAWNEE SLOPES,Disorder,6,2019,7
SHAWNEE SLOPES,Disorder,10,2019,8
SHAWNEE SLOPES,Disorder,6,2019,9
SHAWNEE SLOPES,Disorder,4,2019,10
SHAWNEE SLOPES,Disorder,2,2019,11
SHAWNEE SLOPES,Disorder,1,2019,12
SHAWNEE SLOPES,Disorder,7,2020,1
SHAWNEE SLOPES,Disorder,3,2020,3
SHAWNEE SLOPES,Disorder,8,2020,4
SHAWNEE SLOPES,Disorder,6,2020,5
SHAWNEE SLOPES,Disorder,7,2020,6
SHAWNEE SLOPES,Disorder,3,2020,7
SHAWNEE SLOPES,Disorder,8,2020,8
SHAWNEE SLOPES,Disorder,6,2020,9
SHAWNEE SLOPES,Disorder,11,2020,10
SHAWNEE SLOPES,Disorder,8,2020,11
SHAWNEE SLOPES,Disorder,5,2020,12
SHAWNEE SLOPES,Disorder,5,2021,1
SHAWNEE SLOPES,Disorder,4,2021,2
SHAWNEE SLOPES,Disorder,2,2021,3
SHAWNEE SLOPES,Disorder,5,2021,4
SHAWNEE SLOPES,Disorder,9,2021,5
SHAWNEE SLOPES,Disorder,5,2021,6
SHAWNEE SLOPES,Disorder,5,2021,7
SHAWNEE SLOPES,Disorder,2,2021,8
SHAWNEE SLOPES,Disorder,2,2021,9
SHAWNEE SLOPES,Disorder,4,2021,10
SHAWNEE SLOPES,Disorder,3,2021,11
SHAWNEE SLOPES,Disorder,3,2021,12
SHAWNEE SLOPES,Disorder,4,2022,1
SHAWNEE SLOPES,Disorder,1,2022,2
SHAWNEE SLOPES,Disorder,5,2022,3
SHAWNEE SLOPES,Disorder,7,2022,4
SHAWNEE SLOPES,Disorder,3,2022,5
SHAWNEE SLOPES,Disorder,3,2022,6
SHAWNEE SLOPES,Disorder,4,2022,7
SHAWNEE SLOPES,Disorder,3,2022,8
SHAWNEE SLOPES,Disorder,6,2022,9
SHAWNEE SLOPES,Disorder,2,2022,10
SHAWNEE SLOPES,Disorder,7,2022,11
SHAWNEE SLOPES,Disorder,7,2022,12
SHAWNEE SLOPES,Disorder,18,2023,1
SHAWNEE SLOPES,Disorder,17,2023,2
SHAWNEE SLOPES,Disorder,14,2023,3
SHAWNEE SLOPES,Disorder,5,2023,4
SHAWNEE SLOPES,Disorder,5,2023,5
SHAWNEE SLOPES,Disorder,2,2023,6
SHAWNEE SLOPES,Disorder,3,2023,7
SHAWNEE SLOPES,Disorder,2,2023,8
SHAWNEE SLOPES,Disorder,4,2023,9
SHAWNEE SLOPES,Disorder,3,2023,10
SHAWNEE SLOPES,Disorder,3,2023,11
SHAWNEE SLOPES,Disorder,1,2023,12
SHAWNEE SLOPES,Disorder,7,2024,1
SHAWNEE SLOPES,Disorder,2,2024,2
SHAWNEE SLOPES,Disorder,2,2024,3
SHAWNEE SLOPES,Disorder,4,2024,4
SHAWNEE SLOPES,Disorder,4,2024,5
SHAWNESSY,Disorder,108,2018,1
SHAWNESSY,Disorder,95,2018,2
SHAWNESSY,Disorder,76,2018,3
SHAWNESSY,Disorder,74,2018,4
SHAWNESSY,Disorder,67,2018,5
SHAWNESSY,Disorder,87,2018,6
SHAWNESSY,Disorder,73,2018,7
SHAWNESSY,Disorder,64,2018,8
SHAWNESSY,Disorder,65,2018,9
SHAWNESSY,Disorder,61,2018,10
SHAWNESSY,Disorder,94,2018,11
SHAWNESSY,Disorder,110,2018,12
SHAWNESSY,Disorder,89,2019,1
SHAWNESSY,Disorder,76,2019,2
SHAWNESSY,Disorder,75,2019,3
SHAWNESSY,Disorder,83,2019,4
SHAWNESSY,Disorder,82,2019,5
SHAWNESSY,Disorder,77,2019,6
SHAWNESSY,Disorder,64,2019,7
SHAWNESSY,Disorder,66,2019,8
SHAWNESSY,Disorder,78,2019,9
SHAWNESSY,Disorder,80,2019,10
SHAWNESSY,Disorder,70,2019,11
SHAWNESSY,Disorder,74,2019,12
SHAWNESSY,Disorder,80,2020,1
SHAWNESSY,Disorder,93,2020,2
SHAWNESSY,Disorder,102,2020,3
SHAWNESSY,Disorder,108,2020,4
SHAWNESSY,Disorder,106,2020,5
SHAWNESSY,Disorder,87,2020,6
SHAWNESSY,Disorder,85,2020,7
SHAWNESSY,Disorder,76,2020,8
SHAWNESSY,Disorder,76,2020,9
SHAWNESSY,Disorder,80,2020,10
SHAWNESSY,Disorder,91,2020,11
SHAWNESSY,Disorder,72,2020,12
SHAWNESSY,Disorder,69,2021,1
SHAWNESSY,Disorder,62,2021,2
SHAWNESSY,Disorder,98,2021,3
SHAWNESSY,Disorder,94,2021,4
SHAWNESSY,Disorder,116,2021,5
SHAWNESSY,Disorder,90,2021,6
SHAWNESSY,Disorder,99,2021,7
SHAWNESSY,Disorder,84,2021,8
SHAWNESSY,Disorder,69,2021,9
SHAWNESSY,Disorder,96,2021,10
SHAWNESSY,Disorder,61,2021,11
SHAWNESSY,Disorder,136,2021,12
SHAWNESSY,Disorder,100,2022,1
SHAWNESSY,Disorder,67,2022,2
SHAWNESSY,Disorder,102,2022,3
SHAWNESSY,Disorder,82,2022,4
SHAWNESSY,Disorder,84,2022,5
SHAWNESSY,Disorder,88,2022,6
SHAWNESSY,Disorder,86,2022,7
SHAWNESSY,Disorder,83,2022,8
SHAWNESSY,Disorder,80,2022,9
SHAWNESSY,Disorder,74,2022,10
SHAWNESSY,Disorder,113,2022,11
SHAWNESSY,Disorder,88,2022,12
SHAWNESSY,Disorder,121,2023,1
SHAWNESSY,Disorder,88,2023,2
SHAWNESSY,Disorder,130,2023,3
SHAWNESSY,Disorder,114,2023,4
SHAWNESSY,Disorder,80,2023,5
SHAWNESSY,Disorder,86,2023,6
SHAWNESSY,Disorder,70,2023,7
SHAWNESSY,Disorder,67,2023,8
SHAWNESSY,Disorder,60,2023,9
SHAWNESSY,Disorder,57,2023,10
SHAWNESSY,Disorder,91,2023,11
SHAWNESSY,Disorder,100,2023,12
SHAWNESSY,Disorder,85,2024,1
SHAWNESSY,Disorder,81,2024,2
SHAWNESSY,Disorder,83,2024,3
SHAWNESSY,Disorder,60,2024,4
SHAWNESSY,Disorder,85,2024,5
SHEPARD INDUSTRIAL,Disorder,19,2018,1
SHEPARD INDUSTRIAL,Disorder,10,2018,2
SHEPARD INDUSTRIAL,Disorder,9,2018,3
SHEPARD INDUSTRIAL,Disorder,5,2018,4
SHEPARD INDUSTRIAL,Disorder,9,2018,5
SHEPARD INDUSTRIAL,Disorder,10,2018,6
SHEPARD INDUSTRIAL,Disorder,8,2018,7
SHEPARD INDUSTRIAL,Disorder,6,2018,8
SHEPARD INDUSTRIAL,Disorder,9,2018,9
SHEPARD INDUSTRIAL,Disorder,9,2018,10
SHEPARD INDUSTRIAL,Disorder,6,2018,11
SHEPARD INDUSTRIAL,Disorder,11,2018,12
SHEPARD INDUSTRIAL,Disorder,10,2019,1
SHEPARD INDUSTRIAL,Disorder,15,2019,2
SHEPARD INDUSTRIAL,Disorder,9,2019,3
SHEPARD INDUSTRIAL,Disorder,7,2019,4
SHEPARD INDUSTRIAL,Disorder,13,2019,5
SHEPARD INDUSTRIAL,Disorder,5,2019,6
SHEPARD INDUSTRIAL,Disorder,7,2019,7
SHEPARD INDUSTRIAL,Disorder,7,2019,8
SHEPARD INDUSTRIAL,Disorder,12,2019,9
SHEPARD INDUSTRIAL,Disorder,12,2019,10
SHEPARD INDUSTRIAL,Disorder,8,2019,11
SHEPARD INDUSTRIAL,Disorder,13,2019,12
SHEPARD INDUSTRIAL,Disorder,11,2020,1
SHEPARD INDUSTRIAL,Disorder,9,2020,2
SHEPARD INDUSTRIAL,Disorder,4,2020,3
SHEPARD INDUSTRIAL,Disorder,8,2020,4
SHEPARD INDUSTRIAL,Disorder,10,2020,5
SHEPARD INDUSTRIAL,Disorder,14,2020,6
SHEPARD INDUSTRIAL,Disorder,11,2020,7
SHEPARD INDUSTRIAL,Disorder,9,2020,8
SHEPARD INDUSTRIAL,Disorder,9,2020,9
SHEPARD INDUSTRIAL,Disorder,13,2020,10
SHEPARD INDUSTRIAL,Disorder,6,2020,11
SHEPARD INDUSTRIAL,Disorder,8,2020,12
SHEPARD INDUSTRIAL,Disorder,7,2021,1
SHEPARD INDUSTRIAL,Disorder,7,2021,2
SHEPARD INDUSTRIAL,Disorder,9,2021,3
SHEPARD INDUSTRIAL,Disorder,6,2021,4
SHEPARD INDUSTRIAL,Disorder,7,2021,5
SHEPARD INDUSTRIAL,Disorder,5,2021,6
SHEPARD INDUSTRIAL,Disorder,13,2021,7
SHEPARD INDUSTRIAL,Disorder,21,2021,8
SHEPARD INDUSTRIAL,Disorder,10,2021,9
SHEPARD INDUSTRIAL,Disorder,7,2021,10
SHEPARD INDUSTRIAL,Disorder,9,2021,11
SHEPARD INDUSTRIAL,Disorder,11,2021,12
SHEPARD INDUSTRIAL,Disorder,7,2022,1
SHEPARD INDUSTRIAL,Disorder,10,2022,2
SHEPARD INDUSTRIAL,Disorder,12,2022,3
SHEPARD INDUSTRIAL,Disorder,24,2022,4
SHEPARD INDUSTRIAL,Disorder,11,2022,5
SHEPARD INDUSTRIAL,Disorder,7,2022,6
SHEPARD INDUSTRIAL,Disorder,20,2022,7
SHEPARD INDUSTRIAL,Disorder,17,2022,8
SHEPARD INDUSTRIAL,Disorder,7,2022,9
SHEPARD INDUSTRIAL,Disorder,7,2022,10
SHEPARD INDUSTRIAL,Disorder,7,2022,11
SHEPARD INDUSTRIAL,Disorder,12,2022,12
SHEPARD INDUSTRIAL,Disorder,8,2023,1
SHEPARD INDUSTRIAL,Disorder,11,2023,2
SHEPARD INDUSTRIAL,Disorder,6,2023,3
SHEPARD INDUSTRIAL,Disorder,12,2023,4
SHEPARD INDUSTRIAL,Disorder,3,2023,5
SHEPARD INDUSTRIAL,Disorder,8,2023,6
SHEPARD INDUSTRIAL,Disorder,9,2023,7
SHEPARD INDUSTRIAL,Disorder,16,2023,8
SHEPARD INDUSTRIAL,Disorder,15,2023,9
SHEPARD INDUSTRIAL,Disorder,17,2023,10
SHEPARD INDUSTRIAL,Disorder,8,2023,11
SHEPARD INDUSTRIAL,Disorder,17,2023,12
SHEPARD INDUSTRIAL,Disorder,14,2024,1
SHEPARD INDUSTRIAL,Disorder,9,2024,2
SHEPARD INDUSTRIAL,Disorder,22,2024,3
SHEPARD INDUSTRIAL,Disorder,14,2024,4
SHEPARD INDUSTRIAL,Disorder,10,2024,5
SHERWOOD,Disorder,14,2018,1
SHERWOOD,Disorder,4,2018,2
SHERWOOD,Disorder,12,2018,3
SHERWOOD,Disorder,12,2018,4
SHERWOOD,Disorder,13,2018,5
SHERWOOD,Disorder,7,2018,6
SHERWOOD,Disorder,9,2018,7
SHERWOOD,Disorder,18,2018,8
SHERWOOD,Disorder,27,2018,9
SHERWOOD,Disorder,16,2018,10
SHERWOOD,Disorder,11,2018,11
SHERWOOD,Disorder,13,2018,12
SHERWOOD,Disorder,20,2019,1
SHERWOOD,Disorder,11,2019,2
SHERWOOD,Disorder,8,2019,3
SHERWOOD,Disorder,8,2019,4
SHERWOOD,Disorder,10,2019,5
SHERWOOD,Disorder,15,2019,6
SHERWOOD,Disorder,13,2019,7
SHERWOOD,Disorder,8,2019,8
SHERWOOD,Disorder,8,2019,9
SHERWOOD,Disorder,11,2019,10
SHERWOOD,Disorder,6,2019,11
SHERWOOD,Disorder,15,2019,12
SHERWOOD,Disorder,13,2020,1
SHERWOOD,Disorder,12,2020,2
SHERWOOD,Disorder,9,2020,3
SHERWOOD,Disorder,8,2020,4
SHERWOOD,Disorder,18,2020,5
SHERWOOD,Disorder,10,2020,6
SHERWOOD,Disorder,22,2020,7
SHERWOOD,Disorder,13,2020,8
SHERWOOD,Disorder,15,2020,9
SHERWOOD,Disorder,9,2020,10
SHERWOOD,Disorder,14,2020,11
SHERWOOD,Disorder,9,2020,12
SHERWOOD,Disorder,7,2021,1
SHERWOOD,Disorder,9,2021,2
SHERWOOD,Disorder,17,2021,3
SHERWOOD,Disorder,12,2021,4
SHERWOOD,Disorder,15,2021,5
SHERWOOD,Disorder,15,2021,6
SHERWOOD,Disorder,13,2021,7
SHERWOOD,Disorder,5,2021,8
SHERWOOD,Disorder,9,2021,9
SHERWOOD,Disorder,13,2021,10
SHERWOOD,Disorder,8,2021,11
SHERWOOD,Disorder,8,2021,12
SHERWOOD,Disorder,8,2022,1
SHERWOOD,Disorder,7,2022,2
SHERWOOD,Disorder,9,2022,3
SHERWOOD,Disorder,11,2022,4
SHERWOOD,Disorder,6,2022,5
SHERWOOD,Disorder,13,2022,6
SHERWOOD,Disorder,11,2022,7
SHERWOOD,Disorder,5,2022,8
SHERWOOD,Disorder,7,2022,9
SHERWOOD,Disorder,11,2022,10
SHERWOOD,Disorder,7,2022,11
SHERWOOD,Disorder,9,2022,12
SHERWOOD,Disorder,13,2023,1
SHERWOOD,Disorder,5,2023,2
SHERWOOD,Disorder,8,2023,3
SHERWOOD,Disorder,13,2023,4
SHERWOOD,Disorder,11,2023,5
SHERWOOD,Disorder,10,2023,6
SHERWOOD,Disorder,14,2023,7
SHERWOOD,Disorder,6,2023,8
SHERWOOD,Disorder,12,2023,9
SHERWOOD,Disorder,10,2023,10
SHERWOOD,Disorder,7,2023,11
SHERWOOD,Disorder,10,2023,12
SHERWOOD,Disorder,11,2024,1
SHERWOOD,Disorder,14,2024,2
SHERWOOD,Disorder,5,2024,3
SHERWOOD,Disorder,9,2024,4
SHERWOOD,Disorder,9,2024,5
SIGNAL HILL,Disorder,44,2018,1
SIGNAL HILL,Disorder,64,2018,2
SIGNAL HILL,Disorder,36,2018,3
SIGNAL HILL,Disorder,43,2018,4
SIGNAL HILL,Disorder,64,2018,5
SIGNAL HILL,Disorder,57,2018,6
SIGNAL HILL,Disorder,61,2018,7
SIGNAL HILL,Disorder,42,2018,8
SIGNAL HILL,Disorder,44,2018,9
SIGNAL HILL,Disorder,40,2018,10
SIGNAL HILL,Disorder,56,2018,11
SIGNAL HILL,Disorder,43,2018,12
SIGNAL HILL,Disorder,64,2019,1
SIGNAL HILL,Disorder,38,2019,2
SIGNAL HILL,Disorder,47,2019,3
SIGNAL HILL,Disorder,46,2019,4
SIGNAL HILL,Disorder,47,2019,5
SIGNAL HILL,Disorder,50,2019,6
SIGNAL HILL,Disorder,40,2019,7
SIGNAL HILL,Disorder,55,2019,8
SIGNAL HILL,Disorder,38,2019,9
SIGNAL HILL,Disorder,53,2019,10
SIGNAL HILL,Disorder,49,2019,11
SIGNAL HILL,Disorder,62,2019,12
SIGNAL HILL,Disorder,66,2020,1
SIGNAL HILL,Disorder,67,2020,2
SIGNAL HILL,Disorder,66,2020,3
SIGNAL HILL,Disorder,58,2020,4
SIGNAL HILL,Disorder,73,2020,5
SIGNAL HILL,Disorder,62,2020,6
SIGNAL HILL,Disorder,33,2020,7
SIGNAL HILL,Disorder,51,2020,8
SIGNAL HILL,Disorder,41,2020,9
SIGNAL HILL,Disorder,73,2020,10
SIGNAL HILL,Disorder,39,2020,11
SIGNAL HILL,Disorder,49,2020,12
SIGNAL HILL,Disorder,44,2021,1
SIGNAL HILL,Disorder,20,2021,2
SIGNAL HILL,Disorder,53,2021,3
SIGNAL HILL,Disorder,56,2021,4
SIGNAL HILL,Disorder,66,2021,5
SIGNAL HILL,Disorder,79,2021,6
SIGNAL HILL,Disorder,67,2021,7
SIGNAL HILL,Disorder,66,2021,8
SIGNAL HILL,Disorder,79,2021,9
SIGNAL HILL,Disorder,44,2021,10
SIGNAL HILL,Disorder,66,2021,11
SIGNAL HILL,Disorder,71,2021,12
SIGNAL HILL,Disorder,58,2022,1
SIGNAL HILL,Disorder,40,2022,2
SIGNAL HILL,Disorder,57,2022,3
SIGNAL HILL,Disorder,63,2022,4
SIGNAL HILL,Disorder,44,2022,5
SIGNAL HILL,Disorder,32,2022,6
SIGNAL HILL,Disorder,42,2022,7
SIGNAL HILL,Disorder,33,2022,8
SIGNAL HILL,Disorder,31,2022,9
SIGNAL HILL,Disorder,30,2022,10
SIGNAL HILL,Disorder,40,2022,11
SIGNAL HILL,Disorder,25,2022,12
SIGNAL HILL,Disorder,44,2023,1
SIGNAL HILL,Disorder,38,2023,2
SIGNAL HILL,Disorder,37,2023,3
SIGNAL HILL,Disorder,42,2023,4
SIGNAL HILL,Disorder,42,2023,5
SIGNAL HILL,Disorder,48,2023,6
SIGNAL HILL,Disorder,25,2023,7
SIGNAL HILL,Disorder,34,2023,8
SIGNAL HILL,Disorder,38,2023,9
SIGNAL HILL,Disorder,36,2023,10
SIGNAL HILL,Disorder,20,2023,11
SIGNAL HILL,Disorder,35,2023,12
SIGNAL HILL,Disorder,28,2024,1
SIGNAL HILL,Disorder,20,2024,2
SIGNAL HILL,Disorder,41,2024,3
SIGNAL HILL,Disorder,39,2024,4
SIGNAL HILL,Disorder,26,2024,5
SILVER SPRINGS,Disorder,14,2018,1
SILVER SPRINGS,Disorder,16,2018,2
SILVER SPRINGS,Disorder,13,2018,3
SILVER SPRINGS,Disorder,11,2018,4
SILVER SPRINGS,Disorder,31,2018,5
SILVER SPRINGS,Disorder,30,2018,6
SILVER SPRINGS,Disorder,17,2018,7
SILVER SPRINGS,Disorder,26,2018,8
SILVER SPRINGS,Disorder,18,2018,9
SILVER SPRINGS,Disorder,11,2018,10
SILVER SPRINGS,Disorder,13,2018,11
SILVER SPRINGS,Disorder,12,2018,12
SILVER SPRINGS,Disorder,6,2019,1
SILVER SPRINGS,Disorder,12,2019,2
SILVER SPRINGS,Disorder,15,2019,3
SILVER SPRINGS,Disorder,19,2019,4
SILVER SPRINGS,Disorder,16,2019,5
SILVER SPRINGS,Disorder,21,2019,6
SILVER SPRINGS,Disorder,32,2019,7
SILVER SPRINGS,Disorder,23,2019,8
SILVER SPRINGS,Disorder,21,2019,9
SILVER SPRINGS,Disorder,21,2019,10
SILVER SPRINGS,Disorder,8,2019,11
SILVER SPRINGS,Disorder,14,2019,12
SILVER SPRINGS,Disorder,14,2020,1
SILVER SPRINGS,Disorder,17,2020,2
SILVER SPRINGS,Disorder,11,2020,3
SILVER SPRINGS,Disorder,32,2020,4
SILVER SPRINGS,Disorder,21,2020,5
SILVER SPRINGS,Disorder,25,2020,6
SILVER SPRINGS,Disorder,31,2020,7
SILVER SPRINGS,Disorder,34,2020,8
SILVER SPRINGS,Disorder,25,2020,9
SILVER SPRINGS,Disorder,16,2020,10
SILVER SPRINGS,Disorder,9,2020,11
SILVER SPRINGS,Disorder,18,2020,12
SILVER SPRINGS,Disorder,11,2021,1
SILVER SPRINGS,Disorder,10,2021,2
SILVER SPRINGS,Disorder,15,2021,3
SILVER SPRINGS,Disorder,15,2021,4
SILVER SPRINGS,Disorder,16,2021,5
SILVER SPRINGS,Disorder,29,2021,6
SILVER SPRINGS,Disorder,27,2021,7
SILVER SPRINGS,Disorder,36,2021,8
SILVER SPRINGS,Disorder,15,2021,9
SILVER SPRINGS,Disorder,13,2021,10
SILVER SPRINGS,Disorder,4,2021,11
SILVER SPRINGS,Disorder,11,2021,12
SILVER SPRINGS,Disorder,20,2022,1
SILVER SPRINGS,Disorder,10,2022,2
SILVER SPRINGS,Disorder,11,2022,3
SILVER SPRINGS,Disorder,11,2022,4
SILVER SPRINGS,Disorder,11,2022,5
SILVER SPRINGS,Disorder,16,2022,6
SILVER SPRINGS,Disorder,21,2022,7
SILVER SPRINGS,Disorder,18,2022,8
SILVER SPRINGS,Disorder,30,2022,9
SILVER SPRINGS,Disorder,8,2022,10
SILVER SPRINGS,Disorder,20,2022,11
SILVER SPRINGS,Disorder,20,2022,12
SILVER SPRINGS,Disorder,18,2023,1
SILVER SPRINGS,Disorder,11,2023,2
SILVER SPRINGS,Disorder,16,2023,3
SILVER SPRINGS,Disorder,17,2023,4
SILVER SPRINGS,Disorder,16,2023,5
SILVER SPRINGS,Disorder,21,2023,6
SILVER SPRINGS,Disorder,16,2023,7
SILVER SPRINGS,Disorder,19,2023,8
SILVER SPRINGS,Disorder,17,2023,9
SILVER SPRINGS,Disorder,10,2023,10
SILVER SPRINGS,Disorder,5,2023,11
SILVER SPRINGS,Disorder,10,2023,12
SILVER SPRINGS,Disorder,9,2024,1
SILVER SPRINGS,Disorder,8,2024,2
SILVER SPRINGS,Disorder,10,2024,3
SILVER SPRINGS,Disorder,19,2024,4
SILVER SPRINGS,Disorder,5,2024,5
SILVERADO,Disorder,12,2018,1
SILVERADO,Disorder,11,2018,2
SILVERADO,Disorder,14,2018,3
SILVERADO,Disorder,17,2018,4
SILVERADO,Disorder,15,2018,5
SILVERADO,Disorder,10,2018,6
SILVERADO,Disorder,12,2018,7
SILVERADO,Disorder,15,2018,8
SILVERADO,Disorder,14,2018,9
SILVERADO,Disorder,16,2018,10
SILVERADO,Disorder,19,2018,11
SILVERADO,Disorder,9,2018,12
SILVERADO,Disorder,17,2019,1
SILVERADO,Disorder,5,2019,2
SILVERADO,Disorder,12,2019,3
SILVERADO,Disorder,18,2019,4
SILVERADO,Disorder,13,2019,5
SILVERADO,Disorder,8,2019,6
SILVERADO,Disorder,23,2019,7
SILVERADO,Disorder,31,2019,8
SILVERADO,Disorder,14,2019,9
SILVERADO,Disorder,6,2019,10
SILVERADO,Disorder,8,2019,11
SILVERADO,Disorder,11,2019,12
SILVERADO,Disorder,13,2020,1
SILVERADO,Disorder,9,2020,2
SILVERADO,Disorder,14,2020,3
SILVERADO,Disorder,11,2020,4
SILVERADO,Disorder,17,2020,5
SILVERADO,Disorder,14,2020,6
SILVERADO,Disorder,12,2020,7
SILVERADO,Disorder,14,2020,8
SILVERADO,Disorder,12,2020,9
SILVERADO,Disorder,14,2020,10
SILVERADO,Disorder,13,2020,11
SILVERADO,Disorder,10,2020,12
SILVERADO,Disorder,8,2021,1
SILVERADO,Disorder,3,2021,2
SILVERADO,Disorder,10,2021,3
SILVERADO,Disorder,6,2021,4
SILVERADO,Disorder,5,2021,5
SILVERADO,Disorder,7,2021,6
SILVERADO,Disorder,9,2021,7
SILVERADO,Disorder,10,2021,8
SILVERADO,Disorder,12,2021,9
SILVERADO,Disorder,11,2021,10
SILVERADO,Disorder,9,2021,11
SILVERADO,Disorder,9,2021,12
SILVERADO,Disorder,10,2022,1
SILVERADO,Disorder,13,2022,2
SILVERADO,Disorder,8,2022,3
SILVERADO,Disorder,12,2022,4
SILVERADO,Disorder,13,2022,5
SILVERADO,Disorder,5,2022,6
SILVERADO,Disorder,7,2022,7
SILVERADO,Disorder,10,2022,8
SILVERADO,Disorder,21,2022,9
SILVERADO,Disorder,6,2022,10
SILVERADO,Disorder,4,2022,11
SILVERADO,Disorder,10,2022,12
SILVERADO,Disorder,2,2023,1
SILVERADO,Disorder,15,2023,2
SILVERADO,Disorder,10,2023,3
SILVERADO,Disorder,10,2023,4
SILVERADO,Disorder,3,2023,5
SILVERADO,Disorder,12,2023,6
SILVERADO,Disorder,13,2023,7
SILVERADO,Disorder,12,2023,8
SILVERADO,Disorder,7,2023,9
SILVERADO,Disorder,15,2023,10
SILVERADO,Disorder,10,2023,11
SILVERADO,Disorder,7,2023,12
SILVERADO,Disorder,10,2024,1
SILVERADO,Disorder,6,2024,2
SILVERADO,Disorder,5,2024,3
SILVERADO,Disorder,8,2024,4
SILVERADO,Disorder,11,2024,5
SKYLINE EAST,Disorder,5,2018,1
SKYLINE EAST,Disorder,3,2018,2
SKYLINE EAST,Disorder,1,2018,3
SKYLINE EAST,Disorder,4,2018,4
SKYLINE EAST,Disorder,3,2018,5
SKYLINE EAST,Disorder,4,2018,6
SKYLINE EAST,Disorder,3,2018,7
SKYLINE EAST,Disorder,1,2018,8
SKYLINE EAST,Disorder,2,2018,9
SKYLINE EAST,Disorder,3,2018,10
SKYLINE EAST,Disorder,3,2018,11
SKYLINE EAST,Disorder,3,2019,1
SKYLINE EAST,Disorder,1,2019,2
SKYLINE EAST,Disorder,3,2019,3
SKYLINE EAST,Disorder,1,2019,4
SKYLINE EAST,Disorder,2,2019,5
SKYLINE EAST,Disorder,2,2019,6
SKYLINE EAST,Disorder,1,2019,7
SKYLINE EAST,Disorder,2,2019,8
SKYLINE EAST,Disorder,5,2019,9
SKYLINE EAST,Disorder,4,2019,10
SKYLINE EAST,Disorder,4,2019,11
SKYLINE EAST,Disorder,1,2019,12
SKYLINE EAST,Disorder,1,2020,1
SKYLINE EAST,Disorder,1,2020,3
SKYLINE EAST,Disorder,1,2020,4
SKYLINE EAST,Disorder,4,2020,5
SKYLINE EAST,Disorder,4,2020,6
SKYLINE EAST,Disorder,1,2020,7
SKYLINE EAST,Disorder,2,2020,8
SKYLINE EAST,Disorder,1,2020,9
SKYLINE EAST,Disorder,1,2020,10
SKYLINE EAST,Disorder,2,2021,1
SKYLINE EAST,Disorder,1,2021,2
SKYLINE EAST,Disorder,2,2021,3
SKYLINE EAST,Disorder,1,2021,4
SKYLINE EAST,Disorder,1,2021,5
SKYLINE EAST,Disorder,3,2021,6
SKYLINE EAST,Disorder,3,2021,7
SKYLINE EAST,Disorder,2,2021,8
SKYLINE EAST,Disorder,3,2021,9
SKYLINE EAST,Disorder,2,2021,10
SKYLINE EAST,Disorder,1,2021,11
SKYLINE EAST,Disorder,2,2021,12
SKYLINE EAST,Disorder,2,2022,1
SKYLINE EAST,Disorder,2,2022,2
SKYLINE EAST,Disorder,3,2022,3
SKYLINE EAST,Disorder,4,2022,5
SKYLINE EAST,Disorder,1,2022,6
SKYLINE EAST,Disorder,6,2022,7
SKYLINE EAST,Disorder,1,2022,8
SKYLINE EAST,Disorder,2,2022,9
SKYLINE EAST,Disorder,2,2022,10
SKYLINE EAST,Disorder,1,2023,1
SKYLINE EAST,Disorder,2,2023,2
SKYLINE EAST,Disorder,1,2023,3
SKYLINE EAST,Disorder,3,2023,5
SKYLINE EAST,Disorder,1,2023,7
SKYLINE EAST,Disorder,1,2023,8
SKYLINE EAST,Disorder,2,2023,9
SKYLINE EAST,Disorder,1,2023,11
SKYLINE EAST,Disorder,1,2024,1
SKYLINE EAST,Disorder,1,2024,2
SKYLINE EAST,Disorder,1,2024,3
SKYLINE EAST,Disorder,1,2024,4
SKYLINE EAST,Disorder,2,2024,5
SKYLINE WEST,Disorder,4,2018,1
SKYLINE WEST,Disorder,5,2018,2
SKYLINE WEST,Disorder,2,2018,3
SKYLINE WEST,Disorder,6,2018,4
SKYLINE WEST,Disorder,4,2018,5
SKYLINE WEST,Disorder,8,2018,6
SKYLINE WEST,Disorder,13,2018,7
SKYLINE WEST,Disorder,9,2018,8
SKYLINE WEST,Disorder,6,2018,9
SKYLINE WEST,Disorder,2,2018,10
SKYLINE WEST,Disorder,3,2018,11
SKYLINE WEST,Disorder,6,2018,12
SKYLINE WEST,Disorder,4,2019,1
SKYLINE WEST,Disorder,1,2019,2
SKYLINE WEST,Disorder,1,2019,3
SKYLINE WEST,Disorder,5,2019,4
SKYLINE WEST,Disorder,4,2019,5
SKYLINE WEST,Disorder,6,2019,6
SKYLINE WEST,Disorder,7,2019,7
SKYLINE WEST,Disorder,7,2019,8
SKYLINE WEST,Disorder,2,2019,9
SKYLINE WEST,Disorder,3,2019,10
SKYLINE WEST,Disorder,4,2019,11
SKYLINE WEST,Disorder,3,2019,12
SKYLINE WEST,Disorder,4,2020,1
SKYLINE WEST,Disorder,5,2020,2
SKYLINE WEST,Disorder,4,2020,3
SKYLINE WEST,Disorder,5,2020,4
SKYLINE WEST,Disorder,3,2020,5
SKYLINE WEST,Disorder,4,2020,6
SKYLINE WEST,Disorder,6,2020,7
SKYLINE WEST,Disorder,9,2020,8
SKYLINE WEST,Disorder,4,2020,9
SKYLINE WEST,Disorder,5,2020,10
SKYLINE WEST,Disorder,5,2020,11
SKYLINE WEST,Disorder,3,2020,12
SKYLINE WEST,Disorder,3,2021,1
SKYLINE WEST,Disorder,3,2021,2
SKYLINE WEST,Disorder,4,2021,3
SKYLINE WEST,Disorder,3,2021,4
SKYLINE WEST,Disorder,2,2021,5
SKYLINE WEST,Disorder,7,2021,6
SKYLINE WEST,Disorder,3,2021,7
SKYLINE WEST,Disorder,3,2021,8
SKYLINE WEST,Disorder,9,2021,9
SKYLINE WEST,Disorder,7,2021,10
SKYLINE WEST,Disorder,3,2021,11
SKYLINE WEST,Disorder,4,2021,12
SKYLINE WEST,Disorder,4,2022,1
SKYLINE WEST,Disorder,2,2022,2
SKYLINE WEST,Disorder,4,2022,3
SKYLINE WEST,Disorder,2,2022,4
SKYLINE WEST,Disorder,6,2022,5
SKYLINE WEST,Disorder,5,2022,6
SKYLINE WEST,Disorder,7,2022,7
SKYLINE WEST,Disorder,2,2022,8
SKYLINE WEST,Disorder,5,2022,9
SKYLINE WEST,Disorder,2,2022,10
SKYLINE WEST,Disorder,1,2022,11
SKYLINE WEST,Disorder,4,2022,12
SKYLINE WEST,Disorder,1,2023,1
SKYLINE WEST,Disorder,3,2023,2
SKYLINE WEST,Disorder,3,2023,3
SKYLINE WEST,Disorder,2,2023,4
SKYLINE WEST,Disorder,13,2023,5
SKYLINE WEST,Disorder,7,2023,6
SKYLINE WEST,Disorder,3,2023,7
SKYLINE WEST,Disorder,6,2023,8
SKYLINE WEST,Disorder,6,2023,9
SKYLINE WEST,Disorder,4,2023,10
SKYLINE WEST,Disorder,8,2023,11
SKYLINE WEST,Disorder,5,2023,12
SKYLINE WEST,Disorder,3,2024,1
SKYLINE WEST,Disorder,2,2024,2
SKYLINE WEST,Disorder,6,2024,3
SKYLINE WEST,Disorder,4,2024,4
SKYLINE WEST,Disorder,3,2024,5
SKYVIEW RANCH,Disorder,14,2018,1
SKYVIEW RANCH,Disorder,16,2018,2
SKYVIEW RANCH,Disorder,26,2018,3
SKYVIEW RANCH,Disorder,38,2018,4
SKYVIEW RANCH,Disorder,34,2018,5
SKYVIEW RANCH,Disorder,20,2018,6
SKYVIEW RANCH,Disorder,32,2018,7
SKYVIEW RANCH,Disorder,40,2018,8
SKYVIEW RANCH,Disorder,22,2018,9
SKYVIEW RANCH,Disorder,17,2018,10
SKYVIEW RANCH,Disorder,27,2018,11
SKYVIEW RANCH,Disorder,28,2018,12
SKYVIEW RANCH,Disorder,22,2019,1
SKYVIEW RANCH,Disorder,21,2019,2
SKYVIEW RANCH,Disorder,23,2019,3
SKYVIEW RANCH,Disorder,27,2019,4
SKYVIEW RANCH,Disorder,36,2019,5
SKYVIEW RANCH,Disorder,33,2019,6
SKYVIEW RANCH,Disorder,42,2019,7
SKYVIEW RANCH,Disorder,27,2019,8
SKYVIEW RANCH,Disorder,17,2019,9
SKYVIEW RANCH,Disorder,32,2019,10
SKYVIEW RANCH,Disorder,27,2019,11
SKYVIEW RANCH,Disorder,25,2019,12
SKYVIEW RANCH,Disorder,39,2020,1
SKYVIEW RANCH,Disorder,33,2020,2
SKYVIEW RANCH,Disorder,49,2020,3
SKYVIEW RANCH,Disorder,42,2020,4
SKYVIEW RANCH,Disorder,62,2020,5
SKYVIEW RANCH,Disorder,44,2020,6
SKYVIEW RANCH,Disorder,40,2020,7
SKYVIEW RANCH,Disorder,57,2020,8
SKYVIEW RANCH,Disorder,44,2020,9
SKYVIEW RANCH,Disorder,47,2020,10
SKYVIEW RANCH,Disorder,58,2020,11
SKYVIEW RANCH,Disorder,35,2020,12
SKYVIEW RANCH,Disorder,36,2021,1
SKYVIEW RANCH,Disorder,42,2021,2
SKYVIEW RANCH,Disorder,49,2021,3
SKYVIEW RANCH,Disorder,40,2021,4
SKYVIEW RANCH,Disorder,25,2021,5
SKYVIEW RANCH,Disorder,28,2021,6
SKYVIEW RANCH,Disorder,37,2021,7
SKYVIEW RANCH,Disorder,29,2021,8
SKYVIEW RANCH,Disorder,49,2021,9
SKYVIEW RANCH,Disorder,52,2021,10
SKYVIEW RANCH,Disorder,39,2021,11
SKYVIEW RANCH,Disorder,28,2021,12
SKYVIEW RANCH,Disorder,29,2022,1
SKYVIEW RANCH,Disorder,27,2022,2
SKYVIEW RANCH,Disorder,40,2022,3
SKYVIEW RANCH,Disorder,37,2022,4
SKYVIEW RANCH,Disorder,37,2022,5
SKYVIEW RANCH,Disorder,22,2022,6
SKYVIEW RANCH,Disorder,25,2022,7
SKYVIEW RANCH,Disorder,44,2022,8
SKYVIEW RANCH,Disorder,28,2022,9
SKYVIEW RANCH,Disorder,45,2022,10
SKYVIEW RANCH,Disorder,18,2022,11
SKYVIEW RANCH,Disorder,42,2022,12
SKYVIEW RANCH,Disorder,31,2023,1
SKYVIEW RANCH,Disorder,19,2023,2
SKYVIEW RANCH,Disorder,32,2023,3
SKYVIEW RANCH,Disorder,36,2023,4
SKYVIEW RANCH,Disorder,27,2023,5
SKYVIEW RANCH,Disorder,31,2023,6
SKYVIEW RANCH,Disorder,45,2023,7
SKYVIEW RANCH,Disorder,31,2023,8
SKYVIEW RANCH,Disorder,34,2023,9
SKYVIEW RANCH,Disorder,37,2023,10
SKYVIEW RANCH,Disorder,35,2023,11
SKYVIEW RANCH,Disorder,30,2023,12
SKYVIEW RANCH,Disorder,28,2024,1
SKYVIEW RANCH,Disorder,42,2024,2
SKYVIEW RANCH,Disorder,32,2024,3
SKYVIEW RANCH,Disorder,22,2024,4
SKYVIEW RANCH,Disorder,35,2024,5
SOMERSET,Disorder,22,2018,1
SOMERSET,Disorder,13,2018,2
SOMERSET,Disorder,10,2018,3
SOMERSET,Disorder,10,2018,4
SOMERSET,Disorder,26,2018,5
SOMERSET,Disorder,18,2018,6
SOMERSET,Disorder,21,2018,7
SOMERSET,Disorder,26,2018,8
SOMERSET,Disorder,18,2018,9
SOMERSET,Disorder,26,2018,10
SOMERSET,Disorder,13,2018,11
SOMERSET,Disorder,12,2018,12
SOMERSET,Disorder,20,2019,1
SOMERSET,Disorder,13,2019,2
SOMERSET,Disorder,17,2019,3
SOMERSET,Disorder,25,2019,4
SOMERSET,Disorder,18,2019,5
SOMERSET,Disorder,27,2019,6
SOMERSET,Disorder,26,2019,7
SOMERSET,Disorder,15,2019,8
SOMERSET,Disorder,16,2019,9
SOMERSET,Disorder,26,2019,10
SOMERSET,Disorder,13,2019,11
SOMERSET,Disorder,23,2019,12
SOMERSET,Disorder,11,2020,1
SOMERSET,Disorder,15,2020,2
SOMERSET,Disorder,31,2020,3
SOMERSET,Disorder,38,2020,4
SOMERSET,Disorder,23,2020,5
SOMERSET,Disorder,15,2020,6
SOMERSET,Disorder,23,2020,7
SOMERSET,Disorder,22,2020,8
SOMERSET,Disorder,19,2020,9
SOMERSET,Disorder,32,2020,10
SOMERSET,Disorder,19,2020,11
SOMERSET,Disorder,28,2020,12
SOMERSET,Disorder,27,2021,1
SOMERSET,Disorder,17,2021,2
SOMERSET,Disorder,20,2021,3
SOMERSET,Disorder,17,2021,4
SOMERSET,Disorder,12,2021,5
SOMERSET,Disorder,18,2021,6
SOMERSET,Disorder,25,2021,7
SOMERSET,Disorder,12,2021,8
SOMERSET,Disorder,14,2021,9
SOMERSET,Disorder,16,2021,10
SOMERSET,Disorder,14,2021,11
SOMERSET,Disorder,10,2021,12
SOMERSET,Disorder,28,2022,1
SOMERSET,Disorder,15,2022,2
SOMERSET,Disorder,20,2022,3
SOMERSET,Disorder,22,2022,4
SOMERSET,Disorder,26,2022,5
SOMERSET,Disorder,21,2022,6
SOMERSET,Disorder,17,2022,7
SOMERSET,Disorder,14,2022,8
SOMERSET,Disorder,24,2022,9
SOMERSET,Disorder,20,2022,10
SOMERSET,Disorder,16,2022,11
SOMERSET,Disorder,13,2022,12
SOMERSET,Disorder,17,2023,1
SOMERSET,Disorder,10,2023,2
SOMERSET,Disorder,13,2023,3
SOMERSET,Disorder,9,2023,4
SOMERSET,Disorder,13,2023,5
SOMERSET,Disorder,10,2023,6
SOMERSET,Disorder,4,2023,7
SOMERSET,Disorder,20,2023,8
SOMERSET,Disorder,7,2023,9
SOMERSET,Disorder,22,2023,10
SOMERSET,Disorder,28,2023,11
SOMERSET,Disorder,13,2023,12
SOMERSET,Disorder,13,2024,1
SOMERSET,Disorder,3,2024,2
SOMERSET,Disorder,9,2024,3
SOMERSET,Disorder,14,2024,4
SOMERSET,Disorder,6,2024,5
SOUTH AIRWAYS,Disorder,10,2018,1
SOUTH AIRWAYS,Disorder,4,2018,2
SOUTH AIRWAYS,Disorder,5,2018,3
SOUTH AIRWAYS,Disorder,10,2018,4
SOUTH AIRWAYS,Disorder,10,2018,5
SOUTH AIRWAYS,Disorder,8,2018,6
SOUTH AIRWAYS,Disorder,14,2018,7
SOUTH AIRWAYS,Disorder,15,2018,8
SOUTH AIRWAYS,Disorder,7,2018,9
SOUTH AIRWAYS,Disorder,22,2018,10
SOUTH AIRWAYS,Disorder,6,2018,11
SOUTH AIRWAYS,Disorder,14,2018,12
SOUTH AIRWAYS,Disorder,15,2019,1
SOUTH AIRWAYS,Disorder,3,2019,2
SOUTH AIRWAYS,Disorder,18,2019,3
SOUTH AIRWAYS,Disorder,18,2019,4
SOUTH AIRWAYS,Disorder,14,2019,5
SOUTH AIRWAYS,Disorder,15,2019,6
SOUTH AIRWAYS,Disorder,17,2019,7
SOUTH AIRWAYS,Disorder,23,2019,8
SOUTH AIRWAYS,Disorder,19,2019,9
SOUTH AIRWAYS,Disorder,10,2019,10
SOUTH AIRWAYS,Disorder,11,2019,11
SOUTH AIRWAYS,Disorder,5,2019,12
SOUTH AIRWAYS,Disorder,12,2020,1
SOUTH AIRWAYS,Disorder,14,2020,2
SOUTH AIRWAYS,Disorder,12,2020,3
SOUTH AIRWAYS,Disorder,10,2020,4
SOUTH AIRWAYS,Disorder,18,2020,5
SOUTH AIRWAYS,Disorder,14,2020,6
SOUTH AIRWAYS,Disorder,24,2020,7
SOUTH AIRWAYS,Disorder,24,2020,8
SOUTH AIRWAYS,Disorder,14,2020,9
SOUTH AIRWAYS,Disorder,9,2020,10
SOUTH AIRWAYS,Disorder,8,2020,11
SOUTH AIRWAYS,Disorder,12,2020,12
SOUTH AIRWAYS,Disorder,11,2021,1
SOUTH AIRWAYS,Disorder,6,2021,2
SOUTH AIRWAYS,Disorder,19,2021,3
SOUTH AIRWAYS,Disorder,18,2021,4
SOUTH AIRWAYS,Disorder,29,2021,5
SOUTH AIRWAYS,Disorder,23,2021,6
SOUTH AIRWAYS,Disorder,14,2021,7
SOUTH AIRWAYS,Disorder,19,2021,8
SOUTH AIRWAYS,Disorder,31,2021,9
SOUTH AIRWAYS,Disorder,17,2021,10
SOUTH AIRWAYS,Disorder,7,2021,11
SOUTH AIRWAYS,Disorder,8,2021,12
SOUTH AIRWAYS,Disorder,9,2022,1
SOUTH AIRWAYS,Disorder,4,2022,2
SOUTH AIRWAYS,Disorder,18,2022,3
SOUTH AIRWAYS,Disorder,11,2022,4
SOUTH AIRWAYS,Disorder,5,2022,5
SOUTH AIRWAYS,Disorder,17,2022,6
SOUTH AIRWAYS,Disorder,15,2022,7
SOUTH AIRWAYS,Disorder,13,2022,8
SOUTH AIRWAYS,Disorder,13,2022,9
SOUTH AIRWAYS,Disorder,12,2022,10
SOUTH AIRWAYS,Disorder,14,2022,11
SOUTH AIRWAYS,Disorder,13,2022,12
SOUTH AIRWAYS,Disorder,12,2023,1
SOUTH AIRWAYS,Disorder,11,2023,2
SOUTH AIRWAYS,Disorder,9,2023,3
SOUTH AIRWAYS,Disorder,13,2023,4
SOUTH AIRWAYS,Disorder,13,2023,5
SOUTH AIRWAYS,Disorder,10,2023,6
SOUTH AIRWAYS,Disorder,19,2023,7
SOUTH AIRWAYS,Disorder,25,2023,8
SOUTH AIRWAYS,Disorder,11,2023,9
SOUTH AIRWAYS,Disorder,8,2023,10
SOUTH AIRWAYS,Disorder,23,2023,11
SOUTH AIRWAYS,Disorder,5,2023,12
SOUTH AIRWAYS,Disorder,13,2024,1
SOUTH AIRWAYS,Disorder,10,2024,2
SOUTH AIRWAYS,Disorder,7,2024,3
SOUTH AIRWAYS,Disorder,15,2024,4
SOUTH AIRWAYS,Disorder,13,2024,5
SOUTH CALGARY,Disorder,29,2018,1
SOUTH CALGARY,Disorder,29,2018,2
SOUTH CALGARY,Disorder,32,2018,3
SOUTH CALGARY,Disorder,41,2018,4
SOUTH CALGARY,Disorder,24,2018,5
SOUTH CALGARY,Disorder,37,2018,6
SOUTH CALGARY,Disorder,44,2018,7
SOUTH CALGARY,Disorder,38,2018,8
SOUTH CALGARY,Disorder,33,2018,9
SOUTH CALGARY,Disorder,40,2018,10
SOUTH CALGARY,Disorder,24,2018,11
SOUTH CALGARY,Disorder,30,2018,12
SOUTH CALGARY,Disorder,32,2019,1
SOUTH CALGARY,Disorder,24,2019,2
SOUTH CALGARY,Disorder,36,2019,3
SOUTH CALGARY,Disorder,30,2019,4
SOUTH CALGARY,Disorder,38,2019,5
SOUTH CALGARY,Disorder,37,2019,6
SOUTH CALGARY,Disorder,43,2019,7
SOUTH CALGARY,Disorder,34,2019,8
SOUTH CALGARY,Disorder,33,2019,9
SOUTH CALGARY,Disorder,38,2019,10
SOUTH CALGARY,Disorder,34,2019,11
SOUTH CALGARY,Disorder,24,2019,12
SOUTH CALGARY,Disorder,33,2020,1
SOUTH CALGARY,Disorder,20,2020,2
SOUTH CALGARY,Disorder,27,2020,3
SOUTH CALGARY,Disorder,53,2020,4
SOUTH CALGARY,Disorder,61,2020,5
SOUTH CALGARY,Disorder,47,2020,6
SOUTH CALGARY,Disorder,41,2020,7
SOUTH CALGARY,Disorder,39,2020,8
SOUTH CALGARY,Disorder,30,2020,9
SOUTH CALGARY,Disorder,29,2020,10
SOUTH CALGARY,Disorder,33,2020,11
SOUTH CALGARY,Disorder,40,2020,12
SOUTH CALGARY,Disorder,34,2021,1
SOUTH CALGARY,Disorder,26,2021,2
SOUTH CALGARY,Disorder,28,2021,3
SOUTH CALGARY,Disorder,33,2021,4
SOUTH CALGARY,Disorder,45,2021,5
SOUTH CALGARY,Disorder,44,2021,6
SOUTH CALGARY,Disorder,43,2021,7
SOUTH CALGARY,Disorder,55,2021,8
SOUTH CALGARY,Disorder,52,2021,9
SOUTH CALGARY,Disorder,31,2021,10
SOUTH CALGARY,Disorder,41,2021,11
SOUTH CALGARY,Disorder,26,2021,12
SOUTH CALGARY,Disorder,39,2022,1
SOUTH CALGARY,Disorder,47,2022,2
SOUTH CALGARY,Disorder,36,2022,3
SOUTH CALGARY,Disorder,28,2022,4
SOUTH CALGARY,Disorder,38,2022,5
SOUTH CALGARY,Disorder,28,2022,6
SOUTH CALGARY,Disorder,53,2022,7
SOUTH CALGARY,Disorder,34,2022,8
SOUTH CALGARY,Disorder,46,2022,9
SOUTH CALGARY,Disorder,33,2022,10
SOUTH CALGARY,Disorder,35,2022,11
SOUTH CALGARY,Disorder,40,2022,12
SOUTH CALGARY,Disorder,34,2023,1
SOUTH CALGARY,Disorder,38,2023,2
SOUTH CALGARY,Disorder,52,2023,3
SOUTH CALGARY,Disorder,43,2023,4
SOUTH CALGARY,Disorder,43,2023,5
SOUTH CALGARY,Disorder,42,2023,6
SOUTH CALGARY,Disorder,35,2023,7
SOUTH CALGARY,Disorder,41,2023,8
SOUTH CALGARY,Disorder,19,2023,9
SOUTH CALGARY,Disorder,27,2023,10
SOUTH CALGARY,Disorder,25,2023,11
SOUTH CALGARY,Disorder,29,2023,12
SOUTH CALGARY,Disorder,20,2024,1
SOUTH CALGARY,Disorder,14,2024,2
SOUTH CALGARY,Disorder,21,2024,3
SOUTH CALGARY,Disorder,17,2024,4
SOUTH CALGARY,Disorder,35,2024,5
SOUTH FOOTHILLS,Disorder,5,2018,1
SOUTH FOOTHILLS,Disorder,2,2018,2
SOUTH FOOTHILLS,Disorder,2,2018,3
SOUTH FOOTHILLS,Disorder,7,2018,4
SOUTH FOOTHILLS,Disorder,3,2018,5
SOUTH FOOTHILLS,Disorder,8,2018,6
SOUTH FOOTHILLS,Disorder,6,2018,7
SOUTH FOOTHILLS,Disorder,5,2018,8
SOUTH FOOTHILLS,Disorder,2,2018,9
SOUTH FOOTHILLS,Disorder,3,2018,10
SOUTH FOOTHILLS,Disorder,7,2018,11
SOUTH FOOTHILLS,Disorder,2,2018,12
SOUTH FOOTHILLS,Disorder,4,2019,1
SOUTH FOOTHILLS,Disorder,1,2019,2
SOUTH FOOTHILLS,Disorder,2,2019,4
SOUTH FOOTHILLS,Disorder,3,2019,5
SOUTH FOOTHILLS,Disorder,5,2019,6
SOUTH FOOTHILLS,Disorder,1,2019,7
SOUTH FOOTHILLS,Disorder,3,2019,8
SOUTH FOOTHILLS,Disorder,1,2019,9
SOUTH FOOTHILLS,Disorder,3,2019,10
SOUTH FOOTHILLS,Disorder,1,2019,11
SOUTH FOOTHILLS,Disorder,5,2019,12
SOUTH FOOTHILLS,Disorder,4,2020,1
SOUTH FOOTHILLS,Disorder,2,2020,2
SOUTH FOOTHILLS,Disorder,3,2020,3
SOUTH FOOTHILLS,Disorder,1,2020,4
SOUTH FOOTHILLS,Disorder,1,2020,5
SOUTH FOOTHILLS,Disorder,2,2020,6
SOUTH FOOTHILLS,Disorder,4,2020,7
SOUTH FOOTHILLS,Disorder,1,2020,8
SOUTH FOOTHILLS,Disorder,2,2020,9
SOUTH FOOTHILLS,Disorder,4,2020,10
SOUTH FOOTHILLS,Disorder,2,2020,11
SOUTH FOOTHILLS,Disorder,5,2020,12
SOUTH FOOTHILLS,Disorder,2,2021,1
SOUTH FOOTHILLS,Disorder,3,2021,2
SOUTH FOOTHILLS,Disorder,2,2021,3
SOUTH FOOTHILLS,Disorder,1,2021,4
SOUTH FOOTHILLS,Disorder,2,2021,5
SOUTH FOOTHILLS,Disorder,4,2021,6
SOUTH FOOTHILLS,Disorder,2,2021,7
SOUTH FOOTHILLS,Disorder,1,2021,8
SOUTH FOOTHILLS,Disorder,3,2021,9
SOUTH FOOTHILLS,Disorder,7,2021,10
SOUTH FOOTHILLS,Disorder,2,2021,11
SOUTH FOOTHILLS,Disorder,2,2021,12
SOUTH FOOTHILLS,Disorder,2,2022,2
SOUTH FOOTHILLS,Disorder,2,2022,3
SOUTH FOOTHILLS,Disorder,3,2022,4
SOUTH FOOTHILLS,Disorder,3,2022,5
SOUTH FOOTHILLS,Disorder,1,2022,6
SOUTH FOOTHILLS,Disorder,3,2022,7
SOUTH FOOTHILLS,Disorder,9,2022,8
SOUTH FOOTHILLS,Disorder,5,2022,9
SOUTH FOOTHILLS,Disorder,7,2022,10
SOUTH FOOTHILLS,Disorder,6,2022,11
SOUTH FOOTHILLS,Disorder,4,2022,12
SOUTH FOOTHILLS,Disorder,4,2023,1
SOUTH FOOTHILLS,Disorder,3,2023,2
SOUTH FOOTHILLS,Disorder,5,2023,3
SOUTH FOOTHILLS,Disorder,3,2023,4
SOUTH FOOTHILLS,Disorder,2,2023,5
SOUTH FOOTHILLS,Disorder,2,2023,6
SOUTH FOOTHILLS,Disorder,3,2023,7
SOUTH FOOTHILLS,Disorder,5,2023,8
SOUTH FOOTHILLS,Disorder,3,2023,9
SOUTH FOOTHILLS,Disorder,4,2023,10
SOUTH FOOTHILLS,Disorder,3,2023,11
SOUTH FOOTHILLS,Disorder,3,2023,12
SOUTH FOOTHILLS,Disorder,7,2024,1
SOUTH FOOTHILLS,Disorder,4,2024,2
SOUTH FOOTHILLS,Disorder,2,2024,3
SOUTH FOOTHILLS,Disorder,2,2024,4
SOUTH FOOTHILLS,Disorder,2,2024,5
SOUTHVIEW,Disorder,41,2018,1
SOUTHVIEW,Disorder,24,2018,2
SOUTHVIEW,Disorder,32,2018,3
SOUTHVIEW,Disorder,45,2018,4
SOUTHVIEW,Disorder,41,2018,5
SOUTHVIEW,Disorder,48,2018,6
SOUTHVIEW,Disorder,45,2018,7
SOUTHVIEW,Disorder,50,2018,8
SOUTHVIEW,Disorder,37,2018,9
SOUTHVIEW,Disorder,52,2018,10
SOUTHVIEW,Disorder,35,2018,11
SOUTHVIEW,Disorder,40,2018,12
SOUTHVIEW,Disorder,48,2019,1
SOUTHVIEW,Disorder,40,2019,2
SOUTHVIEW,Disorder,42,2019,3
SOUTHVIEW,Disorder,73,2019,4
SOUTHVIEW,Disorder,41,2019,5
SOUTHVIEW,Disorder,62,2019,6
SOUTHVIEW,Disorder,64,2019,7
SOUTHVIEW,Disorder,70,2019,8
SOUTHVIEW,Disorder,60,2019,9
SOUTHVIEW,Disorder,52,2019,10
SOUTHVIEW,Disorder,40,2019,11
SOUTHVIEW,Disorder,26,2019,12
SOUTHVIEW,Disorder,30,2020,1
SOUTHVIEW,Disorder,26,2020,2
SOUTHVIEW,Disorder,27,2020,3
SOUTHVIEW,Disorder,50,2020,4
SOUTHVIEW,Disorder,51,2020,5
SOUTHVIEW,Disorder,61,2020,6
SOUTHVIEW,Disorder,42,2020,7
SOUTHVIEW,Disorder,62,2020,8
SOUTHVIEW,Disorder,57,2020,9
SOUTHVIEW,Disorder,41,2020,10
SOUTHVIEW,Disorder,45,2020,11
SOUTHVIEW,Disorder,36,2020,12
SOUTHVIEW,Disorder,30,2021,1
SOUTHVIEW,Disorder,25,2021,2
SOUTHVIEW,Disorder,24,2021,3
SOUTHVIEW,Disorder,52,2021,4
SOUTHVIEW,Disorder,51,2021,5
SOUTHVIEW,Disorder,42,2021,6
SOUTHVIEW,Disorder,66,2021,7
SOUTHVIEW,Disorder,55,2021,8
SOUTHVIEW,Disorder,41,2021,9
SOUTHVIEW,Disorder,37,2021,10
SOUTHVIEW,Disorder,29,2021,11
SOUTHVIEW,Disorder,18,2021,12
SOUTHVIEW,Disorder,26,2022,1
SOUTHVIEW,Disorder,20,2022,2
SOUTHVIEW,Disorder,29,2022,3
SOUTHVIEW,Disorder,26,2022,4
SOUTHVIEW,Disorder,43,2022,5
SOUTHVIEW,Disorder,48,2022,6
SOUTHVIEW,Disorder,46,2022,7
SOUTHVIEW,Disorder,79,2022,8
SOUTHVIEW,Disorder,47,2022,9
SOUTHVIEW,Disorder,25,2022,10
SOUTHVIEW,Disorder,20,2022,11
SOUTHVIEW,Disorder,20,2022,12
SOUTHVIEW,Disorder,27,2023,1
SOUTHVIEW,Disorder,23,2023,2
SOUTHVIEW,Disorder,29,2023,3
SOUTHVIEW,Disorder,45,2023,4
SOUTHVIEW,Disorder,57,2023,5
SOUTHVIEW,Disorder,54,2023,6
SOUTHVIEW,Disorder,35,2023,7
SOUTHVIEW,Disorder,52,2023,8
SOUTHVIEW,Disorder,37,2023,9
SOUTHVIEW,Disorder,18,2023,10
SOUTHVIEW,Disorder,20,2023,11
SOUTHVIEW,Disorder,18,2023,12
SOUTHVIEW,Disorder,34,2024,1
SOUTHVIEW,Disorder,13,2024,2
SOUTHVIEW,Disorder,23,2024,3
SOUTHVIEW,Disorder,25,2024,4
SOUTHVIEW,Disorder,49,2024,5
SOUTHWOOD,Disorder,68,2018,1
SOUTHWOOD,Disorder,58,2018,2
SOUTHWOOD,Disorder,71,2018,3
SOUTHWOOD,Disorder,65,2018,4
SOUTHWOOD,Disorder,61,2018,5
SOUTHWOOD,Disorder,42,2018,6
SOUTHWOOD,Disorder,67,2018,7
SOUTHWOOD,Disorder,52,2018,8
SOUTHWOOD,Disorder,40,2018,9
SOUTHWOOD,Disorder,38,2018,10
SOUTHWOOD,Disorder,41,2018,11
SOUTHWOOD,Disorder,41,2018,12
SOUTHWOOD,Disorder,59,2019,1
SOUTHWOOD,Disorder,33,2019,2
SOUTHWOOD,Disorder,60,2019,3
SOUTHWOOD,Disorder,75,2019,4
SOUTHWOOD,Disorder,51,2019,5
SOUTHWOOD,Disorder,68,2019,6
SOUTHWOOD,Disorder,60,2019,7
SOUTHWOOD,Disorder,66,2019,8
SOUTHWOOD,Disorder,49,2019,9
SOUTHWOOD,Disorder,50,2019,10
SOUTHWOOD,Disorder,45,2019,11
SOUTHWOOD,Disorder,45,2019,12
SOUTHWOOD,Disorder,48,2020,1
SOUTHWOOD,Disorder,58,2020,2
SOUTHWOOD,Disorder,64,2020,3
SOUTHWOOD,Disorder,55,2020,4
SOUTHWOOD,Disorder,59,2020,5
SOUTHWOOD,Disorder,50,2020,6
SOUTHWOOD,Disorder,65,2020,7
SOUTHWOOD,Disorder,48,2020,8
SOUTHWOOD,Disorder,41,2020,9
SOUTHWOOD,Disorder,42,2020,10
SOUTHWOOD,Disorder,55,2020,11
SOUTHWOOD,Disorder,50,2020,12
SOUTHWOOD,Disorder,59,2021,1
SOUTHWOOD,Disorder,39,2021,2
SOUTHWOOD,Disorder,60,2021,3
SOUTHWOOD,Disorder,60,2021,4
SOUTHWOOD,Disorder,45,2021,5
SOUTHWOOD,Disorder,77,2021,6
SOUTHWOOD,Disorder,69,2021,7
SOUTHWOOD,Disorder,53,2021,8
SOUTHWOOD,Disorder,66,2021,9
SOUTHWOOD,Disorder,51,2021,10
SOUTHWOOD,Disorder,54,2021,11
SOUTHWOOD,Disorder,79,2021,12
SOUTHWOOD,Disorder,59,2022,1
SOUTHWOOD,Disorder,45,2022,2
SOUTHWOOD,Disorder,54,2022,3
SOUTHWOOD,Disorder,59,2022,4
SOUTHWOOD,Disorder,68,2022,5
SOUTHWOOD,Disorder,76,2022,6
SOUTHWOOD,Disorder,69,2022,7
SOUTHWOOD,Disorder,64,2022,8
SOUTHWOOD,Disorder,53,2022,9
SOUTHWOOD,Disorder,67,2022,10
SOUTHWOOD,Disorder,50,2022,11
SOUTHWOOD,Disorder,49,2022,12
SOUTHWOOD,Disorder,67,2023,1
SOUTHWOOD,Disorder,44,2023,2
SOUTHWOOD,Disorder,56,2023,3
SOUTHWOOD,Disorder,67,2023,4
SOUTHWOOD,Disorder,53,2023,5
SOUTHWOOD,Disorder,58,2023,6
SOUTHWOOD,Disorder,77,2023,7
SOUTHWOOD,Disorder,45,2023,8
SOUTHWOOD,Disorder,53,2023,9
SOUTHWOOD,Disorder,38,2023,10
SOUTHWOOD,Disorder,45,2023,11
SOUTHWOOD,Disorder,37,2023,12
SOUTHWOOD,Disorder,33,2024,1
SOUTHWOOD,Disorder,35,2024,2
SOUTHWOOD,Disorder,60,2024,3
SOUTHWOOD,Disorder,47,2024,4
SOUTHWOOD,Disorder,50,2024,5
SPRINGBANK HILL,Disorder,13,2018,1
SPRINGBANK HILL,Disorder,16,2018,2
SPRINGBANK HILL,Disorder,15,2018,3
SPRINGBANK HILL,Disorder,16,2018,4
SPRINGBANK HILL,Disorder,18,2018,5
SPRINGBANK HILL,Disorder,30,2018,6
SPRINGBANK HILL,Disorder,15,2018,7
SPRINGBANK HILL,Disorder,15,2018,8
SPRINGBANK HILL,Disorder,24,2018,9
SPRINGBANK HILL,Disorder,20,2018,10
SPRINGBANK HILL,Disorder,12,2018,11
SPRINGBANK HILL,Disorder,20,2018,12
SPRINGBANK HILL,Disorder,6,2019,1
SPRINGBANK HILL,Disorder,8,2019,2
SPRINGBANK HILL,Disorder,14,2019,3
SPRINGBANK HILL,Disorder,18,2019,4
SPRINGBANK HILL,Disorder,16,2019,5
SPRINGBANK HILL,Disorder,21,2019,6
SPRINGBANK HILL,Disorder,26,2019,7
SPRINGBANK HILL,Disorder,16,2019,8
SPRINGBANK HILL,Disorder,18,2019,9
SPRINGBANK HILL,Disorder,11,2019,10
SPRINGBANK HILL,Disorder,10,2019,11
SPRINGBANK HILL,Disorder,19,2019,12
SPRINGBANK HILL,Disorder,11,2020,1
SPRINGBANK HILL,Disorder,14,2020,2
SPRINGBANK HILL,Disorder,11,2020,3
SPRINGBANK HILL,Disorder,8,2020,4
SPRINGBANK HILL,Disorder,26,2020,5
SPRINGBANK HILL,Disorder,18,2020,6
SPRINGBANK HILL,Disorder,18,2020,7
SPRINGBANK HILL,Disorder,13,2020,8
SPRINGBANK HILL,Disorder,15,2020,9
SPRINGBANK HILL,Disorder,13,2020,10
SPRINGBANK HILL,Disorder,9,2020,11
SPRINGBANK HILL,Disorder,7,2020,12
SPRINGBANK HILL,Disorder,10,2021,1
SPRINGBANK HILL,Disorder,9,2021,2
SPRINGBANK HILL,Disorder,23,2021,3
SPRINGBANK HILL,Disorder,14,2021,4
SPRINGBANK HILL,Disorder,12,2021,5
SPRINGBANK HILL,Disorder,17,2021,6
SPRINGBANK HILL,Disorder,12,2021,7
SPRINGBANK HILL,Disorder,15,2021,8
SPRINGBANK HILL,Disorder,13,2021,9
SPRINGBANK HILL,Disorder,5,2021,10
SPRINGBANK HILL,Disorder,10,2021,11
SPRINGBANK HILL,Disorder,9,2021,12
SPRINGBANK HILL,Disorder,14,2022,1
SPRINGBANK HILL,Disorder,10,2022,2
SPRINGBANK HILL,Disorder,15,2022,3
SPRINGBANK HILL,Disorder,13,2022,4
SPRINGBANK HILL,Disorder,22,2022,5
SPRINGBANK HILL,Disorder,16,2022,6
SPRINGBANK HILL,Disorder,9,2022,7
SPRINGBANK HILL,Disorder,22,2022,8
SPRINGBANK HILL,Disorder,9,2022,9
SPRINGBANK HILL,Disorder,13,2022,10
SPRINGBANK HILL,Disorder,8,2022,11
SPRINGBANK HILL,Disorder,9,2022,12
SPRINGBANK HILL,Disorder,12,2023,1
SPRINGBANK HILL,Disorder,9,2023,2
SPRINGBANK HILL,Disorder,12,2023,3
SPRINGBANK HILL,Disorder,17,2023,4
SPRINGBANK HILL,Disorder,13,2023,5
SPRINGBANK HILL,Disorder,18,2023,6
SPRINGBANK HILL,Disorder,15,2023,7
SPRINGBANK HILL,Disorder,16,2023,8
SPRINGBANK HILL,Disorder,8,2023,9
SPRINGBANK HILL,Disorder,21,2023,10
SPRINGBANK HILL,Disorder,14,2023,11
SPRINGBANK HILL,Disorder,13,2023,12
SPRINGBANK HILL,Disorder,10,2024,1
SPRINGBANK HILL,Disorder,15,2024,2
SPRINGBANK HILL,Disorder,8,2024,3
SPRINGBANK HILL,Disorder,11,2024,4
SPRINGBANK HILL,Disorder,12,2024,5
SPRUCE CLIFF,Disorder,21,2018,1
SPRUCE CLIFF,Disorder,19,2018,2
SPRUCE CLIFF,Disorder,16,2018,3
SPRUCE CLIFF,Disorder,14,2018,4
SPRUCE CLIFF,Disorder,29,2018,5
SPRUCE CLIFF,Disorder,21,2018,6
SPRUCE CLIFF,Disorder,21,2018,7
SPRUCE CLIFF,Disorder,13,2018,8
SPRUCE CLIFF,Disorder,8,2018,9
SPRUCE CLIFF,Disorder,13,2018,10
SPRUCE CLIFF,Disorder,9,2018,11
SPRUCE CLIFF,Disorder,13,2018,12
SPRUCE CLIFF,Disorder,14,2019,1
SPRUCE CLIFF,Disorder,7,2019,2
SPRUCE CLIFF,Disorder,15,2019,3
SPRUCE CLIFF,Disorder,21,2019,4
SPRUCE CLIFF,Disorder,27,2019,5
SPRUCE CLIFF,Disorder,21,2019,6
SPRUCE CLIFF,Disorder,29,2019,7
SPRUCE CLIFF,Disorder,22,2019,8
SPRUCE CLIFF,Disorder,23,2019,9
SPRUCE CLIFF,Disorder,18,2019,10
SPRUCE CLIFF,Disorder,13,2019,11
SPRUCE CLIFF,Disorder,24,2019,12
SPRUCE CLIFF,Disorder,14,2020,1
SPRUCE CLIFF,Disorder,12,2020,2
SPRUCE CLIFF,Disorder,23,2020,3
SPRUCE CLIFF,Disorder,29,2020,4
SPRUCE CLIFF,Disorder,17,2020,5
SPRUCE CLIFF,Disorder,20,2020,6
SPRUCE CLIFF,Disorder,21,2020,7
SPRUCE CLIFF,Disorder,15,2020,8
SPRUCE CLIFF,Disorder,13,2020,9
SPRUCE CLIFF,Disorder,19,2020,10
SPRUCE CLIFF,Disorder,17,2020,11
SPRUCE CLIFF,Disorder,13,2020,12
SPRUCE CLIFF,Disorder,19,2021,1
SPRUCE CLIFF,Disorder,30,2021,2
SPRUCE CLIFF,Disorder,15,2021,3
SPRUCE CLIFF,Disorder,48,2021,4
SPRUCE CLIFF,Disorder,24,2021,5
SPRUCE CLIFF,Disorder,18,2021,6
SPRUCE CLIFF,Disorder,29,2021,7
SPRUCE CLIFF,Disorder,13,2021,8
SPRUCE CLIFF,Disorder,16,2021,9
SPRUCE CLIFF,Disorder,24,2021,10
SPRUCE CLIFF,Disorder,17,2021,11
SPRUCE CLIFF,Disorder,11,2021,12
SPRUCE CLIFF,Disorder,18,2022,1
SPRUCE CLIFF,Disorder,16,2022,2
SPRUCE CLIFF,Disorder,19,2022,3
SPRUCE CLIFF,Disorder,18,2022,4
SPRUCE CLIFF,Disorder,15,2022,5
SPRUCE CLIFF,Disorder,21,2022,6
SPRUCE CLIFF,Disorder,17,2022,7
SPRUCE CLIFF,Disorder,18,2022,8
SPRUCE CLIFF,Disorder,15,2022,9
SPRUCE CLIFF,Disorder,10,2022,10
SPRUCE CLIFF,Disorder,14,2022,11
SPRUCE CLIFF,Disorder,16,2022,12
SPRUCE CLIFF,Disorder,13,2023,1
SPRUCE CLIFF,Disorder,10,2023,2
SPRUCE CLIFF,Disorder,7,2023,3
SPRUCE CLIFF,Disorder,14,2023,4
SPRUCE CLIFF,Disorder,14,2023,5
SPRUCE CLIFF,Disorder,11,2023,6
SPRUCE CLIFF,Disorder,23,2023,7
SPRUCE CLIFF,Disorder,13,2023,8
SPRUCE CLIFF,Disorder,18,2023,9
SPRUCE CLIFF,Disorder,12,2023,10
SPRUCE CLIFF,Disorder,9,2023,11
SPRUCE CLIFF,Disorder,12,2023,12
SPRUCE CLIFF,Disorder,5,2024,1
SPRUCE CLIFF,Disorder,11,2024,2
SPRUCE CLIFF,Disorder,6,2024,3
SPRUCE CLIFF,Disorder,16,2024,4
SPRUCE CLIFF,Disorder,16,2024,5
ST. ANDREWS HEIGHTS,Disorder,11,2018,1
ST. ANDREWS HEIGHTS,Disorder,9,2018,2
ST. ANDREWS HEIGHTS,Disorder,8,2018,3
ST. ANDREWS HEIGHTS,Disorder,16,2018,4
ST. ANDREWS HEIGHTS,Disorder,26,2018,5
ST. ANDREWS HEIGHTS,Disorder,9,2018,6
ST. ANDREWS HEIGHTS,Disorder,15,2018,7
ST. ANDREWS HEIGHTS,Disorder,18,2018,8
ST. ANDREWS HEIGHTS,Disorder,9,2018,9
ST. ANDREWS HEIGHTS,Disorder,13,2018,10
ST. ANDREWS HEIGHTS,Disorder,16,2018,11
ST. ANDREWS HEIGHTS,Disorder,13,2018,12
ST. ANDREWS HEIGHTS,Disorder,18,2019,1
ST. ANDREWS HEIGHTS,Disorder,16,2019,2
ST. ANDREWS HEIGHTS,Disorder,18,2019,3
ST. ANDREWS HEIGHTS,Disorder,17,2019,4
ST. ANDREWS HEIGHTS,Disorder,25,2019,5
ST. ANDREWS HEIGHTS,Disorder,17,2019,6
ST. ANDREWS HEIGHTS,Disorder,17,2019,7
ST. ANDREWS HEIGHTS,Disorder,19,2019,8
ST. ANDREWS HEIGHTS,Disorder,17,2019,9
ST. ANDREWS HEIGHTS,Disorder,23,2019,10
ST. ANDREWS HEIGHTS,Disorder,21,2019,11
ST. ANDREWS HEIGHTS,Disorder,14,2019,12
ST. ANDREWS HEIGHTS,Disorder,21,2020,1
ST. ANDREWS HEIGHTS,Disorder,11,2020,2
ST. ANDREWS HEIGHTS,Disorder,16,2020,3
ST. ANDREWS HEIGHTS,Disorder,19,2020,4
ST. ANDREWS HEIGHTS,Disorder,20,2020,5
ST. ANDREWS HEIGHTS,Disorder,22,2020,6
ST. ANDREWS HEIGHTS,Disorder,9,2020,7
ST. ANDREWS HEIGHTS,Disorder,19,2020,8
ST. ANDREWS HEIGHTS,Disorder,16,2020,9
ST. ANDREWS HEIGHTS,Disorder,10,2020,10
ST. ANDREWS HEIGHTS,Disorder,13,2020,11
ST. ANDREWS HEIGHTS,Disorder,15,2020,12
ST. ANDREWS HEIGHTS,Disorder,11,2021,1
ST. ANDREWS HEIGHTS,Disorder,8,2021,2
ST. ANDREWS HEIGHTS,Disorder,16,2021,3
ST. ANDREWS HEIGHTS,Disorder,20,2021,4
ST. ANDREWS HEIGHTS,Disorder,24,2021,5
ST. ANDREWS HEIGHTS,Disorder,17,2021,6
ST. ANDREWS HEIGHTS,Disorder,15,2021,7
ST. ANDREWS HEIGHTS,Disorder,10,2021,8
ST. ANDREWS HEIGHTS,Disorder,24,2021,9
ST. ANDREWS HEIGHTS,Disorder,11,2021,10
ST. ANDREWS HEIGHTS,Disorder,24,2021,11
ST. ANDREWS HEIGHTS,Disorder,15,2021,12
ST. ANDREWS HEIGHTS,Disorder,19,2022,1
ST. ANDREWS HEIGHTS,Disorder,19,2022,2
ST. ANDREWS HEIGHTS,Disorder,10,2022,3
ST. ANDREWS HEIGHTS,Disorder,13,2022,4
ST. ANDREWS HEIGHTS,Disorder,22,2022,5
ST. ANDREWS HEIGHTS,Disorder,12,2022,6
ST. ANDREWS HEIGHTS,Disorder,17,2022,7
ST. ANDREWS HEIGHTS,Disorder,18,2022,8
ST. ANDREWS HEIGHTS,Disorder,24,2022,9
ST. ANDREWS HEIGHTS,Disorder,11,2022,10
ST. ANDREWS HEIGHTS,Disorder,12,2022,11
ST. ANDREWS HEIGHTS,Disorder,10,2022,12
ST. ANDREWS HEIGHTS,Disorder,17,2023,1
ST. ANDREWS HEIGHTS,Disorder,10,2023,2
ST. ANDREWS HEIGHTS,Disorder,17,2023,3
ST. ANDREWS HEIGHTS,Disorder,14,2023,4
ST. ANDREWS HEIGHTS,Disorder,16,2023,5
ST. ANDREWS HEIGHTS,Disorder,11,2023,6
ST. ANDREWS HEIGHTS,Disorder,22,2023,7
ST. ANDREWS HEIGHTS,Disorder,22,2023,8
ST. ANDREWS HEIGHTS,Disorder,18,2023,9
ST. ANDREWS HEIGHTS,Disorder,11,2023,10
ST. ANDREWS HEIGHTS,Disorder,12,2023,11
ST. ANDREWS HEIGHTS,Disorder,24,2023,12
ST. ANDREWS HEIGHTS,Disorder,11,2024,1
ST. ANDREWS HEIGHTS,Disorder,20,2024,2
ST. ANDREWS HEIGHTS,Disorder,17,2024,3
ST. ANDREWS HEIGHTS,Disorder,15,2024,4
ST. ANDREWS HEIGHTS,Disorder,20,2024,5
STARFIELD,Disorder,4,2018,1
STARFIELD,Disorder,2,2018,2
STARFIELD,Disorder,5,2018,3
STARFIELD,Disorder,1,2018,4
STARFIELD,Disorder,6,2018,5
STARFIELD,Disorder,3,2018,6
STARFIELD,Disorder,2,2018,7
STARFIELD,Disorder,5,2018,8
STARFIELD,Disorder,3,2018,9
STARFIELD,Disorder,1,2018,11
STARFIELD,Disorder,6,2018,12
STARFIELD,Disorder,2,2019,1
STARFIELD,Disorder,1,2019,2
STARFIELD,Disorder,2,2019,3
STARFIELD,Disorder,4,2019,4
STARFIELD,Disorder,2,2019,5
STARFIELD,Disorder,2,2019,6
STARFIELD,Disorder,2,2019,7
STARFIELD,Disorder,5,2019,8
STARFIELD,Disorder,2,2019,9
STARFIELD,Disorder,3,2019,10
STARFIELD,Disorder,3,2019,11
STARFIELD,Disorder,2,2019,12
STARFIELD,Disorder,5,2020,1
STARFIELD,Disorder,4,2020,2
STARFIELD,Disorder,3,2020,3
STARFIELD,Disorder,4,2020,4
STARFIELD,Disorder,4,2020,5
STARFIELD,Disorder,4,2020,6
STARFIELD,Disorder,2,2020,8
STARFIELD,Disorder,1,2020,9
STARFIELD,Disorder,2,2020,10
STARFIELD,Disorder,4,2020,11
STARFIELD,Disorder,2,2021,1
STARFIELD,Disorder,3,2021,2
STARFIELD,Disorder,5,2021,3
STARFIELD,Disorder,2,2021,4
STARFIELD,Disorder,4,2021,5
STARFIELD,Disorder,1,2021,6
STARFIELD,Disorder,3,2021,7
STARFIELD,Disorder,1,2021,8
STARFIELD,Disorder,4,2021,9
STARFIELD,Disorder,2,2021,10
STARFIELD,Disorder,1,2021,11
STARFIELD,Disorder,4,2021,12
STARFIELD,Disorder,1,2022,1
STARFIELD,Disorder,2,2022,3
STARFIELD,Disorder,2,2022,4
STARFIELD,Disorder,2,2022,5
STARFIELD,Disorder,2,2022,6
STARFIELD,Disorder,1,2022,8
STARFIELD,Disorder,2,2022,9
STARFIELD,Disorder,2,2022,10
STARFIELD,Disorder,1,2022,11
STARFIELD,Disorder,1,2022,12
STARFIELD,Disorder,4,2023,1
STARFIELD,Disorder,1,2023,2
STARFIELD,Disorder,2,2023,3
STARFIELD,Disorder,2,2023,4
STARFIELD,Disorder,1,2023,5
STARFIELD,Disorder,3,2023,6
STARFIELD,Disorder,1,2023,8
STARFIELD,Disorder,3,2023,9
STARFIELD,Disorder,1,2023,10
STARFIELD,Disorder,1,2023,11
STARFIELD,Disorder,2,2023,12
STARFIELD,Disorder,3,2024,1
STARFIELD,Disorder,4,2024,2
STARFIELD,Disorder,2,2024,3
STARFIELD,Disorder,2,2024,4
STARFIELD,Disorder,3,2024,5
STONEGATE LANDING,Disorder,1,2018,1
STONEGATE LANDING,Disorder,1,2018,2
STONEGATE LANDING,Disorder,3,2018,3
STONEGATE LANDING,Disorder,4,2018,4
STONEGATE LANDING,Disorder,2,2018,5
STONEGATE LANDING,Disorder,5,2018,6
STONEGATE LANDING,Disorder,2,2018,7
STONEGATE LANDING,Disorder,4,2018,8
STONEGATE LANDING,Disorder,5,2018,9
STONEGATE LANDING,Disorder,1,2018,10
STONEGATE LANDING,Disorder,2,2018,11
STONEGATE LANDING,Disorder,1,2018,12
STONEGATE LANDING,Disorder,1,2019,1
STONEGATE LANDING,Disorder,4,2019,2
STONEGATE LANDING,Disorder,5,2019,3
STONEGATE LANDING,Disorder,4,2019,4
STONEGATE LANDING,Disorder,4,2019,6
STONEGATE LANDING,Disorder,4,2019,7
STONEGATE LANDING,Disorder,4,2019,8
STONEGATE LANDING,Disorder,1,2019,9
STONEGATE LANDING,Disorder,4,2019,11
STONEGATE LANDING,Disorder,5,2019,12
STONEGATE LANDING,Disorder,6,2020,2
STONEGATE LANDING,Disorder,3,2020,3
STONEGATE LANDING,Disorder,1,2020,4
STONEGATE LANDING,Disorder,3,2020,5
STONEGATE LANDING,Disorder,5,2020,6
STONEGATE LANDING,Disorder,7,2020,7
STONEGATE LANDING,Disorder,4,2020,8
STONEGATE LANDING,Disorder,9,2020,9
STONEGATE LANDING,Disorder,8,2020,10
STONEGATE LANDING,Disorder,5,2020,11
STONEGATE LANDING,Disorder,1,2020,12
STONEGATE LANDING,Disorder,3,2021,1
STONEGATE LANDING,Disorder,3,2021,2
STONEGATE LANDING,Disorder,6,2021,3
STONEGATE LANDING,Disorder,1,2021,4
STONEGATE LANDING,Disorder,4,2021,5
STONEGATE LANDING,Disorder,1,2021,6
STONEGATE LANDING,Disorder,8,2021,7
STONEGATE LANDING,Disorder,9,2021,8
STONEGATE LANDING,Disorder,3,2021,9
STONEGATE LANDING,Disorder,3,2021,10
STONEGATE LANDING,Disorder,3,2021,11
STONEGATE LANDING,Disorder,6,2021,12
STONEGATE LANDING,Disorder,2,2022,1
STONEGATE LANDING,Disorder,3,2022,2
STONEGATE LANDING,Disorder,7,2022,4
STONEGATE LANDING,Disorder,4,2022,5
STONEGATE LANDING,Disorder,6,2022,6
STONEGATE LANDING,Disorder,6,2022,7
STONEGATE LANDING,Disorder,8,2022,8
STONEGATE LANDING,Disorder,4,2022,9
STONEGATE LANDING,Disorder,3,2022,10
STONEGATE LANDING,Disorder,2,2022,11
STONEGATE LANDING,Disorder,2,2022,12
STONEGATE LANDING,Disorder,2,2023,1
STONEGATE LANDING,Disorder,4,2023,2
STONEGATE LANDING,Disorder,3,2023,3
STONEGATE LANDING,Disorder,3,2023,4
STONEGATE LANDING,Disorder,2,2023,5
STONEGATE LANDING,Disorder,5,2023,6
STONEGATE LANDING,Disorder,6,2023,7
STONEGATE LANDING,Disorder,6,2023,8
STONEGATE LANDING,Disorder,2,2023,9
STONEGATE LANDING,Disorder,4,2023,10
STONEGATE LANDING,Disorder,3,2023,11
STONEGATE LANDING,Disorder,8,2023,12
STONEGATE LANDING,Disorder,4,2024,1
STONEGATE LANDING,Disorder,4,2024,2
STONEGATE LANDING,Disorder,3,2024,3
STONEGATE LANDING,Disorder,7,2024,5
STONEY 1,Disorder,1,2018,1
STONEY 1,Disorder,1,2018,2
STONEY 1,Disorder,1,2018,3
STONEY 1,Disorder,1,2018,4
STONEY 1,Disorder,5,2018,5
STONEY 1,Disorder,2,2018,6
STONEY 1,Disorder,7,2018,8
STONEY 1,Disorder,2,2018,9
STONEY 1,Disorder,2,2018,10
STONEY 1,Disorder,1,2018,11
STONEY 1,Disorder,1,2018,12
STONEY 1,Disorder,1,2019,1
STONEY 1,Disorder,2,2019,2
STONEY 1,Disorder,1,2019,3
STONEY 1,Disorder,3,2019,4
STONEY 1,Disorder,1,2019,5
STONEY 1,Disorder,3,2019,6
STONEY 1,Disorder,6,2019,7
STONEY 1,Disorder,6,2019,8
STONEY 1,Disorder,8,2019,9
STONEY 1,Disorder,6,2019,10
STONEY 1,Disorder,2,2019,11
STONEY 1,Disorder,3,2019,12
STONEY 1,Disorder,3,2020,1
STONEY 1,Disorder,5,2020,2
STONEY 1,Disorder,2,2020,3
STONEY 1,Disorder,3,2020,4
STONEY 1,Disorder,5,2020,5
STONEY 1,Disorder,5,2020,6
STONEY 1,Disorder,1,2020,7
STONEY 1,Disorder,3,2020,8
STONEY 1,Disorder,6,2020,9
STONEY 1,Disorder,5,2020,10
STONEY 1,Disorder,2,2020,11
STONEY 1,Disorder,6,2020,12
STONEY 1,Disorder,1,2021,1
STONEY 1,Disorder,3,2021,2
STONEY 1,Disorder,2,2021,3
STONEY 1,Disorder,3,2021,5
STONEY 1,Disorder,1,2021,6
STONEY 1,Disorder,7,2021,7
STONEY 1,Disorder,4,2021,8
STONEY 1,Disorder,8,2021,9
STONEY 1,Disorder,6,2021,10
STONEY 1,Disorder,2,2021,11
STONEY 1,Disorder,1,2021,12
STONEY 1,Disorder,5,2022,1
STONEY 1,Disorder,6,2022,2
STONEY 1,Disorder,4,2022,3
STONEY 1,Disorder,1,2022,4
STONEY 1,Disorder,3,2022,5
STONEY 1,Disorder,3,2022,6
STONEY 1,Disorder,2,2022,7
STONEY 1,Disorder,3,2022,8
STONEY 1,Disorder,10,2022,9
STONEY 1,Disorder,2,2022,10
STONEY 1,Disorder,4,2022,11
STONEY 1,Disorder,6,2022,12
STONEY 1,Disorder,4,2023,1
STONEY 1,Disorder,3,2023,3
STONEY 1,Disorder,4,2023,4
STONEY 1,Disorder,6,2023,5
STONEY 1,Disorder,4,2023,6
STONEY 1,Disorder,11,2023,7
STONEY 1,Disorder,4,2023,8
STONEY 1,Disorder,2,2023,9
STONEY 1,Disorder,3,2023,10
STONEY 1,Disorder,6,2023,11
STONEY 1,Disorder,4,2023,12
STONEY 1,Disorder,2,2024,1
STONEY 1,Disorder,2,2024,2
STONEY 1,Disorder,1,2024,3
STONEY 1,Disorder,5,2024,4
STONEY 1,Disorder,4,2024,5
STONEY 2,Disorder,4,2018,1
STONEY 2,Disorder,5,2018,2
STONEY 2,Disorder,4,2018,3
STONEY 2,Disorder,8,2018,4
STONEY 2,Disorder,7,2018,5
STONEY 2,Disorder,7,2018,6
STONEY 2,Disorder,13,2018,7
STONEY 2,Disorder,13,2018,8
STONEY 2,Disorder,10,2018,9
STONEY 2,Disorder,5,2018,10
STONEY 2,Disorder,8,2018,11
STONEY 2,Disorder,12,2018,12
STONEY 2,Disorder,6,2019,1
STONEY 2,Disorder,12,2019,2
STONEY 2,Disorder,16,2019,3
STONEY 2,Disorder,11,2019,4
STONEY 2,Disorder,9,2019,5
STONEY 2,Disorder,9,2019,6
STONEY 2,Disorder,16,2019,7
STONEY 2,Disorder,16,2019,8
STONEY 2,Disorder,8,2019,9
STONEY 2,Disorder,7,2019,10
STONEY 2,Disorder,5,2019,11
STONEY 2,Disorder,14,2019,12
STONEY 2,Disorder,10,2020,1
STONEY 2,Disorder,13,2020,2
STONEY 2,Disorder,12,2020,3
STONEY 2,Disorder,9,2020,4
STONEY 2,Disorder,8,2020,5
STONEY 2,Disorder,9,2020,6
STONEY 2,Disorder,14,2020,7
STONEY 2,Disorder,11,2020,8
STONEY 2,Disorder,9,2020,9
STONEY 2,Disorder,14,2020,10
STONEY 2,Disorder,9,2020,11
STONEY 2,Disorder,13,2020,12
STONEY 2,Disorder,12,2021,1
STONEY 2,Disorder,26,2021,2
STONEY 2,Disorder,14,2021,3
STONEY 2,Disorder,6,2021,4
STONEY 2,Disorder,12,2021,5
STONEY 2,Disorder,4,2021,6
STONEY 2,Disorder,8,2021,7
STONEY 2,Disorder,13,2021,8
STONEY 2,Disorder,9,2021,9
STONEY 2,Disorder,5,2021,10
STONEY 2,Disorder,9,2021,11
STONEY 2,Disorder,2,2021,12
STONEY 2,Disorder,7,2022,1
STONEY 2,Disorder,11,2022,2
STONEY 2,Disorder,13,2022,3
STONEY 2,Disorder,13,2022,4
STONEY 2,Disorder,11,2022,5
STONEY 2,Disorder,13,2022,6
STONEY 2,Disorder,9,2022,7
STONEY 2,Disorder,13,2022,8
STONEY 2,Disorder,11,2022,9
STONEY 2,Disorder,12,2022,10
STONEY 2,Disorder,11,2022,11
STONEY 2,Disorder,12,2022,12
STONEY 2,Disorder,15,2023,1
STONEY 2,Disorder,7,2023,2
STONEY 2,Disorder,7,2023,3
STONEY 2,Disorder,8,2023,4
STONEY 2,Disorder,18,2023,5
STONEY 2,Disorder,11,2023,6
STONEY 2,Disorder,12,2023,7
STONEY 2,Disorder,23,2023,8
STONEY 2,Disorder,20,2023,9
STONEY 2,Disorder,9,2023,10
STONEY 2,Disorder,8,2023,11
STONEY 2,Disorder,12,2023,12
STONEY 2,Disorder,11,2024,1
STONEY 2,Disorder,9,2024,2
STONEY 2,Disorder,10,2024,3
STONEY 2,Disorder,8,2024,4
STONEY 2,Disorder,5,2024,5
STONEY 3,Disorder,3,2018,1
STONEY 3,Disorder,1,2018,2
STONEY 3,Disorder,1,2018,3
STONEY 3,Disorder,3,2018,4
STONEY 3,Disorder,2,2018,5
STONEY 3,Disorder,1,2018,6
STONEY 3,Disorder,1,2018,9
STONEY 3,Disorder,1,2018,11
STONEY 3,Disorder,1,2018,12
STONEY 3,Disorder,1,2019,1
STONEY 3,Disorder,1,2019,2
STONEY 3,Disorder,1,2019,5
STONEY 3,Disorder,2,2019,7
STONEY 3,Disorder,2,2019,8
STONEY 3,Disorder,1,2019,9
STONEY 3,Disorder,2,2019,10
STONEY 3,Disorder,1,2019,11
STONEY 3,Disorder,2,2019,12
STONEY 3,Disorder,2,2020,1
STONEY 3,Disorder,1,2020,2
STONEY 3,Disorder,4,2020,4
STONEY 3,Disorder,1,2020,5
STONEY 3,Disorder,6,2020,6
STONEY 3,Disorder,1,2020,7
STONEY 3,Disorder,3,2020,8
STONEY 3,Disorder,4,2020,9
STONEY 3,Disorder,3,2020,10
STONEY 3,Disorder,3,2020,11
STONEY 3,Disorder,3,2020,12
STONEY 3,Disorder,3,2021,1
STONEY 3,Disorder,1,2021,2
STONEY 3,Disorder,4,2021,3
STONEY 3,Disorder,1,2021,4
STONEY 3,Disorder,8,2021,5
STONEY 3,Disorder,2,2021,6
STONEY 3,Disorder,4,2021,7
STONEY 3,Disorder,6,2021,8
STONEY 3,Disorder,4,2021,9
STONEY 3,Disorder,3,2021,10
STONEY 3,Disorder,6,2021,11
STONEY 3,Disorder,5,2021,12
STONEY 3,Disorder,3,2022,1
STONEY 3,Disorder,2,2022,2
STONEY 3,Disorder,3,2022,3
STONEY 3,Disorder,4,2022,4
STONEY 3,Disorder,2,2022,5
STONEY 3,Disorder,4,2022,6
STONEY 3,Disorder,6,2022,7
STONEY 3,Disorder,3,2022,8
STONEY 3,Disorder,7,2022,9
STONEY 3,Disorder,4,2022,10
STONEY 3,Disorder,5,2022,11
STONEY 3,Disorder,5,2022,12
STONEY 3,Disorder,6,2023,1
STONEY 3,Disorder,5,2023,2
STONEY 3,Disorder,2,2023,3
STONEY 3,Disorder,5,2023,4
STONEY 3,Disorder,5,2023,5
STONEY 3,Disorder,4,2023,6
STONEY 3,Disorder,8,2023,7
STONEY 3,Disorder,7,2023,8
STONEY 3,Disorder,2,2023,9
STONEY 3,Disorder,6,2023,10
STONEY 3,Disorder,3,2023,11
STONEY 3,Disorder,2,2023,12
STONEY 3,Disorder,1,2024,1
STONEY 3,Disorder,6,2024,2
STONEY 3,Disorder,8,2024,3
STONEY 3,Disorder,3,2024,4
STONEY 3,Disorder,2,2024,5
STONEY 4,Disorder,1,2018,3
STONEY 4,Disorder,1,2018,4
STONEY 4,Disorder,5,2018,5
STONEY 4,Disorder,3,2018,7
STONEY 4,Disorder,2,2018,8
STONEY 4,Disorder,2,2018,9
STONEY 4,Disorder,2,2018,10
STONEY 4,Disorder,1,2018,11
STONEY 4,Disorder,1,2018,12
STONEY 4,Disorder,3,2019,4
STONEY 4,Disorder,1,2019,6
STONEY 4,Disorder,3,2019,7
STONEY 4,Disorder,1,2019,8
STONEY 4,Disorder,1,2019,9
STONEY 4,Disorder,1,2019,10
STONEY 4,Disorder,2,2019,12
STONEY 4,Disorder,2,2020,1
STONEY 4,Disorder,1,2020,3
STONEY 4,Disorder,2,2020,6
STONEY 4,Disorder,1,2020,7
STONEY 4,Disorder,2,2020,8
STONEY 4,Disorder,2,2020,9
STONEY 4,Disorder,3,2020,10
STONEY 4,Disorder,2,2020,11
STONEY 4,Disorder,3,2021,1
STONEY 4,Disorder,1,2021,2
STONEY 4,Disorder,1,2021,5
STONEY 4,Disorder,2,2021,6
STONEY 4,Disorder,3,2021,8
STONEY 4,Disorder,2,2021,9
STONEY 4,Disorder,4,2021,10
STONEY 4,Disorder,4,2021,11
STONEY 4,Disorder,2,2021,12
STONEY 4,Disorder,1,2022,1
STONEY 4,Disorder,1,2022,2
STONEY 4,Disorder,1,2022,3
STONEY 4,Disorder,2,2022,4
STONEY 4,Disorder,4,2022,5
STONEY 4,Disorder,2,2022,6
STONEY 4,Disorder,3,2022,7
STONEY 4,Disorder,2,2022,8
STONEY 4,Disorder,1,2022,10
STONEY 4,Disorder,3,2022,11
STONEY 4,Disorder,1,2023,2
STONEY 4,Disorder,3,2023,4
STONEY 4,Disorder,3,2023,5
STONEY 4,Disorder,1,2023,6
STONEY 4,Disorder,3,2023,7
STONEY 4,Disorder,5,2023,8
STONEY 4,Disorder,1,2023,9
STONEY 4,Disorder,3,2023,10
STONEY 4,Disorder,1,2023,12
STONEY 4,Disorder,4,2024,3
STONEY 4,Disorder,3,2024,4
STONEY 4,Disorder,1,2024,5
STRATHCONA PARK,Disorder,6,2018,1
STRATHCONA PARK,Disorder,10,2018,2
STRATHCONA PARK,Disorder,7,2018,3
STRATHCONA PARK,Disorder,8,2018,4
STRATHCONA PARK,Disorder,9,2018,5
STRATHCONA PARK,Disorder,13,2018,6
STRATHCONA PARK,Disorder,9,2018,7
STRATHCONA PARK,Disorder,10,2018,8
STRATHCONA PARK,Disorder,18,2018,9
STRATHCONA PARK,Disorder,6,2018,10
STRATHCONA PARK,Disorder,10,2018,11
STRATHCONA PARK,Disorder,8,2018,12
STRATHCONA PARK,Disorder,10,2019,1
STRATHCONA PARK,Disorder,3,2019,2
STRATHCONA PARK,Disorder,8,2019,3
STRATHCONA PARK,Disorder,13,2019,4
STRATHCONA PARK,Disorder,10,2019,5
STRATHCONA PARK,Disorder,9,2019,6
STRATHCONA PARK,Disorder,9,2019,7
STRATHCONA PARK,Disorder,12,2019,8
STRATHCONA PARK,Disorder,8,2019,9
STRATHCONA PARK,Disorder,4,2019,10
STRATHCONA PARK,Disorder,10,2019,11
STRATHCONA PARK,Disorder,8,2019,12
STRATHCONA PARK,Disorder,13,2020,1
STRATHCONA PARK,Disorder,12,2020,2
STRATHCONA PARK,Disorder,6,2020,3
STRATHCONA PARK,Disorder,9,2020,4
STRATHCONA PARK,Disorder,11,2020,5
STRATHCONA PARK,Disorder,12,2020,6
STRATHCONA PARK,Disorder,7,2020,7
STRATHCONA PARK,Disorder,13,2020,8
STRATHCONA PARK,Disorder,3,2020,9
STRATHCONA PARK,Disorder,12,2020,10
STRATHCONA PARK,Disorder,8,2020,11
STRATHCONA PARK,Disorder,7,2020,12
STRATHCONA PARK,Disorder,5,2021,1
STRATHCONA PARK,Disorder,4,2021,2
STRATHCONA PARK,Disorder,6,2021,3
STRATHCONA PARK,Disorder,4,2021,4
STRATHCONA PARK,Disorder,14,2021,5
STRATHCONA PARK,Disorder,8,2021,6
STRATHCONA PARK,Disorder,8,2021,7
STRATHCONA PARK,Disorder,10,2021,8
STRATHCONA PARK,Disorder,5,2021,9
STRATHCONA PARK,Disorder,6,2021,10
STRATHCONA PARK,Disorder,8,2021,11
STRATHCONA PARK,Disorder,7,2021,12
STRATHCONA PARK,Disorder,6,2022,1
STRATHCONA PARK,Disorder,6,2022,2
STRATHCONA PARK,Disorder,7,2022,3
STRATHCONA PARK,Disorder,6,2022,4
STRATHCONA PARK,Disorder,6,2022,5
STRATHCONA PARK,Disorder,6,2022,6
STRATHCONA PARK,Disorder,10,2022,7
STRATHCONA PARK,Disorder,13,2022,8
STRATHCONA PARK,Disorder,4,2022,9
STRATHCONA PARK,Disorder,6,2022,10
STRATHCONA PARK,Disorder,5,2022,11
STRATHCONA PARK,Disorder,2,2022,12
STRATHCONA PARK,Disorder,11,2023,1
STRATHCONA PARK,Disorder,3,2023,2
STRATHCONA PARK,Disorder,6,2023,3
STRATHCONA PARK,Disorder,11,2023,4
STRATHCONA PARK,Disorder,8,2023,5
STRATHCONA PARK,Disorder,7,2023,6
STRATHCONA PARK,Disorder,6,2023,7
STRATHCONA PARK,Disorder,13,2023,8
STRATHCONA PARK,Disorder,7,2023,9
STRATHCONA PARK,Disorder,6,2023,10
STRATHCONA PARK,Disorder,5,2023,11
STRATHCONA PARK,Disorder,10,2023,12
STRATHCONA PARK,Disorder,7,2024,1
STRATHCONA PARK,Disorder,8,2024,2
STRATHCONA PARK,Disorder,1,2024,3
STRATHCONA PARK,Disorder,4,2024,4
STRATHCONA PARK,Disorder,5,2024,5
SUNALTA,Disorder,65,2018,1
SUNALTA,Disorder,56,2018,2
SUNALTA,Disorder,54,2018,3
SUNALTA,Disorder,54,2018,4
SUNALTA,Disorder,99,2018,5
SUNALTA,Disorder,103,2018,6
SUNALTA,Disorder,81,2018,7
SUNALTA,Disorder,63,2018,8
SUNALTA,Disorder,77,2018,9
SUNALTA,Disorder,76,2018,10
SUNALTA,Disorder,54,2018,11
SUNALTA,Disorder,65,2018,12
SUNALTA,Disorder,64,2019,1
SUNALTA,Disorder,47,2019,2
SUNALTA,Disorder,61,2019,3
SUNALTA,Disorder,92,2019,4
SUNALTA,Disorder,82,2019,5
SUNALTA,Disorder,49,2019,6
SUNALTA,Disorder,96,2019,7
SUNALTA,Disorder,75,2019,8
SUNALTA,Disorder,49,2019,9
SUNALTA,Disorder,63,2019,10
SUNALTA,Disorder,52,2019,11
SUNALTA,Disorder,38,2019,12
SUNALTA,Disorder,29,2020,1
SUNALTA,Disorder,31,2020,2
SUNALTA,Disorder,57,2020,3
SUNALTA,Disorder,74,2020,4
SUNALTA,Disorder,103,2020,5
SUNALTA,Disorder,56,2020,6
SUNALTA,Disorder,93,2020,7
SUNALTA,Disorder,99,2020,8
SUNALTA,Disorder,75,2020,9
SUNALTA,Disorder,58,2020,10
SUNALTA,Disorder,71,2020,11
SUNALTA,Disorder,78,2020,12
SUNALTA,Disorder,55,2021,1
SUNALTA,Disorder,65,2021,2
SUNALTA,Disorder,92,2021,3
SUNALTA,Disorder,64,2021,4
SUNALTA,Disorder,58,2021,5
SUNALTA,Disorder,71,2021,6
SUNALTA,Disorder,63,2021,7
SUNALTA,Disorder,88,2021,8
SUNALTA,Disorder,72,2021,9
SUNALTA,Disorder,61,2021,10
SUNALTA,Disorder,62,2021,11
SUNALTA,Disorder,61,2021,12
SUNALTA,Disorder,70,2022,1
SUNALTA,Disorder,57,2022,2
SUNALTA,Disorder,67,2022,3
SUNALTA,Disorder,67,2022,4
SUNALTA,Disorder,77,2022,5
SUNALTA,Disorder,60,2022,6
SUNALTA,Disorder,67,2022,7
SUNALTA,Disorder,70,2022,8
SUNALTA,Disorder,77,2022,9
SUNALTA,Disorder,38,2022,10
SUNALTA,Disorder,54,2022,11
SUNALTA,Disorder,38,2022,12
SUNALTA,Disorder,44,2023,1
SUNALTA,Disorder,37,2023,2
SUNALTA,Disorder,54,2023,3
SUNALTA,Disorder,51,2023,4
SUNALTA,Disorder,52,2023,5
SUNALTA,Disorder,50,2023,6
SUNALTA,Disorder,72,2023,7
SUNALTA,Disorder,60,2023,8
SUNALTA,Disorder,63,2023,9
SUNALTA,Disorder,81,2023,10
SUNALTA,Disorder,69,2023,11
SUNALTA,Disorder,49,2023,12
SUNALTA,Disorder,39,2024,1
SUNALTA,Disorder,36,2024,2
SUNALTA,Disorder,34,2024,3
SUNALTA,Disorder,48,2024,4
SUNALTA,Disorder,69,2024,5
SUNDANCE,Disorder,8,2018,1
SUNDANCE,Disorder,10,2018,2
SUNDANCE,Disorder,9,2018,3
SUNDANCE,Disorder,13,2018,4
SUNDANCE,Disorder,20,2018,5
SUNDANCE,Disorder,18,2018,6
SUNDANCE,Disorder,22,2018,7
SUNDANCE,Disorder,19,2018,8
SUNDANCE,Disorder,18,2018,9
SUNDANCE,Disorder,14,2018,10
SUNDANCE,Disorder,9,2018,11
SUNDANCE,Disorder,14,2018,12
SUNDANCE,Disorder,16,2019,1
SUNDANCE,Disorder,12,2019,2
SUNDANCE,Disorder,13,2019,3
SUNDANCE,Disorder,7,2019,4
SUNDANCE,Disorder,22,2019,5
SUNDANCE,Disorder,23,2019,6
SUNDANCE,Disorder,27,2019,7
SUNDANCE,Disorder,19,2019,8
SUNDANCE,Disorder,13,2019,9
SUNDANCE,Disorder,14,2019,10
SUNDANCE,Disorder,8,2019,11
SUNDANCE,Disorder,11,2019,12
SUNDANCE,Disorder,10,2020,1
SUNDANCE,Disorder,11,2020,2
SUNDANCE,Disorder,8,2020,3
SUNDANCE,Disorder,15,2020,4
SUNDANCE,Disorder,15,2020,5
SUNDANCE,Disorder,16,2020,6
SUNDANCE,Disorder,24,2020,7
SUNDANCE,Disorder,19,2020,8
SUNDANCE,Disorder,19,2020,9
SUNDANCE,Disorder,17,2020,10
SUNDANCE,Disorder,13,2020,11
SUNDANCE,Disorder,13,2020,12
SUNDANCE,Disorder,8,2021,1
SUNDANCE,Disorder,5,2021,2
SUNDANCE,Disorder,10,2021,3
SUNDANCE,Disorder,13,2021,4
SUNDANCE,Disorder,19,2021,5
SUNDANCE,Disorder,18,2021,6
SUNDANCE,Disorder,15,2021,7
SUNDANCE,Disorder,18,2021,8
SUNDANCE,Disorder,14,2021,9
SUNDANCE,Disorder,12,2021,10
SUNDANCE,Disorder,13,2021,11
SUNDANCE,Disorder,8,2021,12
SUNDANCE,Disorder,10,2022,1
SUNDANCE,Disorder,10,2022,2
SUNDANCE,Disorder,12,2022,3
SUNDANCE,Disorder,16,2022,4
SUNDANCE,Disorder,21,2022,5
SUNDANCE,Disorder,10,2022,6
SUNDANCE,Disorder,14,2022,7
SUNDANCE,Disorder,12,2022,8
SUNDANCE,Disorder,13,2022,9
SUNDANCE,Disorder,10,2022,10
SUNDANCE,Disorder,9,2022,11
SUNDANCE,Disorder,15,2022,12
SUNDANCE,Disorder,9,2023,1
SUNDANCE,Disorder,8,2023,2
SUNDANCE,Disorder,10,2023,3
SUNDANCE,Disorder,16,2023,4
SUNDANCE,Disorder,10,2023,5
SUNDANCE,Disorder,14,2023,6
SUNDANCE,Disorder,14,2023,7
SUNDANCE,Disorder,13,2023,8
SUNDANCE,Disorder,15,2023,9
SUNDANCE,Disorder,13,2023,10
SUNDANCE,Disorder,5,2023,11
SUNDANCE,Disorder,10,2023,12
SUNDANCE,Disorder,6,2024,1
SUNDANCE,Disorder,6,2024,2
SUNDANCE,Disorder,13,2024,3
SUNDANCE,Disorder,8,2024,4
SUNDANCE,Disorder,12,2024,5
SUNNYSIDE,Disorder,26,2018,1
SUNNYSIDE,Disorder,29,2018,2
SUNNYSIDE,Disorder,24,2018,3
SUNNYSIDE,Disorder,28,2018,4
SUNNYSIDE,Disorder,56,2018,5
SUNNYSIDE,Disorder,62,2018,6
SUNNYSIDE,Disorder,76,2018,7
SUNNYSIDE,Disorder,56,2018,8
SUNNYSIDE,Disorder,45,2018,9
SUNNYSIDE,Disorder,39,2018,10
SUNNYSIDE,Disorder,33,2018,11
SUNNYSIDE,Disorder,31,2018,12
SUNNYSIDE,Disorder,37,2019,1
SUNNYSIDE,Disorder,23,2019,2
SUNNYSIDE,Disorder,51,2019,3
SUNNYSIDE,Disorder,48,2019,4
SUNNYSIDE,Disorder,34,2019,5
SUNNYSIDE,Disorder,56,2019,6
SUNNYSIDE,Disorder,52,2019,7
SUNNYSIDE,Disorder,90,2019,8
SUNNYSIDE,Disorder,52,2019,9
SUNNYSIDE,Disorder,37,2019,10
SUNNYSIDE,Disorder,29,2019,11
SUNNYSIDE,Disorder,24,2019,12
SUNNYSIDE,Disorder,28,2020,1
SUNNYSIDE,Disorder,33,2020,2
SUNNYSIDE,Disorder,45,2020,3
SUNNYSIDE,Disorder,53,2020,4
SUNNYSIDE,Disorder,48,2020,5
SUNNYSIDE,Disorder,51,2020,6
SUNNYSIDE,Disorder,105,2020,7
SUNNYSIDE,Disorder,133,2020,8
SUNNYSIDE,Disorder,43,2020,9
SUNNYSIDE,Disorder,46,2020,10
SUNNYSIDE,Disorder,40,2020,11
SUNNYSIDE,Disorder,31,2020,12
SUNNYSIDE,Disorder,44,2021,1
SUNNYSIDE,Disorder,27,2021,2
SUNNYSIDE,Disorder,43,2021,3
SUNNYSIDE,Disorder,53,2021,4
SUNNYSIDE,Disorder,41,2021,5
SUNNYSIDE,Disorder,50,2021,6
SUNNYSIDE,Disorder,54,2021,7
SUNNYSIDE,Disorder,71,2021,8
SUNNYSIDE,Disorder,56,2021,9
SUNNYSIDE,Disorder,64,2021,10
SUNNYSIDE,Disorder,43,2021,11
SUNNYSIDE,Disorder,34,2021,12
SUNNYSIDE,Disorder,52,2022,1
SUNNYSIDE,Disorder,53,2022,2
SUNNYSIDE,Disorder,41,2022,3
SUNNYSIDE,Disorder,32,2022,4
SUNNYSIDE,Disorder,53,2022,5
SUNNYSIDE,Disorder,57,2022,6
SUNNYSIDE,Disorder,73,2022,7
SUNNYSIDE,Disorder,74,2022,8
SUNNYSIDE,Disorder,82,2022,9
SUNNYSIDE,Disorder,60,2022,10
SUNNYSIDE,Disorder,45,2022,11
SUNNYSIDE,Disorder,36,2022,12
SUNNYSIDE,Disorder,33,2023,1
SUNNYSIDE,Disorder,34,2023,2
SUNNYSIDE,Disorder,28,2023,3
SUNNYSIDE,Disorder,45,2023,4
SUNNYSIDE,Disorder,62,2023,5
SUNNYSIDE,Disorder,87,2023,6
SUNNYSIDE,Disorder,58,2023,7
SUNNYSIDE,Disorder,59,2023,8
SUNNYSIDE,Disorder,50,2023,9
SUNNYSIDE,Disorder,49,2023,10
SUNNYSIDE,Disorder,36,2023,11
SUNNYSIDE,Disorder,38,2023,12
SUNNYSIDE,Disorder,22,2024,1
SUNNYSIDE,Disorder,26,2024,2
SUNNYSIDE,Disorder,34,2024,3
SUNNYSIDE,Disorder,35,2024,4
SUNNYSIDE,Disorder,47,2024,5
SUNRIDGE,Disorder,98,2018,1
SUNRIDGE,Disorder,66,2018,2
SUNRIDGE,Disorder,83,2018,3
SUNRIDGE,Disorder,106,2018,4
SUNRIDGE,Disorder,90,2018,5
SUNRIDGE,Disorder,106,2018,6
SUNRIDGE,Disorder,101,2018,7
SUNRIDGE,Disorder,105,2018,8
SUNRIDGE,Disorder,96,2018,9
SUNRIDGE,Disorder,94,2018,10
SUNRIDGE,Disorder,103,2018,11
SUNRIDGE,Disorder,140,2018,12
SUNRIDGE,Disorder,146,2019,1
SUNRIDGE,Disorder,67,2019,2
SUNRIDGE,Disorder,92,2019,3
SUNRIDGE,Disorder,99,2019,4
SUNRIDGE,Disorder,105,2019,5
SUNRIDGE,Disorder,85,2019,6
SUNRIDGE,Disorder,100,2019,7
SUNRIDGE,Disorder,105,2019,8
SUNRIDGE,Disorder,110,2019,9
SUNRIDGE,Disorder,86,2019,10
SUNRIDGE,Disorder,99,2019,11
SUNRIDGE,Disorder,106,2019,12
SUNRIDGE,Disorder,69,2020,1
SUNRIDGE,Disorder,95,2020,2
SUNRIDGE,Disorder,65,2020,3
SUNRIDGE,Disorder,53,2020,4
SUNRIDGE,Disorder,61,2020,5
SUNRIDGE,Disorder,76,2020,6
SUNRIDGE,Disorder,71,2020,7
SUNRIDGE,Disorder,65,2020,8
SUNRIDGE,Disorder,59,2020,9
SUNRIDGE,Disorder,73,2020,10
SUNRIDGE,Disorder,76,2020,11
SUNRIDGE,Disorder,80,2020,12
SUNRIDGE,Disorder,69,2021,1
SUNRIDGE,Disorder,56,2021,2
SUNRIDGE,Disorder,87,2021,3
SUNRIDGE,Disorder,86,2021,4
SUNRIDGE,Disorder,95,2021,5
SUNRIDGE,Disorder,93,2021,6
SUNRIDGE,Disorder,65,2021,7
SUNRIDGE,Disorder,100,2021,8
SUNRIDGE,Disorder,77,2021,9
SUNRIDGE,Disorder,88,2021,10
SUNRIDGE,Disorder,103,2021,11
SUNRIDGE,Disorder,83,2021,12
SUNRIDGE,Disorder,78,2022,1
SUNRIDGE,Disorder,76,2022,2
SUNRIDGE,Disorder,117,2022,3
SUNRIDGE,Disorder,69,2022,4
SUNRIDGE,Disorder,72,2022,5
SUNRIDGE,Disorder,72,2022,6
SUNRIDGE,Disorder,80,2022,7
SUNRIDGE,Disorder,79,2022,8
SUNRIDGE,Disorder,92,2022,9
SUNRIDGE,Disorder,83,2022,10
SUNRIDGE,Disorder,73,2022,11
SUNRIDGE,Disorder,124,2022,12
SUNRIDGE,Disorder,101,2023,1
SUNRIDGE,Disorder,88,2023,2
SUNRIDGE,Disorder,133,2023,3
SUNRIDGE,Disorder,153,2023,4
SUNRIDGE,Disorder,149,2023,5
SUNRIDGE,Disorder,105,2023,6
SUNRIDGE,Disorder,115,2023,7
SUNRIDGE,Disorder,123,2023,8
SUNRIDGE,Disorder,119,2023,9
SUNRIDGE,Disorder,111,2023,10
SUNRIDGE,Disorder,160,2023,11
SUNRIDGE,Disorder,104,2023,12
SUNRIDGE,Disorder,100,2024,1
SUNRIDGE,Disorder,115,2024,2
SUNRIDGE,Disorder,102,2024,3
SUNRIDGE,Disorder,151,2024,4
SUNRIDGE,Disorder,107,2024,5
SYMONS VALLEY RANCH,Disorder,1,2020,10
SYMONS VALLEY RANCH,Disorder,1,2022,7
SYMONS VALLEY RANCH,Disorder,1,2023,9
TARADALE,Disorder,31,2018,1
TARADALE,Disorder,33,2018,2
TARADALE,Disorder,39,2018,3
TARADALE,Disorder,59,2018,4
TARADALE,Disorder,53,2018,5
TARADALE,Disorder,56,2018,6
TARADALE,Disorder,67,2018,7
TARADALE,Disorder,55,2018,8
TARADALE,Disorder,41,2018,9
TARADALE,Disorder,25,2018,10
TARADALE,Disorder,35,2018,11
TARADALE,Disorder,38,2018,12
TARADALE,Disorder,44,2019,1
TARADALE,Disorder,28,2019,2
TARADALE,Disorder,43,2019,3
TARADALE,Disorder,51,2019,4
TARADALE,Disorder,52,2019,5
TARADALE,Disorder,67,2019,6
TARADALE,Disorder,50,2019,7
TARADALE,Disorder,56,2019,8
TARADALE,Disorder,37,2019,9
TARADALE,Disorder,27,2019,10
TARADALE,Disorder,30,2019,11
TARADALE,Disorder,25,2019,12
TARADALE,Disorder,39,2020,1
TARADALE,Disorder,34,2020,2
TARADALE,Disorder,49,2020,3
TARADALE,Disorder,55,2020,4
TARADALE,Disorder,72,2020,5
TARADALE,Disorder,47,2020,6
TARADALE,Disorder,52,2020,7
TARADALE,Disorder,64,2020,8
TARADALE,Disorder,47,2020,9
TARADALE,Disorder,37,2020,10
TARADALE,Disorder,35,2020,11
TARADALE,Disorder,46,2020,12
TARADALE,Disorder,48,2021,1
TARADALE,Disorder,23,2021,2
TARADALE,Disorder,37,2021,3
TARADALE,Disorder,43,2021,4
TARADALE,Disorder,38,2021,5
TARADALE,Disorder,58,2021,6
TARADALE,Disorder,65,2021,7
TARADALE,Disorder,49,2021,8
TARADALE,Disorder,38,2021,9
TARADALE,Disorder,44,2021,10
TARADALE,Disorder,53,2021,11
TARADALE,Disorder,38,2021,12
TARADALE,Disorder,38,2022,1
TARADALE,Disorder,26,2022,2
TARADALE,Disorder,36,2022,3
TARADALE,Disorder,48,2022,4
TARADALE,Disorder,44,2022,5
TARADALE,Disorder,34,2022,6
TARADALE,Disorder,36,2022,7
TARADALE,Disorder,32,2022,8
TARADALE,Disorder,57,2022,9
TARADALE,Disorder,37,2022,10
TARADALE,Disorder,33,2022,11
TARADALE,Disorder,32,2022,12
TARADALE,Disorder,30,2023,1
TARADALE,Disorder,32,2023,2
TARADALE,Disorder,31,2023,3
TARADALE,Disorder,43,2023,4
TARADALE,Disorder,55,2023,5
TARADALE,Disorder,49,2023,6
TARADALE,Disorder,36,2023,7
TARADALE,Disorder,49,2023,8
TARADALE,Disorder,33,2023,9
TARADALE,Disorder,36,2023,10
TARADALE,Disorder,26,2023,11
TARADALE,Disorder,26,2023,12
TARADALE,Disorder,35,2024,1
TARADALE,Disorder,28,2024,2
TARADALE,Disorder,37,2024,3
TARADALE,Disorder,26,2024,4
TARADALE,Disorder,39,2024,5
TEMPLE,Disorder,55,2018,1
TEMPLE,Disorder,42,2018,2
TEMPLE,Disorder,77,2018,3
TEMPLE,Disorder,40,2018,4
TEMPLE,Disorder,65,2018,5
TEMPLE,Disorder,77,2018,6
TEMPLE,Disorder,75,2018,7
TEMPLE,Disorder,95,2018,8
TEMPLE,Disorder,63,2018,9
TEMPLE,Disorder,42,2018,10
TEMPLE,Disorder,43,2018,11
TEMPLE,Disorder,46,2018,12
TEMPLE,Disorder,47,2019,1
TEMPLE,Disorder,48,2019,2
TEMPLE,Disorder,55,2019,3
TEMPLE,Disorder,58,2019,4
TEMPLE,Disorder,65,2019,5
TEMPLE,Disorder,81,2019,6
TEMPLE,Disorder,73,2019,7
TEMPLE,Disorder,76,2019,8
TEMPLE,Disorder,51,2019,9
TEMPLE,Disorder,59,2019,10
TEMPLE,Disorder,57,2019,11
TEMPLE,Disorder,40,2019,12
TEMPLE,Disorder,46,2020,1
TEMPLE,Disorder,33,2020,2
TEMPLE,Disorder,46,2020,3
TEMPLE,Disorder,65,2020,4
TEMPLE,Disorder,74,2020,5
TEMPLE,Disorder,67,2020,6
TEMPLE,Disorder,75,2020,7
TEMPLE,Disorder,76,2020,8
TEMPLE,Disorder,52,2020,9
TEMPLE,Disorder,36,2020,10
TEMPLE,Disorder,38,2020,11
TEMPLE,Disorder,42,2020,12
TEMPLE,Disorder,40,2021,1
TEMPLE,Disorder,36,2021,2
TEMPLE,Disorder,42,2021,3
TEMPLE,Disorder,60,2021,4
TEMPLE,Disorder,66,2021,5
TEMPLE,Disorder,63,2021,6
TEMPLE,Disorder,64,2021,7
TEMPLE,Disorder,75,2021,8
TEMPLE,Disorder,70,2021,9
TEMPLE,Disorder,50,2021,10
TEMPLE,Disorder,36,2021,11
TEMPLE,Disorder,26,2021,12
TEMPLE,Disorder,33,2022,1
TEMPLE,Disorder,37,2022,2
TEMPLE,Disorder,52,2022,3
TEMPLE,Disorder,41,2022,4
TEMPLE,Disorder,82,2022,5
TEMPLE,Disorder,74,2022,6
TEMPLE,Disorder,49,2022,7
TEMPLE,Disorder,67,2022,8
TEMPLE,Disorder,37,2022,9
TEMPLE,Disorder,48,2022,10
TEMPLE,Disorder,36,2022,11
TEMPLE,Disorder,51,2022,12
TEMPLE,Disorder,46,2023,1
TEMPLE,Disorder,34,2023,2
TEMPLE,Disorder,31,2023,3
TEMPLE,Disorder,36,2023,4
TEMPLE,Disorder,54,2023,5
TEMPLE,Disorder,71,2023,6
TEMPLE,Disorder,58,2023,7
TEMPLE,Disorder,34,2023,8
TEMPLE,Disorder,41,2023,9
TEMPLE,Disorder,48,2023,10
TEMPLE,Disorder,39,2023,11
TEMPLE,Disorder,30,2023,12
TEMPLE,Disorder,41,2024,1
TEMPLE,Disorder,40,2024,2
TEMPLE,Disorder,29,2024,3
TEMPLE,Disorder,35,2024,4
TEMPLE,Disorder,41,2024,5
THORNCLIFFE,Disorder,35,2018,1
THORNCLIFFE,Disorder,39,2018,2
THORNCLIFFE,Disorder,48,2018,3
THORNCLIFFE,Disorder,42,2018,4
THORNCLIFFE,Disorder,65,2018,5
THORNCLIFFE,Disorder,56,2018,6
THORNCLIFFE,Disorder,86,2018,7
THORNCLIFFE,Disorder,78,2018,8
THORNCLIFFE,Disorder,52,2018,9
THORNCLIFFE,Disorder,40,2018,10
THORNCLIFFE,Disorder,27,2018,11
THORNCLIFFE,Disorder,40,2018,12
THORNCLIFFE,Disorder,55,2019,1
THORNCLIFFE,Disorder,42,2019,2
THORNCLIFFE,Disorder,41,2019,3
THORNCLIFFE,Disorder,52,2019,4
THORNCLIFFE,Disorder,62,2019,5
THORNCLIFFE,Disorder,74,2019,6
THORNCLIFFE,Disorder,96,2019,7
THORNCLIFFE,Disorder,60,2019,8
THORNCLIFFE,Disorder,40,2019,9
THORNCLIFFE,Disorder,50,2019,10
THORNCLIFFE,Disorder,46,2019,11
THORNCLIFFE,Disorder,44,2019,12
THORNCLIFFE,Disorder,55,2020,1
THORNCLIFFE,Disorder,32,2020,2
THORNCLIFFE,Disorder,47,2020,3
THORNCLIFFE,Disorder,73,2020,4
THORNCLIFFE,Disorder,84,2020,5
THORNCLIFFE,Disorder,45,2020,6
THORNCLIFFE,Disorder,53,2020,7
THORNCLIFFE,Disorder,63,2020,8
THORNCLIFFE,Disorder,57,2020,9
THORNCLIFFE,Disorder,56,2020,10
THORNCLIFFE,Disorder,46,2020,11
THORNCLIFFE,Disorder,47,2020,12
THORNCLIFFE,Disorder,54,2021,1
THORNCLIFFE,Disorder,40,2021,2
THORNCLIFFE,Disorder,44,2021,3
THORNCLIFFE,Disorder,48,2021,4
THORNCLIFFE,Disorder,60,2021,5
THORNCLIFFE,Disorder,66,2021,6
THORNCLIFFE,Disorder,49,2021,7
THORNCLIFFE,Disorder,51,2021,8
THORNCLIFFE,Disorder,53,2021,9
THORNCLIFFE,Disorder,50,2021,10
THORNCLIFFE,Disorder,45,2021,11
THORNCLIFFE,Disorder,47,2021,12
THORNCLIFFE,Disorder,38,2022,1
THORNCLIFFE,Disorder,30,2022,2
THORNCLIFFE,Disorder,35,2022,3
THORNCLIFFE,Disorder,52,2022,4
THORNCLIFFE,Disorder,38,2022,5
THORNCLIFFE,Disorder,46,2022,6
THORNCLIFFE,Disorder,38,2022,7
THORNCLIFFE,Disorder,52,2022,8
THORNCLIFFE,Disorder,60,2022,9
THORNCLIFFE,Disorder,57,2022,10
THORNCLIFFE,Disorder,44,2022,11
THORNCLIFFE,Disorder,28,2022,12
THORNCLIFFE,Disorder,38,2023,1
THORNCLIFFE,Disorder,36,2023,2
THORNCLIFFE,Disorder,24,2023,3
THORNCLIFFE,Disorder,26,2023,4
THORNCLIFFE,Disorder,46,2023,5
THORNCLIFFE,Disorder,62,2023,6
THORNCLIFFE,Disorder,42,2023,7
THORNCLIFFE,Disorder,34,2023,8
THORNCLIFFE,Disorder,39,2023,9
THORNCLIFFE,Disorder,36,2023,10
THORNCLIFFE,Disorder,33,2023,11
THORNCLIFFE,Disorder,31,2023,12
THORNCLIFFE,Disorder,26,2024,1
THORNCLIFFE,Disorder,34,2024,2
THORNCLIFFE,Disorder,29,2024,3
THORNCLIFFE,Disorder,35,2024,4
THORNCLIFFE,Disorder,51,2024,5
TUSCANY,Disorder,18,2018,1
TUSCANY,Disorder,25,2018,2
TUSCANY,Disorder,27,2018,3
TUSCANY,Disorder,26,2018,4
TUSCANY,Disorder,34,2018,5
TUSCANY,Disorder,39,2018,6
TUSCANY,Disorder,33,2018,7
TUSCANY,Disorder,25,2018,8
TUSCANY,Disorder,24,2018,9
TUSCANY,Disorder,29,2018,10
TUSCANY,Disorder,15,2018,11
TUSCANY,Disorder,18,2018,12
TUSCANY,Disorder,19,2019,1
TUSCANY,Disorder,15,2019,2
TUSCANY,Disorder,34,2019,3
TUSCANY,Disorder,35,2019,4
TUSCANY,Disorder,25,2019,5
TUSCANY,Disorder,40,2019,6
TUSCANY,Disorder,32,2019,7
TUSCANY,Disorder,25,2019,8
TUSCANY,Disorder,38,2019,9
TUSCANY,Disorder,17,2019,10
TUSCANY,Disorder,18,2019,11
TUSCANY,Disorder,19,2019,12
TUSCANY,Disorder,18,2020,1
TUSCANY,Disorder,28,2020,2
TUSCANY,Disorder,23,2020,3
TUSCANY,Disorder,21,2020,4
TUSCANY,Disorder,32,2020,5
TUSCANY,Disorder,42,2020,6
TUSCANY,Disorder,39,2020,7
TUSCANY,Disorder,32,2020,8
TUSCANY,Disorder,21,2020,9
TUSCANY,Disorder,25,2020,10
TUSCANY,Disorder,16,2020,11
TUSCANY,Disorder,30,2020,12
TUSCANY,Disorder,24,2021,1
TUSCANY,Disorder,8,2021,2
TUSCANY,Disorder,26,2021,3
TUSCANY,Disorder,21,2021,4
TUSCANY,Disorder,29,2021,5
TUSCANY,Disorder,32,2021,6
TUSCANY,Disorder,28,2021,7
TUSCANY,Disorder,25,2021,8
TUSCANY,Disorder,28,2021,9
TUSCANY,Disorder,19,2021,10
TUSCANY,Disorder,19,2021,11
TUSCANY,Disorder,18,2021,12
TUSCANY,Disorder,22,2022,1
TUSCANY,Disorder,12,2022,2
TUSCANY,Disorder,16,2022,3
TUSCANY,Disorder,21,2022,4
TUSCANY,Disorder,24,2022,5
TUSCANY,Disorder,29,2022,6
TUSCANY,Disorder,24,2022,7
TUSCANY,Disorder,28,2022,8
TUSCANY,Disorder,27,2022,9
TUSCANY,Disorder,24,2022,10
TUSCANY,Disorder,13,2022,11
TUSCANY,Disorder,9,2022,12
TUSCANY,Disorder,21,2023,1
TUSCANY,Disorder,19,2023,2
TUSCANY,Disorder,25,2023,3
TUSCANY,Disorder,20,2023,4
TUSCANY,Disorder,20,2023,5
TUSCANY,Disorder,33,2023,6
TUSCANY,Disorder,22,2023,7
TUSCANY,Disorder,22,2023,8
TUSCANY,Disorder,19,2023,9
TUSCANY,Disorder,16,2023,10
TUSCANY,Disorder,15,2023,11
TUSCANY,Disorder,19,2023,12
TUSCANY,Disorder,16,2024,1
TUSCANY,Disorder,11,2024,2
TUSCANY,Disorder,33,2024,3
TUSCANY,Disorder,14,2024,4
TUSCANY,Disorder,17,2024,5
TUXEDO PARK,Disorder,28,2018,1
TUXEDO PARK,Disorder,28,2018,2
TUXEDO PARK,Disorder,44,2018,3
TUXEDO PARK,Disorder,34,2018,4
TUXEDO PARK,Disorder,63,2018,5
TUXEDO PARK,Disorder,35,2018,6
TUXEDO PARK,Disorder,49,2018,7
TUXEDO PARK,Disorder,60,2018,8
TUXEDO PARK,Disorder,33,2018,9
TUXEDO PARK,Disorder,47,2018,10
TUXEDO PARK,Disorder,46,2018,11
TUXEDO PARK,Disorder,38,2018,12
TUXEDO PARK,Disorder,43,2019,1
TUXEDO PARK,Disorder,45,2019,2
TUXEDO PARK,Disorder,42,2019,3
TUXEDO PARK,Disorder,49,2019,4
TUXEDO PARK,Disorder,65,2019,5
TUXEDO PARK,Disorder,60,2019,6
TUXEDO PARK,Disorder,75,2019,7
TUXEDO PARK,Disorder,54,2019,8
TUXEDO PARK,Disorder,68,2019,9
TUXEDO PARK,Disorder,56,2019,10
TUXEDO PARK,Disorder,64,2019,11
TUXEDO PARK,Disorder,56,2019,12
TUXEDO PARK,Disorder,71,2020,1
TUXEDO PARK,Disorder,64,2020,2
TUXEDO PARK,Disorder,61,2020,3
TUXEDO PARK,Disorder,63,2020,4
TUXEDO PARK,Disorder,78,2020,5
TUXEDO PARK,Disorder,86,2020,6
TUXEDO PARK,Disorder,97,2020,7
TUXEDO PARK,Disorder,90,2020,8
TUXEDO PARK,Disorder,95,2020,9
TUXEDO PARK,Disorder,59,2020,10
TUXEDO PARK,Disorder,62,2020,11
TUXEDO PARK,Disorder,47,2020,12
TUXEDO PARK,Disorder,55,2021,1
TUXEDO PARK,Disorder,41,2021,2
TUXEDO PARK,Disorder,84,2021,3
TUXEDO PARK,Disorder,54,2021,4
TUXEDO PARK,Disorder,60,2021,5
TUXEDO PARK,Disorder,73,2021,6
TUXEDO PARK,Disorder,79,2021,7
TUXEDO PARK,Disorder,90,2021,8
TUXEDO PARK,Disorder,65,2021,9
TUXEDO PARK,Disorder,72,2021,10
TUXEDO PARK,Disorder,60,2021,11
TUXEDO PARK,Disorder,43,2021,12
TUXEDO PARK,Disorder,56,2022,1
TUXEDO PARK,Disorder,38,2022,2
TUXEDO PARK,Disorder,63,2022,3
TUXEDO PARK,Disorder,48,2022,4
TUXEDO PARK,Disorder,50,2022,5
TUXEDO PARK,Disorder,63,2022,6
TUXEDO PARK,Disorder,59,2022,7
TUXEDO PARK,Disorder,47,2022,8
TUXEDO PARK,Disorder,50,2022,9
TUXEDO PARK,Disorder,64,2022,10
TUXEDO PARK,Disorder,36,2022,11
TUXEDO PARK,Disorder,47,2022,12
TUXEDO PARK,Disorder,32,2023,1
TUXEDO PARK,Disorder,31,2023,2
TUXEDO PARK,Disorder,48,2023,3
TUXEDO PARK,Disorder,51,2023,4
TUXEDO PARK,Disorder,62,2023,5
TUXEDO PARK,Disorder,59,2023,6
TUXEDO PARK,Disorder,64,2023,7
TUXEDO PARK,Disorder,73,2023,8
TUXEDO PARK,Disorder,53,2023,9
TUXEDO PARK,Disorder,40,2023,10
TUXEDO PARK,Disorder,41,2023,11
TUXEDO PARK,Disorder,34,2023,12
TUXEDO PARK,Disorder,42,2024,1
TUXEDO PARK,Disorder,35,2024,2
TUXEDO PARK,Disorder,37,2024,3
TUXEDO PARK,Disorder,37,2024,4
TUXEDO PARK,Disorder,50,2024,5
TWINHILLS,Disorder,1,2021,9
TWINHILLS,Disorder,1,2021,11
TWINHILLS,Disorder,1,2022,8
TWINHILLS,Disorder,1,2023,3
TWINHILLS,Disorder,1,2024,2
UNIVERSITY DISTRICT,Disorder,2,2018,2
UNIVERSITY DISTRICT,Disorder,1,2018,3
UNIVERSITY DISTRICT,Disorder,1,2018,4
UNIVERSITY DISTRICT,Disorder,1,2018,5
UNIVERSITY DISTRICT,Disorder,1,2018,6
UNIVERSITY DISTRICT,Disorder,1,2018,8
UNIVERSITY DISTRICT,Disorder,1,2018,9
UNIVERSITY DISTRICT,Disorder,1,2018,11
UNIVERSITY DISTRICT,Disorder,2,2018,12
UNIVERSITY DISTRICT,Disorder,1,2019,1
UNIVERSITY DISTRICT,Disorder,4,2019,3
UNIVERSITY DISTRICT,Disorder,1,2019,4
UNIVERSITY DISTRICT,Disorder,3,2019,5
UNIVERSITY DISTRICT,Disorder,2,2019,6
UNIVERSITY DISTRICT,Disorder,1,2019,7
UNIVERSITY DISTRICT,Disorder,2,2019,8
UNIVERSITY DISTRICT,Disorder,2,2019,9
UNIVERSITY DISTRICT,Disorder,1,2019,10
UNIVERSITY DISTRICT,Disorder,2,2019,11
UNIVERSITY DISTRICT,Disorder,2,2020,2
UNIVERSITY DISTRICT,Disorder,4,2020,3
UNIVERSITY DISTRICT,Disorder,1,2020,5
UNIVERSITY DISTRICT,Disorder,1,2020,6
UNIVERSITY DISTRICT,Disorder,2,2020,8
UNIVERSITY DISTRICT,Disorder,5,2020,10
UNIVERSITY DISTRICT,Disorder,2,2020,11
UNIVERSITY DISTRICT,Disorder,6,2020,12
UNIVERSITY DISTRICT,Disorder,5,2021,1
UNIVERSITY DISTRICT,Disorder,6,2021,2
UNIVERSITY DISTRICT,Disorder,4,2021,3
UNIVERSITY DISTRICT,Disorder,7,2021,4
UNIVERSITY DISTRICT,Disorder,4,2021,5
UNIVERSITY DISTRICT,Disorder,2,2021,6
UNIVERSITY DISTRICT,Disorder,5,2021,7
UNIVERSITY DISTRICT,Disorder,4,2021,8
UNIVERSITY DISTRICT,Disorder,7,2021,9
UNIVERSITY DISTRICT,Disorder,5,2021,10
UNIVERSITY DISTRICT,Disorder,5,2021,11
UNIVERSITY DISTRICT,Disorder,6,2022,1
UNIVERSITY DISTRICT,Disorder,2,2022,2
UNIVERSITY DISTRICT,Disorder,5,2022,3
UNIVERSITY DISTRICT,Disorder,1,2022,4
UNIVERSITY DISTRICT,Disorder,7,2022,5
UNIVERSITY DISTRICT,Disorder,5,2022,6
UNIVERSITY DISTRICT,Disorder,5,2022,7
UNIVERSITY DISTRICT,Disorder,4,2022,8
UNIVERSITY DISTRICT,Disorder,9,2022,9
UNIVERSITY DISTRICT,Disorder,4,2022,10
UNIVERSITY DISTRICT,Disorder,8,2022,11
UNIVERSITY DISTRICT,Disorder,2,2022,12
UNIVERSITY DISTRICT,Disorder,3,2023,1
UNIVERSITY DISTRICT,Disorder,3,2023,2
UNIVERSITY DISTRICT,Disorder,5,2023,3
UNIVERSITY DISTRICT,Disorder,7,2023,4
UNIVERSITY DISTRICT,Disorder,10,2023,5
UNIVERSITY DISTRICT,Disorder,8,2023,6
UNIVERSITY DISTRICT,Disorder,9,2023,7
UNIVERSITY DISTRICT,Disorder,6,2023,8
UNIVERSITY DISTRICT,Disorder,7,2023,9
UNIVERSITY DISTRICT,Disorder,5,2023,10
UNIVERSITY DISTRICT,Disorder,8,2023,11
UNIVERSITY DISTRICT,Disorder,2,2023,12
UNIVERSITY DISTRICT,Disorder,4,2024,1
UNIVERSITY DISTRICT,Disorder,3,2024,2
UNIVERSITY DISTRICT,Disorder,5,2024,3
UNIVERSITY DISTRICT,Disorder,8,2024,4
UNIVERSITY DISTRICT,Disorder,12,2024,5
UNIVERSITY HEIGHTS,Disorder,21,2018,1
UNIVERSITY HEIGHTS,Disorder,11,2018,2
UNIVERSITY HEIGHTS,Disorder,16,2018,3
UNIVERSITY HEIGHTS,Disorder,18,2018,4
UNIVERSITY HEIGHTS,Disorder,16,2018,5
UNIVERSITY HEIGHTS,Disorder,15,2018,6
UNIVERSITY HEIGHTS,Disorder,13,2018,7
UNIVERSITY HEIGHTS,Disorder,19,2018,8
UNIVERSITY HEIGHTS,Disorder,12,2018,9
UNIVERSITY HEIGHTS,Disorder,23,2018,10
UNIVERSITY HEIGHTS,Disorder,19,2018,11
UNIVERSITY HEIGHTS,Disorder,23,2018,12
UNIVERSITY HEIGHTS,Disorder,16,2019,1
UNIVERSITY HEIGHTS,Disorder,14,2019,2
UNIVERSITY HEIGHTS,Disorder,18,2019,3
UNIVERSITY HEIGHTS,Disorder,25,2019,4
UNIVERSITY HEIGHTS,Disorder,19,2019,5
UNIVERSITY HEIGHTS,Disorder,18,2019,6
UNIVERSITY HEIGHTS,Disorder,12,2019,7
UNIVERSITY HEIGHTS,Disorder,19,2019,8
UNIVERSITY HEIGHTS,Disorder,13,2019,9
UNIVERSITY HEIGHTS,Disorder,18,2019,10
UNIVERSITY HEIGHTS,Disorder,15,2019,11
UNIVERSITY HEIGHTS,Disorder,15,2019,12
UNIVERSITY HEIGHTS,Disorder,14,2020,1
UNIVERSITY HEIGHTS,Disorder,5,2020,2
UNIVERSITY HEIGHTS,Disorder,19,2020,3
UNIVERSITY HEIGHTS,Disorder,11,2020,4
UNIVERSITY HEIGHTS,Disorder,16,2020,5
UNIVERSITY HEIGHTS,Disorder,25,2020,6
UNIVERSITY HEIGHTS,Disorder,13,2020,7
UNIVERSITY HEIGHTS,Disorder,21,2020,8
UNIVERSITY HEIGHTS,Disorder,24,2020,9
UNIVERSITY HEIGHTS,Disorder,9,2020,10
UNIVERSITY HEIGHTS,Disorder,8,2020,11
UNIVERSITY HEIGHTS,Disorder,19,2020,12
UNIVERSITY HEIGHTS,Disorder,11,2021,1
UNIVERSITY HEIGHTS,Disorder,9,2021,2
UNIVERSITY HEIGHTS,Disorder,15,2021,3
UNIVERSITY HEIGHTS,Disorder,12,2021,4
UNIVERSITY HEIGHTS,Disorder,21,2021,5
UNIVERSITY HEIGHTS,Disorder,8,2021,6
UNIVERSITY HEIGHTS,Disorder,15,2021,7
UNIVERSITY HEIGHTS,Disorder,5,2021,8
UNIVERSITY HEIGHTS,Disorder,15,2021,9
UNIVERSITY HEIGHTS,Disorder,20,2021,10
UNIVERSITY HEIGHTS,Disorder,10,2021,11
UNIVERSITY HEIGHTS,Disorder,11,2021,12
UNIVERSITY HEIGHTS,Disorder,8,2022,1
UNIVERSITY HEIGHTS,Disorder,5,2022,2
UNIVERSITY HEIGHTS,Disorder,13,2022,3
UNIVERSITY HEIGHTS,Disorder,10,2022,4
UNIVERSITY HEIGHTS,Disorder,11,2022,5
UNIVERSITY HEIGHTS,Disorder,7,2022,6
UNIVERSITY HEIGHTS,Disorder,4,2022,7
UNIVERSITY HEIGHTS,Disorder,17,2022,8
UNIVERSITY HEIGHTS,Disorder,5,2022,9
UNIVERSITY HEIGHTS,Disorder,9,2022,10
UNIVERSITY HEIGHTS,Disorder,13,2022,11
UNIVERSITY HEIGHTS,Disorder,10,2022,12
UNIVERSITY HEIGHTS,Disorder,16,2023,1
UNIVERSITY HEIGHTS,Disorder,6,2023,2
UNIVERSITY HEIGHTS,Disorder,8,2023,3
UNIVERSITY HEIGHTS,Disorder,11,2023,4
UNIVERSITY HEIGHTS,Disorder,3,2023,5
UNIVERSITY HEIGHTS,Disorder,8,2023,6
UNIVERSITY HEIGHTS,Disorder,7,2023,7
UNIVERSITY HEIGHTS,Disorder,8,2023,8
UNIVERSITY HEIGHTS,Disorder,8,2023,9
UNIVERSITY HEIGHTS,Disorder,11,2023,10
UNIVERSITY HEIGHTS,Disorder,6,2023,11
UNIVERSITY HEIGHTS,Disorder,10,2023,12
UNIVERSITY HEIGHTS,Disorder,10,2024,1
UNIVERSITY HEIGHTS,Disorder,5,2024,2
UNIVERSITY HEIGHTS,Disorder,5,2024,3
UNIVERSITY HEIGHTS,Disorder,6,2024,4
UNIVERSITY HEIGHTS,Disorder,8,2024,5
UNIVERSITY OF CALGARY,Disorder,4,2018,1
UNIVERSITY OF CALGARY,Disorder,3,2018,2
UNIVERSITY OF CALGARY,Disorder,4,2018,3
UNIVERSITY OF CALGARY,Disorder,2,2018,4
UNIVERSITY OF CALGARY,Disorder,4,2018,5
UNIVERSITY OF CALGARY,Disorder,6,2018,6
UNIVERSITY OF CALGARY,Disorder,3,2018,7
UNIVERSITY OF CALGARY,Disorder,2,2018,8
UNIVERSITY OF CALGARY,Disorder,3,2018,9
UNIVERSITY OF CALGARY,Disorder,3,2018,10
UNIVERSITY OF CALGARY,Disorder,4,2018,11
UNIVERSITY OF CALGARY,Disorder,1,2018,12
UNIVERSITY OF CALGARY,Disorder,1,2019,1
UNIVERSITY OF CALGARY,Disorder,2,2019,2
UNIVERSITY OF CALGARY,Disorder,3,2019,3
UNIVERSITY OF CALGARY,Disorder,2,2019,4
UNIVERSITY OF CALGARY,Disorder,5,2019,5
UNIVERSITY OF CALGARY,Disorder,5,2019,7
UNIVERSITY OF CALGARY,Disorder,2,2019,9
UNIVERSITY OF CALGARY,Disorder,3,2019,10
UNIVERSITY OF CALGARY,Disorder,44,2019,11
UNIVERSITY OF CALGARY,Disorder,3,2020,1
UNIVERSITY OF CALGARY,Disorder,1,2020,3
UNIVERSITY OF CALGARY,Disorder,2,2020,4
UNIVERSITY OF CALGARY,Disorder,5,2020,5
UNIVERSITY OF CALGARY,Disorder,1,2020,6
UNIVERSITY OF CALGARY,Disorder,1,2020,7
UNIVERSITY OF CALGARY,Disorder,4,2020,8
UNIVERSITY OF CALGARY,Disorder,2,2020,10
UNIVERSITY OF CALGARY,Disorder,7,2020,11
UNIVERSITY OF CALGARY,Disorder,3,2020,12
UNIVERSITY OF CALGARY,Disorder,3,2021,1
UNIVERSITY OF CALGARY,Disorder,2,2021,2
UNIVERSITY OF CALGARY,Disorder,4,2021,3
UNIVERSITY OF CALGARY,Disorder,1,2021,4
UNIVERSITY OF CALGARY,Disorder,3,2021,5
UNIVERSITY OF CALGARY,Disorder,4,2021,6
UNIVERSITY OF CALGARY,Disorder,3,2021,7
UNIVERSITY OF CALGARY,Disorder,5,2021,8
UNIVERSITY OF CALGARY,Disorder,7,2021,9
UNIVERSITY OF CALGARY,Disorder,6,2021,10
UNIVERSITY OF CALGARY,Disorder,6,2021,11
UNIVERSITY OF CALGARY,Disorder,6,2021,12
UNIVERSITY OF CALGARY,Disorder,5,2022,1
UNIVERSITY OF CALGARY,Disorder,10,2022,2
UNIVERSITY OF CALGARY,Disorder,7,2022,3
UNIVERSITY OF CALGARY,Disorder,6,2022,4
UNIVERSITY OF CALGARY,Disorder,13,2022,5
UNIVERSITY OF CALGARY,Disorder,9,2022,6
UNIVERSITY OF CALGARY,Disorder,5,2022,7
UNIVERSITY OF CALGARY,Disorder,10,2022,8
UNIVERSITY OF CALGARY,Disorder,9,2022,9
UNIVERSITY OF CALGARY,Disorder,15,2022,10
UNIVERSITY OF CALGARY,Disorder,8,2022,11
UNIVERSITY OF CALGARY,Disorder,4,2022,12
UNIVERSITY OF CALGARY,Disorder,3,2023,1
UNIVERSITY OF CALGARY,Disorder,7,2023,2
UNIVERSITY OF CALGARY,Disorder,7,2023,3
UNIVERSITY OF CALGARY,Disorder,11,2023,4
UNIVERSITY OF CALGARY,Disorder,7,2023,5
UNIVERSITY OF CALGARY,Disorder,6,2023,6
UNIVERSITY OF CALGARY,Disorder,7,2023,7
UNIVERSITY OF CALGARY,Disorder,7,2023,8
UNIVERSITY OF CALGARY,Disorder,5,2023,9
UNIVERSITY OF CALGARY,Disorder,10,2023,10
UNIVERSITY OF CALGARY,Disorder,11,2023,11
UNIVERSITY OF CALGARY,Disorder,8,2023,12
UNIVERSITY OF CALGARY,Disorder,8,2024,1
UNIVERSITY OF CALGARY,Disorder,4,2024,2
UNIVERSITY OF CALGARY,Disorder,7,2024,3
UNIVERSITY OF CALGARY,Disorder,4,2024,4
UNIVERSITY OF CALGARY,Disorder,4,2024,5
UPPER MOUNT ROYAL,Disorder,7,2018,1
UPPER MOUNT ROYAL,Disorder,6,2018,2
UPPER MOUNT ROYAL,Disorder,4,2018,3
UPPER MOUNT ROYAL,Disorder,11,2018,4
UPPER MOUNT ROYAL,Disorder,15,2018,5
UPPER MOUNT ROYAL,Disorder,15,2018,6
UPPER MOUNT ROYAL,Disorder,13,2018,7
UPPER MOUNT ROYAL,Disorder,14,2018,8
UPPER MOUNT ROYAL,Disorder,15,2018,9
UPPER MOUNT ROYAL,Disorder,6,2018,10
UPPER MOUNT ROYAL,Disorder,7,2018,11
UPPER MOUNT ROYAL,Disorder,11,2018,12
UPPER MOUNT ROYAL,Disorder,10,2019,1
UPPER MOUNT ROYAL,Disorder,9,2019,2
UPPER MOUNT ROYAL,Disorder,10,2019,3
UPPER MOUNT ROYAL,Disorder,15,2019,4
UPPER MOUNT ROYAL,Disorder,11,2019,5
UPPER MOUNT ROYAL,Disorder,13,2019,6
UPPER MOUNT ROYAL,Disorder,19,2019,7
UPPER MOUNT ROYAL,Disorder,14,2019,8
UPPER MOUNT ROYAL,Disorder,15,2019,9
UPPER MOUNT ROYAL,Disorder,12,2019,10
UPPER MOUNT ROYAL,Disorder,12,2019,11
UPPER MOUNT ROYAL,Disorder,16,2019,12
UPPER MOUNT ROYAL,Disorder,11,2020,1
UPPER MOUNT ROYAL,Disorder,16,2020,2
UPPER MOUNT ROYAL,Disorder,10,2020,3
UPPER MOUNT ROYAL,Disorder,11,2020,4
UPPER MOUNT ROYAL,Disorder,17,2020,5
UPPER MOUNT ROYAL,Disorder,14,2020,6
UPPER MOUNT ROYAL,Disorder,13,2020,7
UPPER MOUNT ROYAL,Disorder,12,2020,8
UPPER MOUNT ROYAL,Disorder,13,2020,9
UPPER MOUNT ROYAL,Disorder,16,2020,10
UPPER MOUNT ROYAL,Disorder,8,2020,11
UPPER MOUNT ROYAL,Disorder,6,2020,12
UPPER MOUNT ROYAL,Disorder,11,2021,1
UPPER MOUNT ROYAL,Disorder,5,2021,2
UPPER MOUNT ROYAL,Disorder,9,2021,3
UPPER MOUNT ROYAL,Disorder,12,2021,4
UPPER MOUNT ROYAL,Disorder,14,2021,5
UPPER MOUNT ROYAL,Disorder,12,2021,6
UPPER MOUNT ROYAL,Disorder,20,2021,7
UPPER MOUNT ROYAL,Disorder,18,2021,8
UPPER MOUNT ROYAL,Disorder,14,2021,9
UPPER MOUNT ROYAL,Disorder,10,2021,10
UPPER MOUNT ROYAL,Disorder,6,2021,11
UPPER MOUNT ROYAL,Disorder,9,2021,12
UPPER MOUNT ROYAL,Disorder,8,2022,1
UPPER MOUNT ROYAL,Disorder,5,2022,2
UPPER MOUNT ROYAL,Disorder,7,2022,3
UPPER MOUNT ROYAL,Disorder,16,2022,4
UPPER MOUNT ROYAL,Disorder,15,2022,5
UPPER MOUNT ROYAL,Disorder,19,2022,6
UPPER MOUNT ROYAL,Disorder,15,2022,7
UPPER MOUNT ROYAL,Disorder,15,2022,8
UPPER MOUNT ROYAL,Disorder,11,2022,9
UPPER MOUNT ROYAL,Disorder,13,2022,10
UPPER MOUNT ROYAL,Disorder,5,2022,11
UPPER MOUNT ROYAL,Disorder,5,2022,12
UPPER MOUNT ROYAL,Disorder,9,2023,1
UPPER MOUNT ROYAL,Disorder,4,2023,2
UPPER MOUNT ROYAL,Disorder,3,2023,3
UPPER MOUNT ROYAL,Disorder,8,2023,4
UPPER MOUNT ROYAL,Disorder,14,2023,5
UPPER MOUNT ROYAL,Disorder,16,2023,6
UPPER MOUNT ROYAL,Disorder,11,2023,7
UPPER MOUNT ROYAL,Disorder,13,2023,8
UPPER MOUNT ROYAL,Disorder,11,2023,9
UPPER MOUNT ROYAL,Disorder,9,2023,10
UPPER MOUNT ROYAL,Disorder,6,2023,11
UPPER MOUNT ROYAL,Disorder,7,2023,12
UPPER MOUNT ROYAL,Disorder,10,2024,1
UPPER MOUNT ROYAL,Disorder,5,2024,2
UPPER MOUNT ROYAL,Disorder,3,2024,3
UPPER MOUNT ROYAL,Disorder,8,2024,4
UPPER MOUNT ROYAL,Disorder,8,2024,5
VALLEY RIDGE,Disorder,9,2018,1
VALLEY RIDGE,Disorder,9,2018,2
VALLEY RIDGE,Disorder,7,2018,3
VALLEY RIDGE,Disorder,17,2018,4
VALLEY RIDGE,Disorder,15,2018,5
VALLEY RIDGE,Disorder,7,2018,6
VALLEY RIDGE,Disorder,12,2018,7
VALLEY RIDGE,Disorder,10,2018,8
VALLEY RIDGE,Disorder,7,2018,9
VALLEY RIDGE,Disorder,2,2018,10
VALLEY RIDGE,Disorder,9,2018,11
VALLEY RIDGE,Disorder,6,2018,12
VALLEY RIDGE,Disorder,5,2019,1
VALLEY RIDGE,Disorder,3,2019,2
VALLEY RIDGE,Disorder,7,2019,3
VALLEY RIDGE,Disorder,8,2019,4
VALLEY RIDGE,Disorder,6,2019,5
VALLEY RIDGE,Disorder,4,2019,6
VALLEY RIDGE,Disorder,5,2019,7
VALLEY RIDGE,Disorder,10,2019,8
VALLEY RIDGE,Disorder,8,2019,9
VALLEY RIDGE,Disorder,7,2019,10
VALLEY RIDGE,Disorder,7,2019,11
VALLEY RIDGE,Disorder,4,2019,12
VALLEY RIDGE,Disorder,6,2020,1
VALLEY RIDGE,Disorder,7,2020,2
VALLEY RIDGE,Disorder,12,2020,3
VALLEY RIDGE,Disorder,8,2020,4
VALLEY RIDGE,Disorder,11,2020,5
VALLEY RIDGE,Disorder,16,2020,6
VALLEY RIDGE,Disorder,8,2020,7
VALLEY RIDGE,Disorder,6,2020,8
VALLEY RIDGE,Disorder,15,2020,9
VALLEY RIDGE,Disorder,8,2020,10
VALLEY RIDGE,Disorder,3,2020,11
VALLEY RIDGE,Disorder,8,2020,12
VALLEY RIDGE,Disorder,4,2021,1
VALLEY RIDGE,Disorder,3,2021,2
VALLEY RIDGE,Disorder,4,2021,3
VALLEY RIDGE,Disorder,8,2021,4
VALLEY RIDGE,Disorder,5,2021,5
VALLEY RIDGE,Disorder,9,2021,6
VALLEY RIDGE,Disorder,8,2021,7
VALLEY RIDGE,Disorder,7,2021,8
VALLEY RIDGE,Disorder,8,2021,9
VALLEY RIDGE,Disorder,4,2021,10
VALLEY RIDGE,Disorder,5,2021,11
VALLEY RIDGE,Disorder,5,2021,12
VALLEY RIDGE,Disorder,5,2022,1
VALLEY RIDGE,Disorder,7,2022,2
VALLEY RIDGE,Disorder,7,2022,3
VALLEY RIDGE,Disorder,3,2022,4
VALLEY RIDGE,Disorder,7,2022,5
VALLEY RIDGE,Disorder,9,2022,6
VALLEY RIDGE,Disorder,6,2022,7
VALLEY RIDGE,Disorder,9,2022,8
VALLEY RIDGE,Disorder,7,2022,9
VALLEY RIDGE,Disorder,3,2022,10
VALLEY RIDGE,Disorder,5,2022,11
VALLEY RIDGE,Disorder,3,2022,12
VALLEY RIDGE,Disorder,5,2023,1
VALLEY RIDGE,Disorder,2,2023,2
VALLEY RIDGE,Disorder,3,2023,3
VALLEY RIDGE,Disorder,7,2023,4
VALLEY RIDGE,Disorder,6,2023,5
VALLEY RIDGE,Disorder,6,2023,6
VALLEY RIDGE,Disorder,4,2023,7
VALLEY RIDGE,Disorder,10,2023,8
VALLEY RIDGE,Disorder,3,2023,9
VALLEY RIDGE,Disorder,1,2023,10
VALLEY RIDGE,Disorder,3,2023,11
VALLEY RIDGE,Disorder,3,2023,12
VALLEY RIDGE,Disorder,2,2024,1
VALLEY RIDGE,Disorder,2,2024,2
VALLEY RIDGE,Disorder,6,2024,3
VALLEY RIDGE,Disorder,7,2024,4
VALLEY RIDGE,Disorder,5,2024,5
VALLEYFIELD,Disorder,5,2018,1
VALLEYFIELD,Disorder,9,2018,2
VALLEYFIELD,Disorder,8,2018,3
VALLEYFIELD,Disorder,13,2018,4
VALLEYFIELD,Disorder,11,2018,5
VALLEYFIELD,Disorder,11,2018,6
VALLEYFIELD,Disorder,12,2018,7
VALLEYFIELD,Disorder,9,2018,8
VALLEYFIELD,Disorder,10,2018,9
VALLEYFIELD,Disorder,5,2018,10
VALLEYFIELD,Disorder,14,2018,11
VALLEYFIELD,Disorder,16,2018,12
VALLEYFIELD,Disorder,12,2019,1
VALLEYFIELD,Disorder,4,2019,2
VALLEYFIELD,Disorder,6,2019,3
VALLEYFIELD,Disorder,3,2019,4
VALLEYFIELD,Disorder,15,2019,5
VALLEYFIELD,Disorder,9,2019,6
VALLEYFIELD,Disorder,12,2019,7
VALLEYFIELD,Disorder,6,2019,8
VALLEYFIELD,Disorder,11,2019,9
VALLEYFIELD,Disorder,17,2019,10
VALLEYFIELD,Disorder,11,2019,11
VALLEYFIELD,Disorder,6,2019,12
VALLEYFIELD,Disorder,15,2020,1
VALLEYFIELD,Disorder,13,2020,2
VALLEYFIELD,Disorder,19,2020,3
VALLEYFIELD,Disorder,13,2020,4
VALLEYFIELD,Disorder,11,2020,5
VALLEYFIELD,Disorder,7,2020,6
VALLEYFIELD,Disorder,14,2020,7
VALLEYFIELD,Disorder,15,2020,8
VALLEYFIELD,Disorder,17,2020,9
VALLEYFIELD,Disorder,13,2020,10
VALLEYFIELD,Disorder,8,2020,11
VALLEYFIELD,Disorder,6,2020,12
VALLEYFIELD,Disorder,10,2021,1
VALLEYFIELD,Disorder,9,2021,2
VALLEYFIELD,Disorder,12,2021,3
VALLEYFIELD,Disorder,10,2021,4
VALLEYFIELD,Disorder,11,2021,5
VALLEYFIELD,Disorder,19,2021,6
VALLEYFIELD,Disorder,12,2021,7
VALLEYFIELD,Disorder,7,2021,8
VALLEYFIELD,Disorder,18,2021,9
VALLEYFIELD,Disorder,11,2021,10
VALLEYFIELD,Disorder,8,2021,11
VALLEYFIELD,Disorder,14,2021,12
VALLEYFIELD,Disorder,8,2022,1
VALLEYFIELD,Disorder,12,2022,2
VALLEYFIELD,Disorder,8,2022,3
VALLEYFIELD,Disorder,5,2022,4
VALLEYFIELD,Disorder,12,2022,5
VALLEYFIELD,Disorder,8,2022,6
VALLEYFIELD,Disorder,17,2022,7
VALLEYFIELD,Disorder,15,2022,8
VALLEYFIELD,Disorder,21,2022,9
VALLEYFIELD,Disorder,13,2022,10
VALLEYFIELD,Disorder,18,2022,11
VALLEYFIELD,Disorder,7,2022,12
VALLEYFIELD,Disorder,10,2023,1
VALLEYFIELD,Disorder,10,2023,2
VALLEYFIELD,Disorder,17,2023,3
VALLEYFIELD,Disorder,16,2023,4
VALLEYFIELD,Disorder,13,2023,5
VALLEYFIELD,Disorder,12,2023,6
VALLEYFIELD,Disorder,11,2023,7
VALLEYFIELD,Disorder,19,2023,8
VALLEYFIELD,Disorder,13,2023,9
VALLEYFIELD,Disorder,12,2023,10
VALLEYFIELD,Disorder,16,2023,11
VALLEYFIELD,Disorder,10,2023,12
VALLEYFIELD,Disorder,11,2024,1
VALLEYFIELD,Disorder,14,2024,2
VALLEYFIELD,Disorder,21,2024,3
VALLEYFIELD,Disorder,9,2024,4
VALLEYFIELD,Disorder,8,2024,5
VARSITY,Disorder,29,2018,1
VARSITY,Disorder,35,2018,2
VARSITY,Disorder,30,2018,3
VARSITY,Disorder,37,2018,4
VARSITY,Disorder,43,2018,5
VARSITY,Disorder,33,2018,6
VARSITY,Disorder,38,2018,7
VARSITY,Disorder,34,2018,8
VARSITY,Disorder,30,2018,9
VARSITY,Disorder,38,2018,10
VARSITY,Disorder,37,2018,11
VARSITY,Disorder,30,2018,12
VARSITY,Disorder,23,2019,1
VARSITY,Disorder,22,2019,2
VARSITY,Disorder,30,2019,3
VARSITY,Disorder,38,2019,4
VARSITY,Disorder,29,2019,5
VARSITY,Disorder,35,2019,6
VARSITY,Disorder,40,2019,7
VARSITY,Disorder,55,2019,8
VARSITY,Disorder,35,2019,9
VARSITY,Disorder,25,2019,10
VARSITY,Disorder,28,2019,11
VARSITY,Disorder,36,2019,12
VARSITY,Disorder,35,2020,1
VARSITY,Disorder,28,2020,2
VARSITY,Disorder,40,2020,3
VARSITY,Disorder,29,2020,4
VARSITY,Disorder,51,2020,5
VARSITY,Disorder,41,2020,6
VARSITY,Disorder,43,2020,7
VARSITY,Disorder,39,2020,8
VARSITY,Disorder,35,2020,9
VARSITY,Disorder,27,2020,10
VARSITY,Disorder,31,2020,11
VARSITY,Disorder,34,2020,12
VARSITY,Disorder,35,2021,1
VARSITY,Disorder,37,2021,2
VARSITY,Disorder,44,2021,3
VARSITY,Disorder,50,2021,4
VARSITY,Disorder,38,2021,5
VARSITY,Disorder,47,2021,6
VARSITY,Disorder,52,2021,7
VARSITY,Disorder,43,2021,8
VARSITY,Disorder,48,2021,9
VARSITY,Disorder,53,2021,10
VARSITY,Disorder,45,2021,11
VARSITY,Disorder,48,2021,12
VARSITY,Disorder,45,2022,1
VARSITY,Disorder,31,2022,2
VARSITY,Disorder,30,2022,3
VARSITY,Disorder,45,2022,4
VARSITY,Disorder,48,2022,5
VARSITY,Disorder,62,2022,6
VARSITY,Disorder,57,2022,7
VARSITY,Disorder,45,2022,8
VARSITY,Disorder,58,2022,9
VARSITY,Disorder,43,2022,10
VARSITY,Disorder,44,2022,11
VARSITY,Disorder,32,2022,12
VARSITY,Disorder,38,2023,1
VARSITY,Disorder,30,2023,2
VARSITY,Disorder,37,2023,3
VARSITY,Disorder,40,2023,4
VARSITY,Disorder,56,2023,5
VARSITY,Disorder,39,2023,6
VARSITY,Disorder,46,2023,7
VARSITY,Disorder,50,2023,8
VARSITY,Disorder,46,2023,9
VARSITY,Disorder,38,2023,10
VARSITY,Disorder,29,2023,11
VARSITY,Disorder,39,2023,12
VARSITY,Disorder,33,2024,1
VARSITY,Disorder,30,2024,2
VARSITY,Disorder,28,2024,3
VARSITY,Disorder,28,2024,4
VARSITY,Disorder,39,2024,5
VISTA HEIGHTS,Disorder,22,2018,1
VISTA HEIGHTS,Disorder,20,2018,2
VISTA HEIGHTS,Disorder,32,2018,3
VISTA HEIGHTS,Disorder,20,2018,4
VISTA HEIGHTS,Disorder,33,2018,5
VISTA HEIGHTS,Disorder,45,2018,6
VISTA HEIGHTS,Disorder,31,2018,7
VISTA HEIGHTS,Disorder,33,2018,8
VISTA HEIGHTS,Disorder,39,2018,9
VISTA HEIGHTS,Disorder,23,2018,10
VISTA HEIGHTS,Disorder,24,2018,11
VISTA HEIGHTS,Disorder,29,2018,12
VISTA HEIGHTS,Disorder,20,2019,1
VISTA HEIGHTS,Disorder,14,2019,2
VISTA HEIGHTS,Disorder,27,2019,3
VISTA HEIGHTS,Disorder,35,2019,4
VISTA HEIGHTS,Disorder,35,2019,5
VISTA HEIGHTS,Disorder,42,2019,6
VISTA HEIGHTS,Disorder,39,2019,7
VISTA HEIGHTS,Disorder,45,2019,8
VISTA HEIGHTS,Disorder,34,2019,9
VISTA HEIGHTS,Disorder,25,2019,10
VISTA HEIGHTS,Disorder,18,2019,11
VISTA HEIGHTS,Disorder,26,2019,12
VISTA HEIGHTS,Disorder,22,2020,1
VISTA HEIGHTS,Disorder,20,2020,2
VISTA HEIGHTS,Disorder,26,2020,3
VISTA HEIGHTS,Disorder,32,2020,4
VISTA HEIGHTS,Disorder,68,2020,5
VISTA HEIGHTS,Disorder,58,2020,6
VISTA HEIGHTS,Disorder,72,2020,7
VISTA HEIGHTS,Disorder,48,2020,8
VISTA HEIGHTS,Disorder,47,2020,9
VISTA HEIGHTS,Disorder,45,2020,10
VISTA HEIGHTS,Disorder,56,2020,11
VISTA HEIGHTS,Disorder,34,2020,12
VISTA HEIGHTS,Disorder,35,2021,1
VISTA HEIGHTS,Disorder,32,2021,2
VISTA HEIGHTS,Disorder,49,2021,3
VISTA HEIGHTS,Disorder,34,2021,4
VISTA HEIGHTS,Disorder,28,2021,5
VISTA HEIGHTS,Disorder,31,2021,6
VISTA HEIGHTS,Disorder,42,2021,7
VISTA HEIGHTS,Disorder,41,2021,8
VISTA HEIGHTS,Disorder,35,2021,9
VISTA HEIGHTS,Disorder,18,2021,10
VISTA HEIGHTS,Disorder,30,2021,11
VISTA HEIGHTS,Disorder,20,2021,12
VISTA HEIGHTS,Disorder,13,2022,1
VISTA HEIGHTS,Disorder,16,2022,2
VISTA HEIGHTS,Disorder,24,2022,3
VISTA HEIGHTS,Disorder,21,2022,4
VISTA HEIGHTS,Disorder,23,2022,5
VISTA HEIGHTS,Disorder,19,2022,6
VISTA HEIGHTS,Disorder,35,2022,7
VISTA HEIGHTS,Disorder,50,2022,8
VISTA HEIGHTS,Disorder,40,2022,9
VISTA HEIGHTS,Disorder,22,2022,10
VISTA HEIGHTS,Disorder,24,2022,11
VISTA HEIGHTS,Disorder,15,2022,12
VISTA HEIGHTS,Disorder,23,2023,1
VISTA HEIGHTS,Disorder,16,2023,2
VISTA HEIGHTS,Disorder,37,2023,3
VISTA HEIGHTS,Disorder,22,2023,4
VISTA HEIGHTS,Disorder,33,2023,5
VISTA HEIGHTS,Disorder,31,2023,6
VISTA HEIGHTS,Disorder,34,2023,7
VISTA HEIGHTS,Disorder,58,2023,8
VISTA HEIGHTS,Disorder,40,2023,9
VISTA HEIGHTS,Disorder,30,2023,10
VISTA HEIGHTS,Disorder,37,2023,11
VISTA HEIGHTS,Disorder,19,2023,12
VISTA HEIGHTS,Disorder,14,2024,1
VISTA HEIGHTS,Disorder,16,2024,2
VISTA HEIGHTS,Disorder,20,2024,3
VISTA HEIGHTS,Disorder,18,2024,4
VISTA HEIGHTS,Disorder,27,2024,5
WALDEN,Disorder,11,2018,1
WALDEN,Disorder,9,2018,2
WALDEN,Disorder,17,2018,3
WALDEN,Disorder,19,2018,4
WALDEN,Disorder,15,2018,5
WALDEN,Disorder,20,2018,6
WALDEN,Disorder,13,2018,7
WALDEN,Disorder,22,2018,8
WALDEN,Disorder,14,2018,9
WALDEN,Disorder,21,2018,10
WALDEN,Disorder,17,2018,11
WALDEN,Disorder,11,2018,12
WALDEN,Disorder,13,2019,1
WALDEN,Disorder,7,2019,2
WALDEN,Disorder,12,2019,3
WALDEN,Disorder,24,2019,4
WALDEN,Disorder,14,2019,5
WALDEN,Disorder,20,2019,6
WALDEN,Disorder,22,2019,7
WALDEN,Disorder,17,2019,8
WALDEN,Disorder,21,2019,9
WALDEN,Disorder,16,2019,10
WALDEN,Disorder,20,2019,11
WALDEN,Disorder,24,2019,12
WALDEN,Disorder,17,2020,1
WALDEN,Disorder,20,2020,2
WALDEN,Disorder,13,2020,3
WALDEN,Disorder,18,2020,4
WALDEN,Disorder,22,2020,5
WALDEN,Disorder,15,2020,6
WALDEN,Disorder,20,2020,7
WALDEN,Disorder,22,2020,8
WALDEN,Disorder,21,2020,9
WALDEN,Disorder,18,2020,10
WALDEN,Disorder,12,2020,11
WALDEN,Disorder,14,2020,12
WALDEN,Disorder,15,2021,1
WALDEN,Disorder,4,2021,2
WALDEN,Disorder,17,2021,3
WALDEN,Disorder,25,2021,4
WALDEN,Disorder,12,2021,5
WALDEN,Disorder,26,2021,6
WALDEN,Disorder,15,2021,7
WALDEN,Disorder,17,2021,8
WALDEN,Disorder,15,2021,9
WALDEN,Disorder,16,2021,10
WALDEN,Disorder,8,2021,11
WALDEN,Disorder,9,2021,12
WALDEN,Disorder,14,2022,1
WALDEN,Disorder,8,2022,2
WALDEN,Disorder,14,2022,3
WALDEN,Disorder,17,2022,4
WALDEN,Disorder,21,2022,5
WALDEN,Disorder,12,2022,6
WALDEN,Disorder,22,2022,7
WALDEN,Disorder,20,2022,8
WALDEN,Disorder,22,2022,9
WALDEN,Disorder,14,2022,10
WALDEN,Disorder,10,2022,11
WALDEN,Disorder,10,2022,12
WALDEN,Disorder,6,2023,1
WALDEN,Disorder,3,2023,2
WALDEN,Disorder,6,2023,3
WALDEN,Disorder,16,2023,4
WALDEN,Disorder,18,2023,5
WALDEN,Disorder,15,2023,6
WALDEN,Disorder,31,2023,7
WALDEN,Disorder,20,2023,8
WALDEN,Disorder,22,2023,9
WALDEN,Disorder,16,2023,10
WALDEN,Disorder,9,2023,11
WALDEN,Disorder,12,2023,12
WALDEN,Disorder,11,2024,1
WALDEN,Disorder,15,2024,2
WALDEN,Disorder,12,2024,3
WALDEN,Disorder,18,2024,4
WALDEN,Disorder,11,2024,5
WEST HILLHURST,Disorder,19,2018,1
WEST HILLHURST,Disorder,13,2018,2
WEST HILLHURST,Disorder,22,2018,3
WEST HILLHURST,Disorder,21,2018,4
WEST HILLHURST,Disorder,29,2018,5
WEST HILLHURST,Disorder,35,2018,6
WEST HILLHURST,Disorder,24,2018,7
WEST HILLHURST,Disorder,33,2018,8
WEST HILLHURST,Disorder,30,2018,9
WEST HILLHURST,Disorder,35,2018,10
WEST HILLHURST,Disorder,23,2018,11
WEST HILLHURST,Disorder,25,2018,12
WEST HILLHURST,Disorder,19,2019,1
WEST HILLHURST,Disorder,13,2019,2
WEST HILLHURST,Disorder,25,2019,3
WEST HILLHURST,Disorder,29,2019,4
WEST HILLHURST,Disorder,17,2019,5
WEST HILLHURST,Disorder,42,2019,6
WEST HILLHURST,Disorder,40,2019,7
WEST HILLHURST,Disorder,48,2019,8
WEST HILLHURST,Disorder,24,2019,9
WEST HILLHURST,Disorder,28,2019,10
WEST HILLHURST,Disorder,18,2019,11
WEST HILLHURST,Disorder,17,2019,12
WEST HILLHURST,Disorder,19,2020,1
WEST HILLHURST,Disorder,19,2020,2
WEST HILLHURST,Disorder,25,2020,3
WEST HILLHURST,Disorder,44,2020,4
WEST HILLHURST,Disorder,68,2020,5
WEST HILLHURST,Disorder,57,2020,6
WEST HILLHURST,Disorder,35,2020,7
WEST HILLHURST,Disorder,46,2020,8
WEST HILLHURST,Disorder,36,2020,9
WEST HILLHURST,Disorder,41,2020,10
WEST HILLHURST,Disorder,24,2020,11
WEST HILLHURST,Disorder,15,2020,12
WEST HILLHURST,Disorder,24,2021,1
WEST HILLHURST,Disorder,9,2021,2
WEST HILLHURST,Disorder,36,2021,3
WEST HILLHURST,Disorder,49,2021,4
WEST HILLHURST,Disorder,39,2021,5
WEST HILLHURST,Disorder,45,2021,6
WEST HILLHURST,Disorder,40,2021,7
WEST HILLHURST,Disorder,29,2021,8
WEST HILLHURST,Disorder,43,2021,9
WEST HILLHURST,Disorder,23,2021,10
WEST HILLHURST,Disorder,25,2021,11
WEST HILLHURST,Disorder,20,2021,12
WEST HILLHURST,Disorder,13,2022,1
WEST HILLHURST,Disorder,23,2022,2
WEST HILLHURST,Disorder,20,2022,3
WEST HILLHURST,Disorder,15,2022,4
WEST HILLHURST,Disorder,15,2022,5
WEST HILLHURST,Disorder,27,2022,6
WEST HILLHURST,Disorder,30,2022,7
WEST HILLHURST,Disorder,45,2022,8
WEST HILLHURST,Disorder,28,2022,9
WEST HILLHURST,Disorder,27,2022,10
WEST HILLHURST,Disorder,13,2022,11
WEST HILLHURST,Disorder,11,2022,12
WEST HILLHURST,Disorder,24,2023,1
WEST HILLHURST,Disorder,16,2023,2
WEST HILLHURST,Disorder,17,2023,3
WEST HILLHURST,Disorder,15,2023,4
WEST HILLHURST,Disorder,30,2023,5
WEST HILLHURST,Disorder,32,2023,6
WEST HILLHURST,Disorder,33,2023,7
WEST HILLHURST,Disorder,31,2023,8
WEST HILLHURST,Disorder,26,2023,9
WEST HILLHURST,Disorder,21,2023,10
WEST HILLHURST,Disorder,14,2023,11
WEST HILLHURST,Disorder,11,2023,12
WEST HILLHURST,Disorder,11,2024,1
WEST HILLHURST,Disorder,17,2024,2
WEST HILLHURST,Disorder,18,2024,3
WEST HILLHURST,Disorder,18,2024,4
WEST HILLHURST,Disorder,20,2024,5
WEST SPRINGS,Disorder,13,2018,1
WEST SPRINGS,Disorder,7,2018,2
WEST SPRINGS,Disorder,8,2018,3
WEST SPRINGS,Disorder,7,2018,4
WEST SPRINGS,Disorder,23,2018,5
WEST SPRINGS,Disorder,19,2018,6
WEST SPRINGS,Disorder,24,2018,7
WEST SPRINGS,Disorder,15,2018,8
WEST SPRINGS,Disorder,20,2018,9
WEST SPRINGS,Disorder,23,2018,10
WEST SPRINGS,Disorder,7,2018,11
WEST SPRINGS,Disorder,19,2018,12
WEST SPRINGS,Disorder,14,2019,1
WEST SPRINGS,Disorder,5,2019,2
WEST SPRINGS,Disorder,9,2019,3
WEST SPRINGS,Disorder,18,2019,4
WEST SPRINGS,Disorder,13,2019,5
WEST SPRINGS,Disorder,20,2019,6
WEST SPRINGS,Disorder,24,2019,7
WEST SPRINGS,Disorder,15,2019,8
WEST SPRINGS,Disorder,24,2019,9
WEST SPRINGS,Disorder,9,2019,10
WEST SPRINGS,Disorder,16,2019,11
WEST SPRINGS,Disorder,16,2019,12
WEST SPRINGS,Disorder,20,2020,1
WEST SPRINGS,Disorder,18,2020,2
WEST SPRINGS,Disorder,20,2020,3
WEST SPRINGS,Disorder,15,2020,4
WEST SPRINGS,Disorder,30,2020,5
WEST SPRINGS,Disorder,34,2020,6
WEST SPRINGS,Disorder,23,2020,7
WEST SPRINGS,Disorder,19,2020,8
WEST SPRINGS,Disorder,25,2020,9
WEST SPRINGS,Disorder,19,2020,10
WEST SPRINGS,Disorder,10,2020,11
WEST SPRINGS,Disorder,15,2020,12
WEST SPRINGS,Disorder,14,2021,1
WEST SPRINGS,Disorder,14,2021,2
WEST SPRINGS,Disorder,15,2021,3
WEST SPRINGS,Disorder,12,2021,4
WEST SPRINGS,Disorder,20,2021,5
WEST SPRINGS,Disorder,20,2021,6
WEST SPRINGS,Disorder,22,2021,7
WEST SPRINGS,Disorder,16,2021,8
WEST SPRINGS,Disorder,21,2021,9
WEST SPRINGS,Disorder,17,2021,10
WEST SPRINGS,Disorder,22,2021,11
WEST SPRINGS,Disorder,21,2021,12
WEST SPRINGS,Disorder,10,2022,1
WEST SPRINGS,Disorder,7,2022,2
WEST SPRINGS,Disorder,6,2022,3
WEST SPRINGS,Disorder,16,2022,4
WEST SPRINGS,Disorder,10,2022,5
WEST SPRINGS,Disorder,8,2022,6
WEST SPRINGS,Disorder,15,2022,7
WEST SPRINGS,Disorder,7,2022,8
WEST SPRINGS,Disorder,18,2022,9
WEST SPRINGS,Disorder,10,2022,10
WEST SPRINGS,Disorder,8,2022,11
WEST SPRINGS,Disorder,9,2022,12
WEST SPRINGS,Disorder,8,2023,1
WEST SPRINGS,Disorder,4,2023,2
WEST SPRINGS,Disorder,11,2023,3
WEST SPRINGS,Disorder,16,2023,4
WEST SPRINGS,Disorder,25,2023,5
WEST SPRINGS,Disorder,24,2023,6
WEST SPRINGS,Disorder,13,2023,7
WEST SPRINGS,Disorder,13,2023,8
WEST SPRINGS,Disorder,17,2023,9
WEST SPRINGS,Disorder,14,2023,10
WEST SPRINGS,Disorder,8,2023,11
WEST SPRINGS,Disorder,3,2023,12
WEST SPRINGS,Disorder,14,2024,1
WEST SPRINGS,Disorder,14,2024,2
WEST SPRINGS,Disorder,10,2024,3
WEST SPRINGS,Disorder,16,2024,4
WEST SPRINGS,Disorder,11,2024,5
WESTGATE,Disorder,9,2018,1
WESTGATE,Disorder,10,2018,2
WESTGATE,Disorder,6,2018,3
WESTGATE,Disorder,17,2018,4
WESTGATE,Disorder,12,2018,5
WESTGATE,Disorder,13,2018,6
WESTGATE,Disorder,11,2018,7
WESTGATE,Disorder,9,2018,8
WESTGATE,Disorder,14,2018,9
WESTGATE,Disorder,3,2018,10
WESTGATE,Disorder,11,2018,11
WESTGATE,Disorder,9,2018,12
WESTGATE,Disorder,9,2019,1
WESTGATE,Disorder,2,2019,2
WESTGATE,Disorder,3,2019,3
WESTGATE,Disorder,12,2019,4
WESTGATE,Disorder,16,2019,5
WESTGATE,Disorder,8,2019,6
WESTGATE,Disorder,15,2019,7
WESTGATE,Disorder,4,2019,8
WESTGATE,Disorder,7,2019,9
WESTGATE,Disorder,5,2019,10
WESTGATE,Disorder,9,2019,11
WESTGATE,Disorder,11,2019,12
WESTGATE,Disorder,3,2020,1
WESTGATE,Disorder,5,2020,2
WESTGATE,Disorder,14,2020,3
WESTGATE,Disorder,9,2020,4
WESTGATE,Disorder,23,2020,5
WESTGATE,Disorder,5,2020,6
WESTGATE,Disorder,16,2020,7
WESTGATE,Disorder,17,2020,8
WESTGATE,Disorder,11,2020,9
WESTGATE,Disorder,8,2020,10
WESTGATE,Disorder,13,2020,11
WESTGATE,Disorder,8,2020,12
WESTGATE,Disorder,11,2021,1
WESTGATE,Disorder,8,2021,2
WESTGATE,Disorder,8,2021,3
WESTGATE,Disorder,9,2021,4
WESTGATE,Disorder,7,2021,5
WESTGATE,Disorder,11,2021,6
WESTGATE,Disorder,13,2021,7
WESTGATE,Disorder,16,2021,8
WESTGATE,Disorder,15,2021,9
WESTGATE,Disorder,18,2021,10
WESTGATE,Disorder,16,2021,11
WESTGATE,Disorder,13,2021,12
WESTGATE,Disorder,8,2022,1
WESTGATE,Disorder,6,2022,2
WESTGATE,Disorder,8,2022,3
WESTGATE,Disorder,6,2022,4
WESTGATE,Disorder,10,2022,5
WESTGATE,Disorder,5,2022,6
WESTGATE,Disorder,6,2022,7
WESTGATE,Disorder,9,2022,8
WESTGATE,Disorder,10,2022,9
WESTGATE,Disorder,10,2022,10
WESTGATE,Disorder,7,2022,11
WESTGATE,Disorder,10,2022,12
WESTGATE,Disorder,5,2023,1
WESTGATE,Disorder,14,2023,2
WESTGATE,Disorder,13,2023,3
WESTGATE,Disorder,20,2023,4
WESTGATE,Disorder,12,2023,5
WESTGATE,Disorder,7,2023,6
WESTGATE,Disorder,5,2023,7
WESTGATE,Disorder,6,2023,8
WESTGATE,Disorder,10,2023,9
WESTGATE,Disorder,7,2023,10
WESTGATE,Disorder,7,2023,11
WESTGATE,Disorder,6,2023,12
WESTGATE,Disorder,6,2024,1
WESTGATE,Disorder,8,2024,2
WESTGATE,Disorder,7,2024,3
WESTGATE,Disorder,11,2024,4
WESTGATE,Disorder,8,2024,5
WESTWINDS,Disorder,42,2018,1
WESTWINDS,Disorder,54,2018,2
WESTWINDS,Disorder,49,2018,3
WESTWINDS,Disorder,63,2018,4
WESTWINDS,Disorder,63,2018,5
WESTWINDS,Disorder,68,2018,6
WESTWINDS,Disorder,52,2018,7
WESTWINDS,Disorder,55,2018,8
WESTWINDS,Disorder,71,2018,9
WESTWINDS,Disorder,57,2018,10
WESTWINDS,Disorder,88,2018,11
WESTWINDS,Disorder,48,2018,12
WESTWINDS,Disorder,38,2019,1
WESTWINDS,Disorder,38,2019,2
WESTWINDS,Disorder,43,2019,3
WESTWINDS,Disorder,53,2019,4
WESTWINDS,Disorder,52,2019,5
WESTWINDS,Disorder,32,2019,6
WESTWINDS,Disorder,48,2019,7
WESTWINDS,Disorder,54,2019,8
WESTWINDS,Disorder,37,2019,9
WESTWINDS,Disorder,63,2019,10
WESTWINDS,Disorder,31,2019,11
WESTWINDS,Disorder,38,2019,12
WESTWINDS,Disorder,40,2020,1
WESTWINDS,Disorder,43,2020,2
WESTWINDS,Disorder,51,2020,3
WESTWINDS,Disorder,38,2020,4
WESTWINDS,Disorder,40,2020,5
WESTWINDS,Disorder,48,2020,6
WESTWINDS,Disorder,55,2020,7
WESTWINDS,Disorder,46,2020,8
WESTWINDS,Disorder,39,2020,9
WESTWINDS,Disorder,50,2020,10
WESTWINDS,Disorder,51,2020,11
WESTWINDS,Disorder,45,2020,12
WESTWINDS,Disorder,44,2021,1
WESTWINDS,Disorder,34,2021,2
WESTWINDS,Disorder,48,2021,3
WESTWINDS,Disorder,52,2021,4
WESTWINDS,Disorder,39,2021,5
WESTWINDS,Disorder,83,2021,6
WESTWINDS,Disorder,57,2021,7
WESTWINDS,Disorder,45,2021,8
WESTWINDS,Disorder,51,2021,9
WESTWINDS,Disorder,49,2021,10
WESTWINDS,Disorder,44,2021,11
WESTWINDS,Disorder,28,2021,12
WESTWINDS,Disorder,45,2022,1
WESTWINDS,Disorder,37,2022,2
WESTWINDS,Disorder,41,2022,3
WESTWINDS,Disorder,44,2022,4
WESTWINDS,Disorder,47,2022,5
WESTWINDS,Disorder,38,2022,6
WESTWINDS,Disorder,50,2022,7
WESTWINDS,Disorder,53,2022,8
WESTWINDS,Disorder,41,2022,9
WESTWINDS,Disorder,33,2022,10
WESTWINDS,Disorder,53,2022,11
WESTWINDS,Disorder,43,2022,12
WESTWINDS,Disorder,68,2023,1
WESTWINDS,Disorder,37,2023,2
WESTWINDS,Disorder,54,2023,3
WESTWINDS,Disorder,50,2023,4
WESTWINDS,Disorder,44,2023,5
WESTWINDS,Disorder,70,2023,6
WESTWINDS,Disorder,54,2023,7
WESTWINDS,Disorder,50,2023,8
WESTWINDS,Disorder,34,2023,9
WESTWINDS,Disorder,37,2023,10
WESTWINDS,Disorder,37,2023,11
WESTWINDS,Disorder,25,2023,12
WESTWINDS,Disorder,34,2024,1
WESTWINDS,Disorder,35,2024,2
WESTWINDS,Disorder,35,2024,3
WESTWINDS,Disorder,33,2024,4
WESTWINDS,Disorder,40,2024,5
WHITEHORN,Disorder,51,2018,1
WHITEHORN,Disorder,46,2018,2
WHITEHORN,Disorder,74,2018,3
WHITEHORN,Disorder,60,2018,4
WHITEHORN,Disorder,59,2018,5
WHITEHORN,Disorder,78,2018,6
WHITEHORN,Disorder,87,2018,7
WHITEHORN,Disorder,78,2018,8
WHITEHORN,Disorder,60,2018,9
WHITEHORN,Disorder,58,2018,10
WHITEHORN,Disorder,51,2018,11
WHITEHORN,Disorder,44,2018,12
WHITEHORN,Disorder,57,2019,1
WHITEHORN,Disorder,30,2019,2
WHITEHORN,Disorder,66,2019,3
WHITEHORN,Disorder,69,2019,4
WHITEHORN,Disorder,77,2019,5
WHITEHORN,Disorder,71,2019,6
WHITEHORN,Disorder,76,2019,7
WHITEHORN,Disorder,89,2019,8
WHITEHORN,Disorder,61,2019,9
WHITEHORN,Disorder,61,2019,10
WHITEHORN,Disorder,46,2019,11
WHITEHORN,Disorder,41,2019,12
WHITEHORN,Disorder,43,2020,1
WHITEHORN,Disorder,46,2020,2
WHITEHORN,Disorder,46,2020,3
WHITEHORN,Disorder,56,2020,4
WHITEHORN,Disorder,63,2020,5
WHITEHORN,Disorder,60,2020,6
WHITEHORN,Disorder,67,2020,7
WHITEHORN,Disorder,82,2020,8
WHITEHORN,Disorder,61,2020,9
WHITEHORN,Disorder,47,2020,10
WHITEHORN,Disorder,39,2020,11
WHITEHORN,Disorder,35,2020,12
WHITEHORN,Disorder,49,2021,1
WHITEHORN,Disorder,41,2021,2
WHITEHORN,Disorder,61,2021,3
WHITEHORN,Disorder,68,2021,4
WHITEHORN,Disorder,66,2021,5
WHITEHORN,Disorder,57,2021,6
WHITEHORN,Disorder,56,2021,7
WHITEHORN,Disorder,71,2021,8
WHITEHORN,Disorder,54,2021,9
WHITEHORN,Disorder,47,2021,10
WHITEHORN,Disorder,33,2021,11
WHITEHORN,Disorder,39,2021,12
WHITEHORN,Disorder,46,2022,1
WHITEHORN,Disorder,45,2022,2
WHITEHORN,Disorder,56,2022,3
WHITEHORN,Disorder,48,2022,4
WHITEHORN,Disorder,50,2022,5
WHITEHORN,Disorder,59,2022,6
WHITEHORN,Disorder,58,2022,7
WHITEHORN,Disorder,66,2022,8
WHITEHORN,Disorder,51,2022,9
WHITEHORN,Disorder,39,2022,10
WHITEHORN,Disorder,27,2022,11
WHITEHORN,Disorder,42,2022,12
WHITEHORN,Disorder,48,2023,1
WHITEHORN,Disorder,47,2023,2
WHITEHORN,Disorder,38,2023,3
WHITEHORN,Disorder,52,2023,4
WHITEHORN,Disorder,58,2023,5
WHITEHORN,Disorder,56,2023,6
WHITEHORN,Disorder,58,2023,7
WHITEHORN,Disorder,44,2023,8
WHITEHORN,Disorder,49,2023,9
WHITEHORN,Disorder,39,2023,10
WHITEHORN,Disorder,41,2023,11
WHITEHORN,Disorder,30,2023,12
WHITEHORN,Disorder,25,2024,1
WHITEHORN,Disorder,32,2024,2
WHITEHORN,Disorder,31,2024,3
WHITEHORN,Disorder,51,2024,4
WHITEHORN,Disorder,50,2024,5
WILDWOOD,Disorder,5,2018,1
WILDWOOD,Disorder,7,2018,2
WILDWOOD,Disorder,4,2018,3
WILDWOOD,Disorder,4,2018,4
WILDWOOD,Disorder,3,2018,5
WILDWOOD,Disorder,5,2018,6
WILDWOOD,Disorder,17,2018,7
WILDWOOD,Disorder,17,2018,8
WILDWOOD,Disorder,6,2018,9
WILDWOOD,Disorder,6,2018,10
WILDWOOD,Disorder,4,2018,11
WILDWOOD,Disorder,7,2018,12
WILDWOOD,Disorder,3,2019,1
WILDWOOD,Disorder,3,2019,2
WILDWOOD,Disorder,5,2019,3
WILDWOOD,Disorder,6,2019,4
WILDWOOD,Disorder,12,2019,5
WILDWOOD,Disorder,6,2019,6
WILDWOOD,Disorder,17,2019,7
WILDWOOD,Disorder,17,2019,8
WILDWOOD,Disorder,12,2019,9
WILDWOOD,Disorder,3,2019,10
WILDWOOD,Disorder,6,2019,11
WILDWOOD,Disorder,2,2019,12
WILDWOOD,Disorder,7,2020,1
WILDWOOD,Disorder,6,2020,2
WILDWOOD,Disorder,4,2020,3
WILDWOOD,Disorder,24,2020,4
WILDWOOD,Disorder,7,2020,5
WILDWOOD,Disorder,10,2020,6
WILDWOOD,Disorder,11,2020,7
WILDWOOD,Disorder,6,2020,8
WILDWOOD,Disorder,9,2020,9
WILDWOOD,Disorder,3,2020,10
WILDWOOD,Disorder,5,2020,11
WILDWOOD,Disorder,10,2020,12
WILDWOOD,Disorder,9,2021,1
WILDWOOD,Disorder,6,2021,2
WILDWOOD,Disorder,3,2021,3
WILDWOOD,Disorder,8,2021,4
WILDWOOD,Disorder,8,2021,5
WILDWOOD,Disorder,15,2021,6
WILDWOOD,Disorder,10,2021,7
WILDWOOD,Disorder,12,2021,8
WILDWOOD,Disorder,11,2021,9
WILDWOOD,Disorder,8,2021,10
WILDWOOD,Disorder,7,2021,11
WILDWOOD,Disorder,6,2021,12
WILDWOOD,Disorder,6,2022,1
WILDWOOD,Disorder,2,2022,2
WILDWOOD,Disorder,8,2022,3
WILDWOOD,Disorder,6,2022,4
WILDWOOD,Disorder,8,2022,5
WILDWOOD,Disorder,8,2022,6
WILDWOOD,Disorder,15,2022,7
WILDWOOD,Disorder,8,2022,8
WILDWOOD,Disorder,7,2022,9
WILDWOOD,Disorder,7,2022,10
WILDWOOD,Disorder,5,2022,11
WILDWOOD,Disorder,4,2022,12
WILDWOOD,Disorder,4,2023,1
WILDWOOD,Disorder,8,2023,2
WILDWOOD,Disorder,5,2023,3
WILDWOOD,Disorder,6,2023,4
WILDWOOD,Disorder,8,2023,5
WILDWOOD,Disorder,5,2023,6
WILDWOOD,Disorder,7,2023,7
WILDWOOD,Disorder,6,2023,8
WILDWOOD,Disorder,13,2023,9
WILDWOOD,Disorder,8,2023,10
WILDWOOD,Disorder,8,2023,11
WILDWOOD,Disorder,10,2023,12
WILDWOOD,Disorder,2,2024,1
WILDWOOD,Disorder,2,2024,2
WILDWOOD,Disorder,7,2024,3
WILDWOOD,Disorder,1,2024,4
WILDWOOD,Disorder,9,2024,5
WILLOW PARK,Disorder,34,2018,1
WILLOW PARK,Disorder,28,2018,2
WILLOW PARK,Disorder,41,2018,3
WILLOW PARK,Disorder,28,2018,4
WILLOW PARK,Disorder,36,2018,5
WILLOW PARK,Disorder,34,2018,6
WILLOW PARK,Disorder,48,2018,7
WILLOW PARK,Disorder,52,2018,8
WILLOW PARK,Disorder,36,2018,9
WILLOW PARK,Disorder,36,2018,10
WILLOW PARK,Disorder,25,2018,11
WILLOW PARK,Disorder,24,2018,12
WILLOW PARK,Disorder,35,2019,1
WILLOW PARK,Disorder,44,2019,2
WILLOW PARK,Disorder,57,2019,3
WILLOW PARK,Disorder,30,2019,4
WILLOW PARK,Disorder,55,2019,5
WILLOW PARK,Disorder,46,2019,6
WILLOW PARK,Disorder,65,2019,7
WILLOW PARK,Disorder,46,2019,8
WILLOW PARK,Disorder,31,2019,9
WILLOW PARK,Disorder,42,2019,10
WILLOW PARK,Disorder,35,2019,11
WILLOW PARK,Disorder,33,2019,12
WILLOW PARK,Disorder,21,2020,1
WILLOW PARK,Disorder,36,2020,2
WILLOW PARK,Disorder,28,2020,3
WILLOW PARK,Disorder,26,2020,4
WILLOW PARK,Disorder,29,2020,5
WILLOW PARK,Disorder,35,2020,6
WILLOW PARK,Disorder,25,2020,7
WILLOW PARK,Disorder,18,2020,8
WILLOW PARK,Disorder,25,2020,9
WILLOW PARK,Disorder,20,2020,10
WILLOW PARK,Disorder,19,2020,11
WILLOW PARK,Disorder,19,2020,12
WILLOW PARK,Disorder,27,2021,1
WILLOW PARK,Disorder,20,2021,2
WILLOW PARK,Disorder,37,2021,3
WILLOW PARK,Disorder,24,2021,4
WILLOW PARK,Disorder,26,2021,5
WILLOW PARK,Disorder,35,2021,6
WILLOW PARK,Disorder,38,2021,7
WILLOW PARK,Disorder,31,2021,8
WILLOW PARK,Disorder,33,2021,9
WILLOW PARK,Disorder,32,2021,10
WILLOW PARK,Disorder,29,2021,11
WILLOW PARK,Disorder,39,2021,12
WILLOW PARK,Disorder,24,2022,1
WILLOW PARK,Disorder,13,2022,2
WILLOW PARK,Disorder,26,2022,3
WILLOW PARK,Disorder,23,2022,4
WILLOW PARK,Disorder,27,2022,5
WILLOW PARK,Disorder,31,2022,6
WILLOW PARK,Disorder,29,2022,7
WILLOW PARK,Disorder,31,2022,8
WILLOW PARK,Disorder,27,2022,9
WILLOW PARK,Disorder,22,2022,10
WILLOW PARK,Disorder,20,2022,11
WILLOW PARK,Disorder,22,2022,12
WILLOW PARK,Disorder,31,2023,1
WILLOW PARK,Disorder,27,2023,2
WILLOW PARK,Disorder,27,2023,3
WILLOW PARK,Disorder,29,2023,4
WILLOW PARK,Disorder,24,2023,5
WILLOW PARK,Disorder,19,2023,6
WILLOW PARK,Disorder,26,2023,7
WILLOW PARK,Disorder,52,2023,8
WILLOW PARK,Disorder,27,2023,9
WILLOW PARK,Disorder,34,2023,10
WILLOW PARK,Disorder,24,2023,11
WILLOW PARK,Disorder,30,2023,12
WILLOW PARK,Disorder,21,2024,1
WILLOW PARK,Disorder,17,2024,2
WILLOW PARK,Disorder,21,2024,3
WILLOW PARK,Disorder,20,2024,4
WILLOW PARK,Disorder,22,2024,5
WINDSOR PARK,Disorder,28,2018,1
WINDSOR PARK,Disorder,26,2018,2
WINDSOR PARK,Disorder,22,2018,3
WINDSOR PARK,Disorder,25,2018,4
WINDSOR PARK,Disorder,42,2018,5
WINDSOR PARK,Disorder,36,2018,6
WINDSOR PARK,Disorder,32,2018,7
WINDSOR PARK,Disorder,31,2018,8
WINDSOR PARK,Disorder,27,2018,9
WINDSOR PARK,Disorder,33,2018,10
WINDSOR PARK,Disorder,35,2018,11
WINDSOR PARK,Disorder,30,2018,12
WINDSOR PARK,Disorder,22,2019,1
WINDSOR PARK,Disorder,25,2019,2
WINDSOR PARK,Disorder,27,2019,3
WINDSOR PARK,Disorder,32,2019,4
WINDSOR PARK,Disorder,26,2019,5
WINDSOR PARK,Disorder,28,2019,6
WINDSOR PARK,Disorder,52,2019,7
WINDSOR PARK,Disorder,35,2019,8
WINDSOR PARK,Disorder,27,2019,9
WINDSOR PARK,Disorder,34,2019,10
WINDSOR PARK,Disorder,48,2019,11
WINDSOR PARK,Disorder,38,2019,12
WINDSOR PARK,Disorder,49,2020,1
WINDSOR PARK,Disorder,37,2020,2
WINDSOR PARK,Disorder,40,2020,3
WINDSOR PARK,Disorder,36,2020,4
WINDSOR PARK,Disorder,68,2020,5
WINDSOR PARK,Disorder,52,2020,6
WINDSOR PARK,Disorder,49,2020,7
WINDSOR PARK,Disorder,67,2020,8
WINDSOR PARK,Disorder,47,2020,9
WINDSOR PARK,Disorder,57,2020,10
WINDSOR PARK,Disorder,48,2020,11
WINDSOR PARK,Disorder,49,2020,12
WINDSOR PARK,Disorder,36,2021,1
WINDSOR PARK,Disorder,30,2021,2
WINDSOR PARK,Disorder,60,2021,3
WINDSOR PARK,Disorder,39,2021,4
WINDSOR PARK,Disorder,40,2021,5
WINDSOR PARK,Disorder,50,2021,6
WINDSOR PARK,Disorder,46,2021,7
WINDSOR PARK,Disorder,53,2021,8
WINDSOR PARK,Disorder,50,2021,9
WINDSOR PARK,Disorder,37,2021,10
WINDSOR PARK,Disorder,25,2021,11
WINDSOR PARK,Disorder,37,2021,12
WINDSOR PARK,Disorder,40,2022,1
WINDSOR PARK,Disorder,39,2022,2
WINDSOR PARK,Disorder,51,2022,3
WINDSOR PARK,Disorder,36,2022,4
WINDSOR PARK,Disorder,47,2022,5
WINDSOR PARK,Disorder,41,2022,6
WINDSOR PARK,Disorder,51,2022,7
WINDSOR PARK,Disorder,48,2022,8
WINDSOR PARK,Disorder,41,2022,9
WINDSOR PARK,Disorder,59,2022,10
WINDSOR PARK,Disorder,31,2022,11
WINDSOR PARK,Disorder,32,2022,12
WINDSOR PARK,Disorder,45,2023,1
WINDSOR PARK,Disorder,27,2023,2
WINDSOR PARK,Disorder,33,2023,3
WINDSOR PARK,Disorder,38,2023,4
WINDSOR PARK,Disorder,35,2023,5
WINDSOR PARK,Disorder,41,2023,6
WINDSOR PARK,Disorder,38,2023,7
WINDSOR PARK,Disorder,49,2023,8
WINDSOR PARK,Disorder,50,2023,9
WINDSOR PARK,Disorder,32,2023,10
WINDSOR PARK,Disorder,32,2023,11
WINDSOR PARK,Disorder,59,2023,12
WINDSOR PARK,Disorder,34,2024,1
WINDSOR PARK,Disorder,23,2024,2
WINDSOR PARK,Disorder,29,2024,3
WINDSOR PARK,Disorder,38,2024,4
WINDSOR PARK,Disorder,30,2024,5
WINSTON HEIGHTS/MOUNTVIEW,Disorder,22,2018,1
WINSTON HEIGHTS/MOUNTVIEW,Disorder,21,2018,2
WINSTON HEIGHTS/MOUNTVIEW,Disorder,27,2018,3
WINSTON HEIGHTS/MOUNTVIEW,Disorder,24,2018,4
WINSTON HEIGHTS/MOUNTVIEW,Disorder,33,2018,5
WINSTON HEIGHTS/MOUNTVIEW,Disorder,30,2018,6
WINSTON HEIGHTS/MOUNTVIEW,Disorder,47,2018,7
WINSTON HEIGHTS/MOUNTVIEW,Disorder,40,2018,8
WINSTON HEIGHTS/MOUNTVIEW,Disorder,22,2018,9
WINSTON HEIGHTS/MOUNTVIEW,Disorder,31,2018,10
WINSTON HEIGHTS/MOUNTVIEW,Disorder,28,2018,11
WINSTON HEIGHTS/MOUNTVIEW,Disorder,26,2018,12
WINSTON HEIGHTS/MOUNTVIEW,Disorder,32,2019,1
WINSTON HEIGHTS/MOUNTVIEW,Disorder,31,2019,2
WINSTON HEIGHTS/MOUNTVIEW,Disorder,26,2019,3
WINSTON HEIGHTS/MOUNTVIEW,Disorder,30,2019,4
WINSTON HEIGHTS/MOUNTVIEW,Disorder,37,2019,5
WINSTON HEIGHTS/MOUNTVIEW,Disorder,43,2019,6
WINSTON HEIGHTS/MOUNTVIEW,Disorder,34,2019,7
WINSTON HEIGHTS/MOUNTVIEW,Disorder,33,2019,8
WINSTON HEIGHTS/MOUNTVIEW,Disorder,39,2019,9
WINSTON HEIGHTS/MOUNTVIEW,Disorder,32,2019,10
WINSTON HEIGHTS/MOUNTVIEW,Disorder,35,2019,11
WINSTON HEIGHTS/MOUNTVIEW,Disorder,31,2019,12
WINSTON HEIGHTS/MOUNTVIEW,Disorder,35,2020,1
WINSTON HEIGHTS/MOUNTVIEW,Disorder,30,2020,2
WINSTON HEIGHTS/MOUNTVIEW,Disorder,18,2020,3
WINSTON HEIGHTS/MOUNTVIEW,Disorder,42,2020,4
WINSTON HEIGHTS/MOUNTVIEW,Disorder,46,2020,5
WINSTON HEIGHTS/MOUNTVIEW,Disorder,37,2020,6
WINSTON HEIGHTS/MOUNTVIEW,Disorder,36,2020,7
WINSTON HEIGHTS/MOUNTVIEW,Disorder,36,2020,8
WINSTON HEIGHTS/MOUNTVIEW,Disorder,37,2020,9
WINSTON HEIGHTS/MOUNTVIEW,Disorder,28,2020,10
WINSTON HEIGHTS/MOUNTVIEW,Disorder,31,2020,11
WINSTON HEIGHTS/MOUNTVIEW,Disorder,21,2020,12
WINSTON HEIGHTS/MOUNTVIEW,Disorder,22,2021,1
WINSTON HEIGHTS/MOUNTVIEW,Disorder,16,2021,2
WINSTON HEIGHTS/MOUNTVIEW,Disorder,30,2021,3
WINSTON HEIGHTS/MOUNTVIEW,Disorder,34,2021,4
WINSTON HEIGHTS/MOUNTVIEW,Disorder,30,2021,5
WINSTON HEIGHTS/MOUNTVIEW,Disorder,27,2021,6
WINSTON HEIGHTS/MOUNTVIEW,Disorder,49,2021,7
WINSTON HEIGHTS/MOUNTVIEW,Disorder,45,2021,8
WINSTON HEIGHTS/MOUNTVIEW,Disorder,52,2021,9
WINSTON HEIGHTS/MOUNTVIEW,Disorder,38,2021,10
WINSTON HEIGHTS/MOUNTVIEW,Disorder,17,2021,11
WINSTON HEIGHTS/MOUNTVIEW,Disorder,24,2021,12
WINSTON HEIGHTS/MOUNTVIEW,Disorder,19,2022,1
WINSTON HEIGHTS/MOUNTVIEW,Disorder,18,2022,2
WINSTON HEIGHTS/MOUNTVIEW,Disorder,21,2022,3
WINSTON HEIGHTS/MOUNTVIEW,Disorder,24,2022,4
WINSTON HEIGHTS/MOUNTVIEW,Disorder,35,2022,5
WINSTON HEIGHTS/MOUNTVIEW,Disorder,34,2022,6
WINSTON HEIGHTS/MOUNTVIEW,Disorder,26,2022,7
WINSTON HEIGHTS/MOUNTVIEW,Disorder,54,2022,8
WINSTON HEIGHTS/MOUNTVIEW,Disorder,29,2022,9
WINSTON HEIGHTS/MOUNTVIEW,Disorder,22,2022,10
WINSTON HEIGHTS/MOUNTVIEW,Disorder,18,2022,11
WINSTON HEIGHTS/MOUNTVIEW,Disorder,23,2022,12
WINSTON HEIGHTS/MOUNTVIEW,Disorder,19,2023,1
WINSTON HEIGHTS/MOUNTVIEW,Disorder,22,2023,2
WINSTON HEIGHTS/MOUNTVIEW,Disorder,20,2023,3
WINSTON HEIGHTS/MOUNTVIEW,Disorder,26,2023,4
WINSTON HEIGHTS/MOUNTVIEW,Disorder,23,2023,5
WINSTON HEIGHTS/MOUNTVIEW,Disorder,31,2023,6
WINSTON HEIGHTS/MOUNTVIEW,Disorder,23,2023,7
WINSTON HEIGHTS/MOUNTVIEW,Disorder,37,2023,8
WINSTON HEIGHTS/MOUNTVIEW,Disorder,35,2023,9
WINSTON HEIGHTS/MOUNTVIEW,Disorder,28,2023,10
WINSTON HEIGHTS/MOUNTVIEW,Disorder,16,2023,11
WINSTON HEIGHTS/MOUNTVIEW,Disorder,24,2023,12
WINSTON HEIGHTS/MOUNTVIEW,Disorder,11,2024,1
WINSTON HEIGHTS/MOUNTVIEW,Disorder,18,2024,2
WINSTON HEIGHTS/MOUNTVIEW,Disorder,9,2024,3
WINSTON HEIGHTS/MOUNTVIEW,Disorder,23,2024,4
WINSTON HEIGHTS/MOUNTVIEW,Disorder,26,2024,5
WOLF WILLOW,Disorder,1,2018,6
WOLF WILLOW,Disorder,1,2018,8
WOLF WILLOW,Disorder,1,2018,12
WOLF WILLOW,Disorder,1,2019,7
WOLF WILLOW,Disorder,1,2019,8
WOLF WILLOW,Disorder,1,2019,12
WOLF WILLOW,Disorder,1,2020,6
WOLF WILLOW,Disorder,1,2020,8
WOLF WILLOW,Disorder,1,2020,10
WOLF WILLOW,Disorder,1,2020,12
WOLF WILLOW,Disorder,1,2021,1
WOLF WILLOW,Disorder,1,2021,3
WOLF WILLOW,Disorder,1,2021,4
WOLF WILLOW,Disorder,3,2021,5
WOLF WILLOW,Disorder,5,2021,8
WOLF WILLOW,Disorder,2,2021,9
WOLF WILLOW,Disorder,4,2021,10
WOLF WILLOW,Disorder,3,2022,1
WOLF WILLOW,Disorder,4,2022,2
WOLF WILLOW,Disorder,2,2022,3
WOLF WILLOW,Disorder,3,2022,4
WOLF WILLOW,Disorder,1,2022,5
WOLF WILLOW,Disorder,2,2022,6
WOLF WILLOW,Disorder,1,2022,7
WOLF WILLOW,Disorder,2,2022,8
WOLF WILLOW,Disorder,3,2022,9
WOLF WILLOW,Disorder,3,2022,10
WOLF WILLOW,Disorder,1,2022,11
WOLF WILLOW,Disorder,1,2022,12
WOLF WILLOW,Disorder,2,2023,2
WOLF WILLOW,Disorder,4,2023,4
WOLF WILLOW,Disorder,3,2023,5
WOLF WILLOW,Disorder,2,2023,6
WOLF WILLOW,Disorder,2,2023,7
WOLF WILLOW,Disorder,2,2023,8
WOLF WILLOW,Disorder,2,2023,9
WOLF WILLOW,Disorder,1,2023,10
WOLF WILLOW,Disorder,1,2023,11
WOLF WILLOW,Disorder,2,2023,12
WOLF WILLOW,Disorder,3,2024,1
WOLF WILLOW,Disorder,3,2024,2
WOLF WILLOW,Disorder,3,2024,3
WOLF WILLOW,Disorder,3,2024,4
WOLF WILLOW,Disorder,2,2024,5
WOODBINE,Disorder,14,2018,1
WOODBINE,Disorder,13,2018,2
WOODBINE,Disorder,17,2018,3
WOODBINE,Disorder,4,2018,4
WOODBINE,Disorder,23,2018,5
WOODBINE,Disorder,21,2018,6
WOODBINE,Disorder,22,2018,7
WOODBINE,Disorder,24,2018,8
WOODBINE,Disorder,21,2018,9
WOODBINE,Disorder,14,2018,10
WOODBINE,Disorder,8,2018,11
WOODBINE,Disorder,4,2018,12
WOODBINE,Disorder,15,2019,1
WOODBINE,Disorder,9,2019,2
WOODBINE,Disorder,19,2019,3
WOODBINE,Disorder,17,2019,4
WOODBINE,Disorder,18,2019,5
WOODBINE,Disorder,19,2019,6
WOODBINE,Disorder,21,2019,7
WOODBINE,Disorder,43,2019,8
WOODBINE,Disorder,21,2019,9
WOODBINE,Disorder,12,2019,10
WOODBINE,Disorder,21,2019,11
WOODBINE,Disorder,13,2019,12
WOODBINE,Disorder,14,2020,1
WOODBINE,Disorder,18,2020,2
WOODBINE,Disorder,25,2020,3
WOODBINE,Disorder,22,2020,4
WOODBINE,Disorder,30,2020,5
WOODBINE,Disorder,30,2020,6
WOODBINE,Disorder,25,2020,7
WOODBINE,Disorder,23,2020,8
WOODBINE,Disorder,19,2020,9
WOODBINE,Disorder,20,2020,10
WOODBINE,Disorder,14,2020,11
WOODBINE,Disorder,9,2020,12
WOODBINE,Disorder,5,2021,1
WOODBINE,Disorder,3,2021,2
WOODBINE,Disorder,10,2021,3
WOODBINE,Disorder,25,2021,4
WOODBINE,Disorder,17,2021,5
WOODBINE,Disorder,16,2021,6
WOODBINE,Disorder,23,2021,7
WOODBINE,Disorder,13,2021,8
WOODBINE,Disorder,13,2021,9
WOODBINE,Disorder,13,2021,10
WOODBINE,Disorder,13,2021,11
WOODBINE,Disorder,10,2021,12
WOODBINE,Disorder,7,2022,1
WOODBINE,Disorder,10,2022,2
WOODBINE,Disorder,14,2022,3
WOODBINE,Disorder,13,2022,4
WOODBINE,Disorder,19,2022,5
WOODBINE,Disorder,16,2022,6
WOODBINE,Disorder,12,2022,7
WOODBINE,Disorder,13,2022,8
WOODBINE,Disorder,13,2022,9
WOODBINE,Disorder,12,2022,10
WOODBINE,Disorder,9,2022,11
WOODBINE,Disorder,4,2022,12
WOODBINE,Disorder,11,2023,1
WOODBINE,Disorder,8,2023,2
WOODBINE,Disorder,9,2023,3
WOODBINE,Disorder,13,2023,4
WOODBINE,Disorder,10,2023,5
WOODBINE,Disorder,15,2023,6
WOODBINE,Disorder,14,2023,7
WOODBINE,Disorder,22,2023,8
WOODBINE,Disorder,15,2023,9
WOODBINE,Disorder,8,2023,10
WOODBINE,Disorder,14,2023,11
WOODBINE,Disorder,4,2023,12
WOODBINE,Disorder,16,2024,1
WOODBINE,Disorder,11,2024,2
WOODBINE,Disorder,7,2024,3
WOODBINE,Disorder,10,2024,4
WOODBINE,Disorder,11,2024,5
WOODLANDS,Disorder,24,2018,1
WOODLANDS,Disorder,15,2018,2
WOODLANDS,Disorder,29,2018,3
WOODLANDS,Disorder,16,2018,4
WOODLANDS,Disorder,36,2018,5
WOODLANDS,Disorder,22,2018,6
WOODLANDS,Disorder,28,2018,7
WOODLANDS,Disorder,39,2018,8
WOODLANDS,Disorder,26,2018,9
WOODLANDS,Disorder,30,2018,10
WOODLANDS,Disorder,20,2018,11
WOODLANDS,Disorder,20,2018,12
WOODLANDS,Disorder,18,2019,1
WOODLANDS,Disorder,21,2019,2
WOODLANDS,Disorder,25,2019,3
WOODLANDS,Disorder,31,2019,4
WOODLANDS,Disorder,35,2019,5
WOODLANDS,Disorder,35,2019,6
WOODLANDS,Disorder,38,2019,7
WOODLANDS,Disorder,26,2019,8
WOODLANDS,Disorder,30,2019,9
WOODLANDS,Disorder,14,2019,10
WOODLANDS,Disorder,19,2019,11
WOODLANDS,Disorder,18,2019,12
WOODLANDS,Disorder,23,2020,1
WOODLANDS,Disorder,26,2020,2
WOODLANDS,Disorder,35,2020,3
WOODLANDS,Disorder,34,2020,4
WOODLANDS,Disorder,41,2020,5
WOODLANDS,Disorder,29,2020,6
WOODLANDS,Disorder,31,2020,7
WOODLANDS,Disorder,32,2020,8
WOODLANDS,Disorder,25,2020,9
WOODLANDS,Disorder,19,2020,10
WOODLANDS,Disorder,12,2020,11
WOODLANDS,Disorder,20,2020,12
WOODLANDS,Disorder,14,2021,1
WOODLANDS,Disorder,18,2021,2
WOODLANDS,Disorder,30,2021,3
WOODLANDS,Disorder,29,2021,4
WOODLANDS,Disorder,23,2021,5
WOODLANDS,Disorder,25,2021,6
WOODLANDS,Disorder,9,2021,7
WOODLANDS,Disorder,24,2021,8
WOODLANDS,Disorder,16,2021,9
WOODLANDS,Disorder,20,2021,10
WOODLANDS,Disorder,20,2021,11
WOODLANDS,Disorder,12,2021,12
WOODLANDS,Disorder,15,2022,1
WOODLANDS,Disorder,15,2022,2
WOODLANDS,Disorder,19,2022,3
WOODLANDS,Disorder,11,2022,4
WOODLANDS,Disorder,14,2022,5
WOODLANDS,Disorder,21,2022,6
WOODLANDS,Disorder,34,2022,7
WOODLANDS,Disorder,18,2022,8
WOODLANDS,Disorder,23,2022,9
WOODLANDS,Disorder,11,2022,10
WOODLANDS,Disorder,12,2022,11
WOODLANDS,Disorder,9,2022,12
WOODLANDS,Disorder,11,2023,1
WOODLANDS,Disorder,12,2023,2
WOODLANDS,Disorder,19,2023,3
WOODLANDS,Disorder,21,2023,4
WOODLANDS,Disorder,8,2023,5
WOODLANDS,Disorder,12,2023,6
WOODLANDS,Disorder,17,2023,7
WOODLANDS,Disorder,19,2023,8
WOODLANDS,Disorder,22,2023,9
WOODLANDS,Disorder,9,2023,10
WOODLANDS,Disorder,12,2023,11
WOODLANDS,Disorder,13,2023,12
WOODLANDS,Disorder,9,2024,1
WOODLANDS,Disorder,17,2024,2
WOODLANDS,Disorder,22,2024,3
WOODLANDS,Disorder,15,2024,4
WOODLANDS,Disorder,20,2024,5
YORKVILLE,Disorder,4,2020,10
YORKVILLE,Disorder,4,2020,11
YORKVILLE,Disorder,2,2020,12
YORKVILLE,Disorder,2,2021,1
YORKVILLE,Disorder,2,2021,2
YORKVILLE,Disorder,1,2021,3
YORKVILLE,Disorder,2,2021,4
YORKVILLE,Disorder,1,2021,9
YORKVILLE,Disorder,1,2021,10
YORKVILLE,Disorder,2,2021,11
YORKVILLE,Disorder,2,2021,12
YORKVILLE,Disorder,2,2022,1
YORKVILLE,Disorder,1,2022,2
YORKVILLE,Disorder,4,2022,3
YORKVILLE,Disorder,1,2022,4
YORKVILLE,Disorder,3,2022,5
YORKVILLE,Disorder,3,2022,6
YORKVILLE,Disorder,2,2022,7
YORKVILLE,Disorder,1,2022,8
YORKVILLE,Disorder,5,2022,9
YORKVILLE,Disorder,2,2022,10
YORKVILLE,Disorder,2,2022,11
YORKVILLE,Disorder,1,2022,12
YORKVILLE,Disorder,1,2023,1
YORKVILLE,Disorder,1,2023,3
YORKVILLE,Disorder,2,2023,4
YORKVILLE,Disorder,8,2023,5
YORKVILLE,Disorder,3,2023,6
YORKVILLE,Disorder,3,2023,7
YORKVILLE,Disorder,5,2023,8
YORKVILLE,Disorder,1,2023,9
YORKVILLE,Disorder,3,2023,11
YORKVILLE,Disorder,1,2023,12
YORKVILLE,Disorder,3,2024,1
YORKVILLE,Disorder,3,2024,2
YORKVILLE,Disorder,1,2024,3
YORKVILLE,Disorder,2,2024,4
YORKVILLE,Disorder,3,2024,5
SCARBORO/ SUNALTA WEST,Disorder,1,2018,1
SCARBORO/ SUNALTA WEST,Disorder,1,2018,2
SCARBORO/ SUNALTA WEST,Disorder,2,2018,3
SCARBORO/ SUNALTA WEST,Disorder,2,2018,4
SCARBORO/ SUNALTA WEST,Disorder,2,2018,5
SCARBORO/ SUNALTA WEST,Disorder,3,2018,6
SCARBORO/ SUNALTA WEST,Disorder,4,2018,7
SCARBORO/ SUNALTA WEST,Disorder,3,2018,8
SCARBORO/ SUNALTA WEST,Disorder,7,2018,9
SCARBORO/ SUNALTA WEST,Disorder,2,2018,11
SCARBORO/ SUNALTA WEST,Disorder,3,2018,12
SCARBORO/ SUNALTA WEST,Disorder,4,2019,1
SCARBORO/ SUNALTA WEST,Disorder,3,2019,2
SCARBORO/ SUNALTA WEST,Disorder,1,2019,3
SCARBORO/ SUNALTA WEST,Disorder,2,2019,4
SCARBORO/ SUNALTA WEST,Disorder,2,2019,5
SCARBORO/ SUNALTA WEST,Disorder,5,2019,6
SCARBORO/ SUNALTA WEST,Disorder,7,2019,7
SCARBORO/ SUNALTA WEST,Disorder,2,2019,8
SCARBORO/ SUNALTA WEST,Disorder,3,2019,9
SCARBORO/ SUNALTA WEST,Disorder,2,2019,10
SCARBORO/ SUNALTA WEST,Disorder,3,2019,11
SCARBORO/ SUNALTA WEST,Disorder,2,2019,12
SCARBORO/ SUNALTA WEST,Disorder,1,2020,3
SCARBORO/ SUNALTA WEST,Disorder,2,2020,4
SCARBORO/ SUNALTA WEST,Disorder,3,2020,5
SCARBORO/ SUNALTA WEST,Disorder,6,2020,6
SCARBORO/ SUNALTA WEST,Disorder,2,2020,8
SCARBORO/ SUNALTA WEST,Disorder,2,2020,9
SCARBORO/ SUNALTA WEST,Disorder,4,2020,10
SCARBORO/ SUNALTA WEST,Disorder,2,2020,11
SCARBORO/ SUNALTA WEST,Disorder,1,2020,12
SCARBORO/ SUNALTA WEST,Disorder,2,2021,2
SCARBORO/ SUNALTA WEST,Disorder,1,2021,5
SCARBORO/ SUNALTA WEST,Disorder,2,2021,6
SCARBORO/ SUNALTA WEST,Disorder,4,2021,7
SCARBORO/ SUNALTA WEST,Disorder,3,2021,8
SCARBORO/ SUNALTA WEST,Disorder,2,2021,9
SCARBORO/ SUNALTA WEST,Disorder,1,2021,10
SCARBORO/ SUNALTA WEST,Disorder,1,2022,1
SCARBORO/ SUNALTA WEST,Disorder,2,2022,3
SCARBORO/ SUNALTA WEST,Disorder,1,2022,4
SCARBORO/ SUNALTA WEST,Disorder,3,2022,6
SCARBORO/ SUNALTA WEST,Disorder,2,2022,7
SCARBORO/ SUNALTA WEST,Disorder,3,2022,8
SCARBORO/ SUNALTA WEST,Disorder,1,2022,9
SCARBORO/ SUNALTA WEST,Disorder,1,2022,10
SCARBORO/ SUNALTA WEST,Disorder,1,2022,11
SCARBORO/ SUNALTA WEST,Disorder,1,2023,2
SCARBORO/ SUNALTA WEST,Disorder,1,2023,3
SCARBORO/ SUNALTA WEST,Disorder,2,2023,5
SCARBORO/ SUNALTA WEST,Disorder,2,2023,6
SCARBORO/ SUNALTA WEST,Disorder,4,2023,7
SCARBORO/ SUNALTA WEST,Disorder,4,2023,8
SCARBORO/ SUNALTA WEST,Disorder,3,2023,9
SCARBORO/ SUNALTA WEST,Disorder,1,2023,10
SCARBORO/ SUNALTA WEST,Disorder,1,2023,11
SCARBORO/ SUNALTA WEST,Disorder,2,2023,12
SCARBORO/ SUNALTA WEST,Disorder,1,2024,2
01H CRESTMONT,Disorder,2,2018,7
01H CRESTMONT,Disorder,1,2018,9
01H CRESTMONT,Disorder,2,2018,10
01H CRESTMONT,Disorder,1,2019,3
01H CRESTMONT,Disorder,3,2019,7
01H CRESTMONT,Disorder,1,2019,8
01H CRESTMONT,Disorder,2,2019,12
01H CRESTMONT,Disorder,1,2020,2
01H CRESTMONT,Disorder,2,2020,3
01H CRESTMONT,Disorder,2,2020,5
01H CRESTMONT,Disorder,1,2020,9
01H CRESTMONT,Disorder,1,2021,6
01H,Disorder,1,2023,4
01H,Disorder,1,2023,11
01H,Disorder,1,2024,2
